ID_XLH,ADRESSE_3,ADRESSE_4
AG01010001,354 ROUTE DE SORE,40430 ARGELOUSE
AG01010002,370 ROUTE DE SORE,40430 ARGELOUSE
AG01010003,408 ROUTE DE SORE,40430 ARGELOUSE
AG01010004,416 ROUTE DE SORE,40430 ARGELOUSE
AI11010001,69 AVENUE DE BORDEAUX,40800 AIRE-SUR-L'ADOUR
AI11010002,69 BIS AVENUE DE BORDEAUX,40800 AIRE-SUR-L'ADOUR
AI11010003,71 AVENUE DE BORDEAUX,40800 AIRE-SUR-L'ADOUR
AI11010004,71 BIS AVENUE DE BORDEAUX,40800 AIRE-SUR-L'ADOUR
AI11010005,73 AVENUE DE BORDEAUX,40800 AIRE-SUR-L'ADOUR
AI11010006,73 BIS AVENUE DE BORDEAUX,40800 AIRE-SUR-L'ADOUR
AI11010007,75 AVENUE DE BORDEAUX,40800 AIRE-SUR-L'ADOUR
AI11010008,75 BIS AVENUE DE BORDEAUX,40800 AIRE-SUR-L'ADOUR
AI12010001,96 CHEMIN DE PERROT,40800 AIRE-SUR-L'ADOUR
AI12010002,114 CHEMIN DE PERROT,40800 AIRE-SUR-L'ADOUR
AI12010003,126 CHEMIN DE PERROT,40800 AIRE-SUR-L'ADOUR
AI12010004,140 CHEMIN DE PERROT,40800 AIRE-SUR-L'ADOUR
AI12010005,168 CHEMIN DE PERROT,40800 AIRE-SUR-L'ADOUR
AI12010006,170 CHEMIN DE PERROT,40800 AIRE-SUR-L'ADOUR
AI12010007,65 RUE DU SOUVENIR FRANCAIS,40800 AIRE-SUR-L'ADOUR
AI12010008,67 RUE DU SOUVENIR FRANCAIS,40800 AIRE-SUR-L'ADOUR
AI12010009,61 RUE DU SOUVENIR FRANCAIS,40800 AIRE-SUR-L'ADOUR
AI12010010,63 RUE DU SOUVENIR FRANCAIS,40800 AIRE-SUR-L'ADOUR
AI12010011,59 RUE DU SOUVENIR FRANCAIS,40800 AIRE-SUR-L'ADOUR
AI12010012,57 RUE DU SOUVENIR FRANCAIS,40800 AIRE-SUR-L'ADOUR
AI12010013,58 RUE DU SOUVENIR FRANCAIS,40800 AIRE-SUR-L'ADOUR
AI12010014,60 RUE DU SOUVENIR FRANCAIS,40800 AIRE-SUR-L'ADOUR
AI12010015,62 RUE DU SOUVENIR FRANCAIS,40800 AIRE-SUR-L'ADOUR
AI12010016,64 RUE DU SOUVENIR FRANCAIS,40800 AIRE-SUR-L'ADOUR
AI12010017,66 RUE DU SOUVENIR FRANCAIS,40800 AIRE-SUR-L'ADOUR
AI12010018,68 RUE DU SOUVENIR FRANCAIS,40800 AIRE-SUR-L'ADOUR
AI12010019,70 RUE DU SOUVENIR FRANCAIS,40800 AIRE-SUR-L'ADOUR
AI12010020,72 RUE DU SOUVENIR FRANCAIS,40800 AIRE-SUR-L'ADOUR
AI12010021,74 RUE DU SOUVENIR FRANCAIS,40800 AIRE-SUR-L'ADOUR
AI12010022,76 RUE DU SOUVENIR FRANCAIS,40800 AIRE-SUR-L'ADOUR
AI12010023,250 CHEMIN DE PERROT,40800 AIRE-SUR-L'ADOUR
AI12010024,242 CHEMIN DE PERROT,40800 AIRE-SUR-L'ADOUR
AI14010001,56 RUE DU SOUVENIR FRANCAIS,40800 AIRE-SUR-L'ADOUR
AI14010002,54 RUE DU SOUVENIR FRANCAIS,40800 AIRE-SUR-L'ADOUR
AI14010005,44 RUE DU SOUVENIR FRANCAIS,40800 AIRE-SUR-L'ADOUR
AI14010006,39 RUE DU SOUVENIR FRANCAIS,40800 AIRE-SUR-L'ADOUR
AI14010007,41 RUE DU SOUVENIR FRANCAIS,40800 AIRE-SUR-L'ADOUR
AI14010010,47 RUE DU SOUVENIR FRANCAIS,40800 AIRE-SUR-L'ADOUR
AI14010011,49 RUE DU SOUVENIR FRANCAIS,40800 AIRE-SUR-L'ADOUR
AI14010012,51 RUE DU SOUVENIR FRANCAIS,40800 AIRE-SUR-L'ADOUR
AI14010013,53 RUE DU SOUVENIR FRANCAIS,40800 AIRE-SUR-L'ADOUR
AI14010014,55 RUE DU SOUVENIR FRANCAIS,40800 AIRE-SUR-L'ADOUR
AI15010001,50 AVENUE DE BORDEAUX,40800 AIRE-SUR-L'ADOUR
AI15010002,50 BIS AVENUE DE BORDEAUX,40800 AIRE-SUR-L'ADOUR
AI15010003,52 AVENUE DE BORDEAUX,40800 AIRE-SUR-L'ADOUR
AI15010004,52 BIS AVENUE DE BORDEAUX,40800 AIRE-SUR-L'ADOUR
AI15010005,54 AVENUE DE BORDEAUX,40800 AIRE-SUR-L'ADOUR
AI15010006,54 BIS AVENUE DE BORDEAUX,40800 AIRE-SUR-L'ADOUR
AI15010007,56 AVENUE DE BORDEAUX,40800 AIRE-SUR-L'ADOUR
AI15010008,56 BIS AVENUE DE BORDEAUX,40800 AIRE-SUR-L'ADOUR
AO01010001,790 RUE GRACIAN,40990 ANGOUME
AO01010002,800 RUE GRACIAN,40990 ANGOUME
AO01010003,817 RUE GRACIAN,40990 ANGOUME
AO01010004,820 RUE GRACIAN,40990 ANGOUME
AS01010001,115 RUE DES SACULES,40110 ARENGOSSE
AS01010002,117 RUE DES SACULES,40110 ARENGOSSE
AS01010003,119 RUE DES SACULES,40110 ARENGOSSE
AS01010004,121 RUE DES SACULES,40110 ARENGOSSE
AS01010005,123 RUE DES SACULES,40110 ARENGOSSE
AS01010006,125 RUE DES SACULES,40110 ARENGOSSE
AU01010001,3 CITE PEBOS,40250 SAINT-AUBIN
AU01010002,1 CITE PEBOS,40250 SAINT-AUBIN
AU01010003,2 CITE PEBOS,40250 SAINT-AUBIN
AU01010004,10 CITE PEBOS,40250 SAINT-AUBIN
AU01010005,4 CITE PEBOS,40250 SAINT-AUBIN
AU01010006,9 CITE PEBOS,40250 SAINT-AUBIN
AU01010007,6 CITE PEBOS,40250 SAINT-AUBIN
AU01010008,7 CITE PEBOS,40250 SAINT-AUBIN
AU01010009,5 CITE PEBOS,40250 SAINT-AUBIN
AU01010010,8 CITE PEBOS,40250 SAINT-AUBIN
AX01010001,7 ALLEE DES CHENES - ARJUZANX,40110 MORCENX-LA-NOUVELLE
AX01010002,8 ALLEE DES CHENES - ARJUZANX,40110 MORCENX-LA-NOUVELLE
AX01010003,9 ALLEE DES CHENES - ARJUZANX,40110 MORCENX-LA-NOUVELLE
AZ01010001,40 PLACE ARISTIDE BRIAND,40140 AZUR
AZ02010001,51 RUE DU GNOY,40140 AZUR
AZ02010002,55 RUE DU GNOY,40140 AZUR
AZ02010003,71 RUE DU GNOY,40140 AZUR
AZ02010004,75 RUE DU GNOY,40140 AZUR
AZ02010005,85 RUE DU GNOY,40140 AZUR
AZ02010006,91 RUE DU GNOY,40140 AZUR
AZ03010001,42 ALLEE DES JARDINS,40140 AZUR
AZ03010002,50 ALLEE DES JARDINS,40140 AZUR
AZ03010003,70 ALLEE DES JARDINS,40140 AZUR
AZ03010004,76 ALLEE DES JARDINS,40140 AZUR
AZ03010005,88 ALLEE DES JARDINS,40140 AZUR
AZ03010006,94 ALLEE DES JARDINS,40140 AZUR
AZ04010001,9 RUE JULES FERRY,40140 AZUR
AZ04010002,11 RUE JULES FERRY,40140 AZUR
BD02010001,67 RUE DE HOURIE,40180 BENESSE-LES-DAX
BD02010002,69 RUE DE HOURIE,40180 BENESSE-LES-DAX
BD02010003,83 RUE DE HOURIE,40180 BENESSE-LES-DAX
BD02010004,76 RUE DE HOURIE,40180 BENESSE-LES-DAX
BD02010005,78 RUE DE HOURIE,40180 BENESSE-LES-DAX
BE01010001,122 CHEMIN DE ST VINCENT,40410 BELHADE
BE01010002,144 CHEMIN DE ST VINCENT,40410 BELHADE
BE01010003,164 CHEMIN DE ST VINCENT,40410 BELHADE
BI01010001,1 CITE GASTON A,40170 BIAS
BI01010002,2 CITE GASTON A,40170 BIAS
BI01010003,3 CITE GASTON A,40170 BIAS
BI01010004,4 CITE GASTON A,40170 BIAS
BI01010005,5 CITE GASTON A,40170 BIAS
BI01010006,6 CITE GASTON A,40170 BIAS
BI01010007,7 CITE GASTON A,40170 BIAS
BI01010008,8 CITE GASTON A,40170 BIAS
BI01010009,9 CITE GASTON A,40170 BIAS
BI01010010,10 CITE GASTON A,40170 BIAS
BI01010011,11 CITE GASTON A,40170 BIAS
BI01010012,12 CITE GASTON B,40170 BIAS
BI01010013,13 CITE GASTON B,40170 BIAS
BI01010014,14 CITE GASTON B,40170 BIAS
BI01010015,15 CITE GASTON B,40170 BIAS
BL01010001,42 LOTISSEMENT GAYOTTE HLM,40300 BELUS
BL01010002,44 LOTISSEMENT GAYOTTE HLM,40300 BELUS
BL01010003,46 LOTISSEMENT GAYOTTE HLM,40300 BELUS
BL01010004,48 LOTISSEMENT GAYOTTE HLM,40300 BELUS
BL01010005,50 LOTISSEMENT GAYOTTE HLM,40300 BELUS
BS02010007,42 RUE DU THYM,40600 BISCARROSSE
BS02010008,74 RUE DU THYM,40600 BISCARROSSE
BS02010010,98 RUE DU THYM,40600 BISCARROSSE
BS02010011,97 RUE DU THYM,40600 BISCARROSSE
BS02010014,364 AVENUE JEAN BOUIN,40600 BISCARROSSE
BS02010018,440 AVENUE JEAN BOUIN,40600 BISCARROSSE
BS03010001,7 ALLEE FRANCIS POULENC,40600 BISCARROSSE
BS03010002,21 ALLEE FRANCIS POULENC,40600 BISCARROSSE
BS03010003,25 ALLEE FRANCIS POULENC,40600 BISCARROSSE
BS03010004,43 ALLEE FRANCIS POULENC,40600 BISCARROSSE
BS03010005,48 ALLEE FRANCIS POULENC,40600 BISCARROSSE
BS03010007,4 ALLEE FRANCIS POULENC,40600 BISCARROSSE
BS04010001,1 IMPASSE DES PERDRIX,40600 BISCARROSSE
BS04010003,3 IMPASSE DES PERDRIX,40600 BISCARROSSE
BS04010004,4 IMPASSE DES PERDRIX,40600 BISCARROSSE
BS04010005,5 IMPASSE DES PERDRIX,40600 BISCARROSSE
BS04010006,6 IMPASSE DES PERDRIX,40600 BISCARROSSE
BS04010008,8 IMPASSE DES PERDRIX,40600 BISCARROSSE
BS04010010,10 IMPASSE DES PERDRIX,40600 BISCARROSSE
BS05010001,1 RUE DE LA SOLIDARITE,40600 BISCARROSSE
BS05010002,2 RUE DE LA SOLIDARITE,40600 BISCARROSSE
BS05010003,3 RUE DE LA SOLIDARITE,40600 BISCARROSSE
BS05010004,4 RUE DE LA SOLIDARITE,40600 BISCARROSSE
BS05010005,5 RUE DE LA SOLIDARITE,40600 BISCARROSSE
BS05010006,6 RUE DE LA SOLIDARITE,40600 BISCARROSSE
BS05010007,7 RUE DE LA SOLIDARITE,40600 BISCARROSSE
BS05010008,8 RUE DE LA SOLIDARITE,40600 BISCARROSSE
BS05050001,9 RUE DE LA SOLIDARITE,40600 BISCARROSSE
BS05050002,10 RUE DE LA SOLIDARITE,40600 BISCARROSSE
BS05050003,11 RUE DE LA SOLIDARITE,40600 BISCARROSSE
BS05050004,12 RUE DE LA SOLIDARITE,40600 BISCARROSSE
BS05050005,13 RUE DE LA SOLIDARITE,40600 BISCARROSSE
BS05050006,14 RUE DE LA SOLIDARITE,40600 BISCARROSSE
BS05050007,15 RUE DE LA SOLIDARITE,40600 BISCARROSSE
BS05050008,16 RUE DE LA SOLIDARITE,40600 BISCARROSSE
BS05060001,17 RUE DE LA SOLIDARITE,40600 BISCARROSSE
BS05060002,18 RUE DE LA SOLIDARITE,40600 BISCARROSSE
BS05060003,19 RUE DE LA SOLIDARITE,40600 BISCARROSSE
BS05060004,20 RUE DE LA SOLIDARITE,40600 BISCARROSSE
BS05060005,21 RUE DE LA SOLIDARITE,40600 BISCARROSSE
BS05060006,22 RUE DE LA SOLIDARITE,40600 BISCARROSSE
BS05060007,23 RUE DE LA SOLIDARITE,40600 BISCARROSSE
BS05060008,24 RUE DE LA SOLIDARITE,40600 BISCARROSSE
BS05070001,25 RUE DE LA SOLIDARITE,40600 BISCARROSSE
BS05070002,26 RUE DE LA SOLIDARITE,40600 BISCARROSSE
BS05070003,27 RUE DE LA SOLIDARITE,40600 BISCARROSSE
BS05070004,28 RUE DE LA SOLIDARITE,40600 BISCARROSSE
BS05080001,29 RUE DE LA SOLIDARITE,40600 BISCARROSSE
BS05080002,30 RUE DE LA SOLIDARITE,40600 BISCARROSSE
BS05080003,31 RUE DE LA SOLIDARITE,40600 BISCARROSSE
BS05080004,32 RUE DE LA SOLIDARITE,40600 BISCARROSSE
BS05090001,33 RUE DE LA SOLIDARITE,40600 BISCARROSSE
BS05090002,34 RUE DE LA SOLIDARITE,40600 BISCARROSSE
BS05090003,35 RUE DE LA SOLIDARITE,40600 BISCARROSSE
BS05090004,36 RUE DE LA SOLIDARITE,40600 BISCARROSSE
CB11010003,3 RUE BAS ARMAGNAC,40130 CAPBRETON
CB11010004,4 RUE BAS ARMAGNAC,40130 CAPBRETON
CB11010005,5 RUE BAS ARMAGNAC,40130 CAPBRETON
CB11010006,6 RUE BAS ARMAGNAC,40130 CAPBRETON
CB11010007,7 RUE BAS ARMAGNAC,40130 CAPBRETON
CB11010008,8 IMPASSE ROXANE,40130 CAPBRETON
CB11010010,10 RUE BAS ARMAGNAC,40130 CAPBRETON
CB11010011,11 RUE BAS ARMAGNAC,40130 CAPBRETON
CB11010016,16 IMPASSE ROXANE,40130 CAPBRETON
CB11010017,17 IMPASSE ROXANE,40130 CAPBRETON
CB11010019,19 RUE EDMOND ROSTAND,40130 CAPBRETON
CB11010020,20 IMPASSE ROXANE,40130 CAPBRETON
CB11010021,21 IMPASSE ROXANE,40130 CAPBRETON
CB11010023,23 IMPASSE ROXANE,40130 CAPBRETON
CB11010024,24 IMPASSE ROXANE,40130 CAPBRETON
CB11010025,25 RUE EDMOND ROSTAND,40130 CAPBRETON
CB11010027,27 RUE EDMOND ROSTAND,40130 CAPBRETON
CB11010028,28 RUE EDMOND ROSTAND,40130 CAPBRETON
CB11010030,30 RUE EDMOND ROSTAND,40130 CAPBRETON
CB12010001,1 RUE DE LA PEPINIERE,40130 CAPBRETON
CB12010002,2 RUE DE LA PEPINIERE,40130 CAPBRETON
CB12010003,3 RUE DE LA PEPINIERE,40130 CAPBRETON
CB12010004,4 RUE DE LA PEPINIERE,40130 CAPBRETON
CB12010005,5 RUE DE LA PEPINIERE,40130 CAPBRETON
CB12010006,6 RUE DE LA PEPINIERE,40130 CAPBRETON
CB12010007,7 RUE DE LA PEPINIERE,40130 CAPBRETON
CB12010008,8 RUE DE LA PEPINIERE,40130 CAPBRETON
CE01010002,245 IMPASSE DE L'ETANG,40090 CERE
CE01010004,453 RUE DE L'ECUREUIL,40090 CERE
CE01010005,475 RUE DE L'ECUREUIL,40090 CERE
CE02010001,31 RUE DE LA PAMPA,40090 CERE
CE02010002,33 RUE DE LA PAMPA,40090 CERE
CO01010001,33 IMPASSE DU PRESBYTERE,40210 COMMENSACQ
CO01010002,36 IMPASSE DU PRESBYTERE,40210 COMMENSACQ
CT01320052,149 RUE DES MULETIERS,40260 CASTETS
CT01320053,40 RUE DES MULETIERS,40260 CASTETS
CT01320054,52 RUE DES MULETIERS,40260 CASTETS
CT01320055,68 RUE DES MULETIERS,40260 CASTETS
CT01320056,82 RUE DES MULETIERS,40260 CASTETS
CT01320057,92 RUE DES MULETIERS,40260 CASTETS
CT01320058,106 RUE DES MULETIERS,40260 CASTETS
CT01320059,139 RUE DES MULETIERS,40260 CASTETS
CT01320060,125 RUE DES MULETIERS,40260 CASTETS
CT01320061,95 RUE DES MULETIERS,40260 CASTETS
CT01320062,91 RUE DES MULETIERS,40260 CASTETS
CT01320063,49 RUE DES MULETIERS,40260 CASTETS
CT01320064,43 RUE DES MULETIERS,40260 CASTETS
CT01320065,31 RUE DES MULETIERS,40260 CASTETS
CT01320066,21 RUE DES MULETIERS,40260 CASTETS
CT01320067,78 RUE DES GEMMEURS,40260 CASTETS
CT01320068,88 RUE DES GEMMEURS,40260 CASTETS
CT01320069,102 RUE DES GEMMEURS,40260 CASTETS
CT01320070,112 RUE DES GEMMEURS,40260 CASTETS
CT01320071,126 RUE DES GEMMEURS,40260 CASTETS
CT01320072,144 RUE DES GEMMEURS,40260 CASTETS
CT01320074,180 RUE DES GEMMEURS,40260 CASTETS
CT01320075,194 RUE DES GEMMEURS,40260 CASTETS
CT01320076,216 RUE DES GEMMEURS,40260 CASTETS
CT01320077,228 RUE DES GEMMEURS,40260 CASTETS
CT01320078,233 RUE DES GEMMEURS,40260 CASTETS
CT01320079,219 RUE DES GEMMEURS,40260 CASTETS
CT01320080,213 RUE DES GEMMEURS,40260 CASTETS
CT01320081,193 RUE DES GEMMEURS,40260 CASTETS
CT01320082,185 RUE DES GEMMEURS,40260 CASTETS
DA01580081,9 RUE CLEMENT ADER,40100 DAX
DA01580082,7 RUE CLEMENT ADER,40100 DAX
DA01580083,5 RUE CLEMENT ADER,40100 DAX
DA01580084,3 RUE CLEMENT ADER,40100 DAX
DA01580085,1 RUE CLEMENT ADER,40100 DAX
DA01580086,2 RUE HELENE BOUCHER,40100 DAX
DA01580087,4 RUE HELENE BOUCHER,40100 DAX
DA01580088,6 RUE HELENE BOUCHER,40100 DAX
DA01580089,8 RUE HELENE BOUCHER,40100 DAX
DA01580090,10 RUE HELENE BOUCHER,40100 DAX
DA01580091,12 RUE HELENE BOUCHER,40100 DAX
DA01580092,14 RUE HELENE BOUCHER,40100 DAX
DA01580093,16 RUE HELENE BOUCHER,40100 DAX
DA01580094,1 RUE DES ALOUETTES,40100 DAX
DA01580095,3 RUE DES ALOUETTES,40100 DAX
DA01580096,5 RUE DES ALOUETTES,40100 DAX
DA01580097,7 RUE DES ALOUETTES,40100 DAX
DA01580098,9 RUE DES ALOUETTES,40100 DAX
DA01580099,11 RUE DES ALOUETTES,40100 DAX
DA01580100,13 RUE DES ALOUETTES,40100 DAX
DA01580101,15 RUE DES ALOUETTES,40100 DAX
DA01580102,17 RUE DES ALOUETTES,40100 DAX
DA01580103,19 RUE DES ALOUETTES,40100 DAX
DA01580104,20 PLACE DE L'AVIATION,40100 DAX
DA01580105,18 PLACE DE L'AVIATION,40100 DAX
DA01580106,16 PLACE DE L'AVIATION,40100 DAX
DA01580107,14 PLACE DE L'AVIATION,40100 DAX
DA01580108,12 PLACE DE L'AVIATION,40100 DAX
DA01580109,10 PLACE DE L'AVIATION,40100 DAX
DA01580110,8 PLACE DE L'AVIATION,40100 DAX
DA01580111,6 PLACE DE L'AVIATION,40100 DAX
DA01580112,4 PLACE DE L'AVIATION,40100 DAX
DA01580113,2 PLACE DE L'AVIATION,40100 DAX
DA01580114,1 RUE DES AILES,40100 DAX
DA01580115,3 RUE DES AILES,40100 DAX
DA01580116,5 RUE DES AILES,40100 DAX
DA01580117,7 RUE DES AILES,40100 DAX
DA01580118,9 RUE DES AILES,40100 DAX
DA01580119,11 RUE DES AILES,40100 DAX
DA01580120,13 RUE DES AILES,40100 DAX
DA01580121,15 RUE DES AILES,40100 DAX
DA01580122,17 RUE DES AILES,40100 DAX
DA01580123,19 RUE DES AILES,40100 DAX
DA01580124,21 RUE DES AILES,40100 DAX
DA01580125,23 RUE DES AILES,40100 DAX
DA01580126,1 RUE BLERIOT,40100 DAX
DA01580127,3 RUE BLERIOT,40100 DAX
DA01580128,5 RUE BLERIOT,40100 DAX
DA01580129,7 RUE BLERIOT,40100 DAX
DA01580130,9 RUE BLERIOT,40100 DAX
DA01580131,11 RUE BLERIOT,40100 DAX
DA01580132,13 RUE BLERIOT,40100 DAX
DA01580133,15 RUE BLERIOT,40100 DAX
DA01580134,17 RUE BLERIOT,40100 DAX
DA01580135,19 RUE BLERIOT,40100 DAX
DA01580136,21 RUE BLERIOT,40100 DAX
DA01580137,23 RUE BLERIOT,40100 DAX
DA01580138,25 RUE BLERIOT,40100 DAX
DA08010007,7 RUE DE LA PERLE,40100 DAX
DA09010109,8 RUE LAMARTINE,40100 DAX
DA09010111,4 RUE LAMARTINE,40100 DAX
DA09010112,2 RUE LAMARTINE,40100 DAX
DA09010126,93 RUE DE LA CROIX BLANCHE,40100 DAX
DA09010128,97 RUE DE LA CROIX BLANCHE,40100 DAX
DA09010129,99 RUE DE LA CROIX BLANCHE,40100 DAX
DA10010001,1 RUE ALEXANDRE DUMAS,40100 DAX
DA10010002,2 RUE ALEXANDRE DUMAS,40100 DAX
DA10010003,3 RUE ALEXANDRE DUMAS,40100 DAX
DA10010004,4 RUE ALEXANDRE DUMAS,40100 DAX
DA10010005,5 RUE ALEXANDRE DUMAS,40100 DAX
DA10010006,6 RUE ALEXANDRE DUMAS,40100 DAX
DA10010007,7 RUE ALEXANDRE DUMAS,40100 DAX
DA10010008,8 RUE ALEXANDRE DUMAS,40100 DAX
DA10010009,9 RUE ALEXANDRE DUMAS,40100 DAX
DA10010010,10 RUE ALEXANDRE DUMAS,40100 DAX
DA10010011,11 RUE ALEXANDRE DUMAS,40100 DAX
DA10010012,12 RUE ALEXANDRE DUMAS,40100 DAX
DA10010013,13 RUE ALEXANDRE DUMAS,40100 DAX
DA10010014,14 RUE ALEXANDRE DUMAS,40100 DAX
DA10010015,15 RUE ALEXANDRE DUMAS,40100 DAX
DA10010016,16 RUE ALEXANDRE DUMAS,40100 DAX
DA10010017,17 RUE ALEXANDRE DUMAS,40100 DAX
DA10010018,18 RUE ALEXANDRE DUMAS,40100 DAX
DA10010019,19 RUE ALEXANDRE DUMAS,40100 DAX
DA10010020,20 RUE ALEXANDRE DUMAS,40100 DAX
DA10010021,21 RUE ALEXANDRE DUMAS,40100 DAX
DA10010022,22 RUE ALEXANDRE DUMAS,40100 DAX
DA10010023,23 RUE ALEXANDRE DUMAS,40100 DAX
DA10010024,24 RUE ALEXANDRE DUMAS,40100 DAX
DA10010025,25 RUE ALEXANDRE DUMAS,40100 DAX
DA10010026,26 RUE ALEXANDRE DUMAS,40100 DAX
DA17010001,1 RUE DES TULIPES,40100 DAX
DA17010002,2 RUE DES TULIPES,40100 DAX
DA17010003,3 RUE DES TULIPES,40100 DAX
DA17010004,4 RUE DES TULIPES,40100 DAX
DA17010005,5 RUE DES TULIPES,40100 DAX
DA17010006,6 RUE DES TULIPES,40100 DAX
DA17010007,7 RUE DES TULIPES,40100 DAX
DA17010008,8 RUE DES TULIPES,40100 DAX
DA17010009,10 RUE DES TULIPES,40100 DAX
DA17010010,12 RUE DES TULIPES,40100 DAX
DA17010011,3 RUE DES VERGNES,40100 DAX
DA17010012,5 RUE DES VERGNES,40100 DAX
DA17010013,7 RUE DES VERGNES,40100 DAX
DA17010014,8 RUE DES VERGNES,40100 DAX
DA17010015,9 RUE DES VERGNES,40100 DAX
DA17010016,10 RUE DES VERGNES,40100 DAX
DA17010017,11 RUE DES VERGNES,40100 DAX
DA17010018,12 RUE DES VERGNES,40100 DAX
DA17010019,RUE DES VERGNES,40100 DAX
DA17010020,14 RUE DES VERGNES,40100 DAX
DA17010021,15 RUE DES VERGNES,40100 DAX
DA17010022,16 RUE DES VERGNES,40100 DAX
DA17010023,17 RUE DES VERGNES,40100 DAX
DA17010024,18 RUE DES VERGNES,40100 DAX
DA17010025,19 RUE DES VERGNES,40100 DAX
DA17010026,20 RUE DES VERGNES,40100 DAX
DA17010027,21 RUE DES VERGNES,40100 DAX
DA17010028,22 RUE DES VERGNES,40100 DAX
DA17010029,24 RUE DES VERGNES,40100 DAX
DA17010030,26 RUE DES VERGNES,40100 DAX
DA17010031,28 RUE DES VERGNES,40100 DAX
DA17010032,30 RUE DES VERGNES,40100 DAX
DA17010033,32 RUE DES VERGNES,40100 DAX
DA17010034,34 RUE DES VERGNES,40100 DAX
DA17010035,32 RUE DES NARCISSES,40100 DAX
DA17010036,34 RUE DES NARCISSES,40100 DAX
DA17010037,36 RUE DES NARCISSES,40100 DAX
DA17010038,38 RUE DES NARCISSES,40100 DAX
DA17010039,1 RUE DES JONQUILLES,40100 DAX
DA17010040,3 RUE DES JONQUILLES,40100 DAX
DA17010041,5 RUE DES JONQUILLES,40100 DAX
DA17010042,7 RUE DES JONQUILLES,40100 DAX
DA17010043,9 RUE DES JONQUILLES,40100 DAX
DA17010044,11 RUE DES JONQUILLES,40100 DAX
DA17010045,13 RUE DES JONQUILLES,40100 DAX
DA17010046,15 RUE DES JONQUILLES,40100 DAX
DA17010047,17 RUE DES JONQUILLES,40100 DAX
DA17010048,19 RUE DES JONQUILLES,40100 DAX
DA17010049,21 RUE DES JONQUILLES,40100 DAX
DA17010050,23 RUE DES JONQUILLES,40100 DAX
DA18010001,18 ALLEE DES PRIMEVERES,40100 DAX
DA18010002,20 ALLEE DES PRIMEVERES,40100 DAX
DA18010003,22 ALLEE DES PRIMEVERES,40100 DAX
DA18010055,8 ALLEE DES CAMELIAS,40100 DAX
DA18010056,10 ALLEE DES CAMELIAS,40100 DAX
DA18010057,12 ALLEE DES CAMELIAS,40100 DAX
DA20010001,23 RUE MAURICE UTRILLO,40100 DAX
DA20010002,25 RUE MAURICE UTRILLO,40100 DAX
DA20010003,27 RUE MAURICE UTRILLO,40100 DAX
DA20010004,30 RUE MAURICE UTRILLO,40100 DAX
DA20010005,32 RUE MAURICE UTRILLO,40100 DAX
DA20010006,33 RUE MAURICE UTRILLO,40100 DAX
DA20010007,34 RUE MAURICE UTRILLO,40100 DAX
DA20010008,36 RUE MAURICE UTRILLO,40100 DAX
DA20010009,38 RUE MAURICE UTRILLO,40100 DAX
DA20010010,40 RUE MAURICE UTRILLO,40100 DAX
DA20010011,42 RUE MAURICE UTRILLO,40100 DAX
DA20010012,1 RUE GEORGES BRASSENS,40100 DAX
DA20010013,2 RUE GEORGES BRASSENS,40100 DAX
DA20010014,3 RUE GEORGES BRASSENS,40100 DAX
DA20010015,4 RUE GEORGES BRASSENS,40100 DAX
DA20010016,6 RUE GEORGES BRASSENS,40100 DAX
DA20010017,8 RUE GEORGES BRASSENS,40100 DAX
DA20010018,10 RUE GEORGES BRASSENS,40100 DAX
DA20010019,12 RUE GEORGES BRASSENS,40100 DAX
DA20010020,14 RUE GEORGES BRASSENS,40100 DAX
DA20010021,16 RUE GEORGES BRASSENS,40100 DAX
DA20010022,18 RUE GEORGES BRASSENS,40100 DAX
DA20010023,20 RUE GEORGES BRASSENS,40100 DAX
DA20010024,22 RUE GEORGES BRASSENS,40100 DAX
DA20010025,24 RUE GEORGES BRASSENS,40100 DAX
DA20010026,26 RUE GEORGES BRASSENS,40100 DAX
DA20010027,28 RUE GEORGES BRASSENS,40100 DAX
DA20010028,30 RUE GEORGES BRASSENS,40100 DAX
DA20010029,32 RUE GEORGES BRASSENS,40100 DAX
DA20010030,34 RUE GEORGES BRASSENS,40100 DAX
DA20010031,36 RUE GEORGES BRASSENS,40100 DAX
DA20010032,38 RUE GEORGES BRASSENS,40100 DAX
DA20010033,40 RUE GEORGES BRASSENS,40100 DAX
DA20010034,42 RUE GEORGES BRASSENS,40100 DAX
DA20020035,11 RUE MAURICE UTRILLO,40100 DAX
DA20020036,13 RUE MAURICE UTRILLO,40100 DAX
DA20020037,15 RUE MAURICE UTRILLO,40100 DAX
DA20020038,17 RUE MAURICE UTRILLO,40100 DAX
DA20020039,19 RUE MAURICE UTRILLO,40100 DAX
DA20020040,29 RUE MAURICE UTRILLO,40100 DAX
DA20020041,31 RUE MAURICE UTRILLO,40100 DAX
DA20020042,35 RUE MAURICE UTRILLO,40100 DAX
DA20020043,43 RUE PIERRE FRESNAY,40100 DAX
DA20020044,45 RUE PIERRE FRESNAY,40100 DAX
DA22010001,15 RUE SAINT EXUPERY,40100 DAX
DA22010002,13 RUE SAINT EXUPERY,40100 DAX
DA22010003,11 RUE SAINT EXUPERY,40100 DAX
DA22010004,9 RUE SAINT EXUPERY,40100 DAX
DA22010005,7 RUE SAINT EXUPERY,40100 DAX
DA22010006,5 RUE SAINT EXUPERY,40100 DAX
DA22010007,27 RUE PIERRE LATECOERE,40100 DAX
DA22010008,25 RUE PIERRE LATECOERE,40100 DAX
DA22010009,23 RUE PIERRE LATECOERE,40100 DAX
DA22010010,21 RUE PIERRE LATECOERE,40100 DAX
DA22010011,19 RUE PIERRE LATECOERE,40100 DAX
DA22020012,2 RUE DES ALOUETTES,40100 DAX
DA22020013,4 RUE DES ALOUETTES,40100 DAX
DA22020014,6 RUE DES ALOUETTES,40100 DAX
DA22020015,8 RUE DES ALOUETTES,40100 DAX
DA22020016,17 RUE PIERRE LATECOERE,40100 DAX
DA22020017,15 RUE PIERRE LATECOERE,40100 DAX
DA22020018,13 RUE PIERRE LATECOERE,40100 DAX
DA22020019,11 RUE PIERRE LATECOERE,40100 DAX
DA22020020,9 RUE PIERRE LATECOERE,40100 DAX
DA22020021,7 RUE PIERRE LATECOERE,40100 DAX
DA22020022,5 RUE PIERRE LATECOERE,40100 DAX
DA22020023,3 RUE PIERRE LATECOERE,40100 DAX
DA22020024,1 RUE PIERRE LATECOERE,40100 DAX
DA22030025,2 RUE BLERIOT,40100 DAX
DA22030026,4 RUE BLERIOT,40100 DAX
DA22030027,6 RUE BLERIOT,40100 DAX
DA22030028,8 RUE BLERIOT,40100 DAX
DA22030029,10 RUE BLERIOT,40100 DAX
DA22030030,12 RUE BLERIOT,40100 DAX
DA22030031,14 RUE BLERIOT,40100 DAX
DA22030032,16 RUE BLERIOT,40100 DAX
DA22030033,18 RUE BLERIOT,40100 DAX
DA22030034,20 RUE BLERIOT,40100 DAX
DA22030035,22 RUE BLERIOT,40100 DAX
DA22030036,24 RUE BLERIOT,40100 DAX
DA22030037,26 RUE BLERIOT,40100 DAX
DA22030038,28 RUE BLERIOT,40100 DAX
DA22030039,30 RUE BLERIOT,40100 DAX
DA25010001,21 BOULEVARD LEON LESPARRE,40100 DAX
DA25010002,23 BOULEVARD LEON LESPARRE,40100 DAX
DA25010003,25 BOULEVARD LEON LESPARRE,40100 DAX
DA25010004,27 BOULEVARD LEON LESPARRE,40100 DAX
DA25010005,29 BOULEVARD LEON LESPARRE,40100 DAX
DA25010006,31 BOULEVARD LEON LESPARRE,40100 DAX
DA25010007,2 BOULEVARD DARCET,40100 DAX
DA25010008,4 BOULEVARD DARCET,40100 DAX
DA25010009,6 BOULEVARD DARCET,40100 DAX
DA25010010,8 BOULEVARD DARCET,40100 DAX
DA25010011,10 BOULEVARD DARCET,40100 DAX
DA25010012,12 BOULEVARD DARCET,40100 DAX
DA25010013,14 RUE DE LA CITE DU GOND,40100 DAX
DA25010014,16 RUE DE LA CITE DU GOND,40100 DAX
DA25010015,18 RUE DE LA CITE DU GOND,40100 DAX
DA25010016,20 RUE DE LA CITE DU GOND,40100 DAX
DA25010017,22 RUE DE LA CITE DU GOND,40100 DAX
DA25010018,24 RUE DE LA CITE DU GOND,40100 DAX
DA25010019,1 PLACE LEON LESPPARRE,40100 DAX
DA25010020,2 PLACE LEON LESPPARRE,40100 DAX
DA25010021,3 PLACE LEON LESPPARRE,40100 DAX
DA25010022,4 PLACE LEON LESPPARRE,40100 DAX
DA25010023,5 PLACE LEON LESPPARRE,40100 DAX
DA25010024,6 PLACE LEON LESPPARRE,40100 DAX
DA25010025,7 PLACE LEON LESPPARRE,40100 DAX
DA25010026,8 PLACE LEON LESPPARRE,40100 DAX
DA25010027,9 PLACE LEON LESPPARRE,40100 DAX
DA25010028,10 PLACE LEON LESPPARRE,40100 DAX
DA25010029,12 PLACE LEON LESPPARRE,40100 DAX
DA25020030,7 BOULEVARD LEON LESPARRE,40100 DAX
DA25020031,2 BOULEVARD LEON LESPARRE,40100 DAX
DA25020032,9 BOULEVARD LEON LESPARRE,40100 DAX
DA25020033,4 BOULEVARD LEON LESPARRE,40100 DAX
DA25020034,11 BOULEVARD LEON LESPARRE,40100 DAX
DA25020035,6 BOULEVARD LEON LESPARRE,40100 DAX
DA25020036,8 BOULEVARD LEON LESPARRE,40100 DAX
DA25020037,64 BOULEVARD LEON LESPARRE,40100 DAX
DA25020038,66 BOULEVARD LEON LESPARRE,40100 DAX
DA25020039,68 BOULEVARD LEON LESPARRE,40100 DAX
DA25020040,70 BOULEVARD LEON LESPARRE,40100 DAX
DA25020041,72 BOULEVARD LEON LESPARRE,40100 DAX
DA25020042,74 BOULEVARD LEON LESPARRE,40100 DAX
DA25020043,76 BOULEVARD LEON LESPARRE,40100 DAX
DA25020044,78 BOULEVARD LEON LESPARRE,40100 DAX
DA25020045,25 RUE DES GRILLONS,40100 DAX
DA25020046,27 RUE DES GRILLONS,40100 DAX
DA25020047,29 RUE DES GRILLONS,40100 DAX
DA25020048,31 RUE DES GRILLONS,40100 DAX
DA25020049,33 RUE DES GRILLONS,40100 DAX
DA25020050,11 RUE DE LA CITE DU GOND,40100 DAX
DA25020051,13 RUE DE LA CITE DU GOND,40100 DAX
DA25020052,15 RUE DE LA CITE DU GOND,40100 DAX
DA25020053,17 RUE DE LA CITE DU GOND,40100 DAX
DA25020054,19 RUE DE LA CITE DU GOND,40100 DAX
DA25020055,21 RUE DE LA CITE DU GOND,40100 DAX
DA25020056,13 PLACE LEON LESPPARRE,40100 DAX
DA25020057,14 PLACE LEON LESPPARRE,40100 DAX
DA25020058,15 PLACE LEON LESPPARRE,40100 DAX
DA25020059,16 PLACE LEON LESPPARRE,40100 DAX
DA25020060,17 PLACE LEON LESPPARRE,40100 DAX
DA25020061,18 PLACE LEON LESPPARRE,40100 DAX
DA25020062,19 PLACE LEON LESPPARRE,40100 DAX
DA25020063,20 PLACE LEON LESPPARRE,40100 DAX
DA25020064,21 PLACE LEON LESPPARRE,40100 DAX
DA25020065,22 PLACE LEON LESPPARRE,40100 DAX
DA25030066,13 BOULEVARD LEON LESPARRE,40100 DAX
DA25030067,15 BOULEVARD LEON LESPARRE,40100 DAX
DA25030068,17 BOULEVARD LEON LESPARRE,40100 DAX
DA25030069,19 BOULEVARD LEON LESPARRE,40100 DAX
DA25030070,38 BOULEVARD LEON LESPARRE,40100 DAX
DA25030071,40 BOULEVARD LEON LESPARRE,40100 DAX
DA25030072,42 BOULEVARD LEON LESPARRE,40100 DAX
DA25030073,44 BOULEVARD LEON LESPARRE,40100 DAX
DA25030074,46 BOULEVARD LEON LESPARRE,40100 DAX
DA25030075,48 BOULEVARD LEON LESPARRE,40100 DAX
DA25030076,2 RUE DE LA CITE DU GOND,40100 DAX
DA25030077,4 RUE DE LA CITE DU GOND,40100 DAX
DA25030078,6 RUE DE LA CITE DU GOND,40100 DAX
DA25030079,8 RUE DE LA CITE DU GOND,40100 DAX
DA25030080,10 RUE DE LA CITE DU GOND,40100 DAX
DA25030081,12 RUE DE LA CITE DU GOND,40100 DAX
DA25040082,20 BOULEVARD LEON LESPARRE,40100 DAX
DA25040083,22 BOULEVARD LEON LESPARRE,40100 DAX
DA25040084,24 BOULEVARD LEON LESPARRE,40100 DAX
DA25040085,26 BOULEVARD LEON LESPARRE,40100 DAX
DA25040086,28 BOULEVARD LEON LESPARRE,40100 DAX
DA25040087,30 BOULEVARD LEON LESPARRE,40100 DAX
DA25040088,32 BOULEVARD LEON LESPARRE,40100 DAX
DA25040089,34 BOULEVARD LEON LESPARRE,40100 DAX
DA25040090,36 BOULEVARD LEON LESPARRE,40100 DAX
DA25040091,50 BOULEVARD LEON LESPARRE,40100 DAX
DA25040092,52 BOULEVARD LEON LESPARRE,40100 DAX
DA25040093,5 RUE DES GRILLONS,40100 DAX
DA25040094,7 RUE DES GRILLONS,40100 DAX
DA25040095,9 RUE DES GRILLONS,40100 DAX
DA25040096,11 RUE DES GRILLONS,40100 DAX
DA25040097,13 RUE DES GRILLONS,40100 DAX
DA25040098,15 RUE DES GRILLONS,40100 DAX
DA25040099,17 RUE DES GRILLONS,40100 DAX
DA25040100,19 RUE DES GRILLONS,40100 DAX
DA25040101,21 RUE DES GRILLONS,40100 DAX
DA25050102,10 BOULEVARD LEON LESPARRE,40100 DAX
DA25050103,12 BOULEVARD LEON LESPARRE,40100 DAX
DA25050104,14 BOULEVARD LEON LESPARRE,40100 DAX
DA25050105,16 BOULEVARD LEON LESPARRE,40100 DAX
DA25050106,18 BOULEVARD LEON LESPARRE,40100 DAX
DA25050107,54 BOULEVARD LEON LESPARRE,40100 DAX
DA25050108,56 BOULEVARD LEON LESPARRE,40100 DAX
DA25050109,58 BOULEVARD LEON LESPARRE,40100 DAX
DA25050110,60 BOULEVARD LEON LESPARRE,40100 DAX
DA25050111,62 BOULEVARD LEON LESPARRE,40100 DAX
DA25050112,23 RUE DES GRILLONS,40100 DAX
DA25050113,14 BOULEVARD DARCET,40100 DAX
DA25050114,16 BOULEVARD DARCET,40100 DAX
DA25050115,18 BOULEVARD DARCET,40100 DAX
DA25050116,1 RUE DE LA CITE DU GOND,40100 DAX
DA25050117,3 RUE DE LA CITE DU GOND,40100 DAX
DA25050118,5 RUE DE LA CITE DU GOND,40100 DAX
DA25050119,7 RUE DE LA CITE DU GOND,40100 DAX
DA25050120,9 RUE DE LA CITE DU GOND,40100 DAX
DA27010001,1 RUE DES ABEILLES,40100 DAX
DA27010002,3 RUE DES ABEILLES,40100 DAX
DA27010003,5 RUE DES ABEILLES,40100 DAX
DA27010004,7 RUE DES ABEILLES,40100 DAX
DA27010005,9 RUE DES ABEILLES,40100 DAX
DA27010006,11 RUE DES ABEILLES,40100 DAX
DA27010007,13 RUE DES ABEILLES,40100 DAX
DA27010008,15 RUE DES ABEILLES,40100 DAX
DA27010009,17 RUE DES ABEILLES,40100 DAX
DA27010010,19 RUE DES ABEILLES,40100 DAX
DA27010011,23 RUE DES ABEILLES,40100 DAX
DA27010012,21 RUE DES ABEILLES,40100 DAX
DA27010013,1 RUE DES CIGALES,40100 DAX
DA27010014,3 RUE DES CIGALES,40100 DAX
DA27010015,5 RUE DES CIGALES,40100 DAX
DA27010016,7 RUE DES CIGALES,40100 DAX
DA27010017,9 RUE DES CIGALES,40100 DAX
DA27010018,11 RUE DES CIGALES,40100 DAX
DA27010019,13 RUE DES CIGALES,40100 DAX
DA27010020,15 RUE DES CIGALES,40100 DAX
DA27010021,17 RUE DES CIGALES,40100 DAX
DA27010022,19 RUE DES CIGALES,40100 DAX
DA27010023,21 RUE DES CIGALES,40100 DAX
DA27010024,23 RUE DES CIGALES,40100 DAX
DA27010025,25 RUE DES CIGALES,40100 DAX
DA27010026,27 RUE DES CIGALES,40100 DAX
DA27010027,29 RUE DES CIGALES,40100 DAX
DA27010028,31 RUE DES CIGALES,40100 DAX
DA27010029,22 RUE DE BIARRITZ,40100 DAX
DA27010030,24 RUE DE BIARRITZ,40100 DAX
DA28010001,20 RUE CLEMENT ADER,40100 DAX
DA28010002,22 RUE CLEMENT ADER,40100 DAX
DA28010003,24 RUE CLEMENT ADER,40100 DAX
DA28010004,2 PLACE DES GAZELLES,40100 DAX
DA28010005,4 PLACE DES GAZELLES,40100 DAX
DA28010006,6 PLACE DES GAZELLES,40100 DAX
DA28010007,7 PLACE DES GAZELLES,40100 DAX
DA28010008,9 PLACE DES GAZELLES,40100 DAX
DA28010009,11 PLACE DES GAZELLES,40100 DAX
DA28010010,20 PLACE DES GAZELLES,40100 DAX
DA28010011,22 PLACE DES GAZELLES,40100 DAX
DA28010012,8 PLACE DES GAZELLES,40100 DAX
DA28010013,10 PLACE DES GAZELLES,40100 DAX
DA28010014,12 PLACE DES GAZELLES,40100 DAX
DA28010015,14 PLACE DES GAZELLES,40100 DAX
DA28010016,16 PLACE DES GAZELLES,40100 DAX
DA28010017,18 PLACE DES GAZELLES,40100 DAX
DA28010018,1 PLACE DES GAZELLES,40100 DAX
DA28010019,3 PLACE DES GAZELLES,40100 DAX
DA28010020,5 PLACE DES GAZELLES,40100 DAX
DA28020132,32 RUE BLERIOT,40100 DAX
DA28020134,34 RUE BLERIOT,40100 DAX
DA28020136,36 RUE BLERIOT,40100 DAX
DA28020138,38 RUE BLERIOT,40100 DAX
DA28020140,40 RUE BLERIOT,40100 DAX
DA28020142,42 RUE BLERIOT,40100 DAX
DA28020144,44 RUE BLERIOT,40100 DAX
DA28020146,46 RUE BLERIOT,40100 DAX
DA28020148,48 RUE BLERIOT,40100 DAX
DA28020150,50 RUE BLERIOT,40100 DAX
DA28020152,52 RUE BLERIOT,40100 DAX
DA28020154,54 RUE BLERIOT,40100 DAX
DA28020156,56 RUE BLERIOT,40100 DAX
DA28020202,2 RUE CLEMENT ADER,40100 DAX
DA28020204,4 RUE CLEMENT ADER,40100 DAX
DA28020206,6 RUE CLEMENT ADER,40100 DAX
DA28020208,8 RUE CLEMENT ADER,40100 DAX
DA28020210,10 RUE CLEMENT ADER,40100 DAX
DA28020212,12 RUE CLEMENT ADER,40100 DAX
DA28020214,14 RUE CLEMENT ADER,40100 DAX
DA28020216,16 RUE CLEMENT ADER,40100 DAX
DA28020218,18 RUE CLEMENT ADER,40100 DAX
DA28020226,26 RUE CLEMENT ADER,40100 DAX
DA28020228,28 RUE CLEMENT ADER,40100 DAX
DA28020230,30 RUE CLEMENT ADER,40100 DAX
DA28020232,32 RUE CLEMENT ADER,40100 DAX
DA28020234,34 RUE CLEMENT ADER,40100 DAX
DA28020236,36 RUE CLEMENT ADER,40100 DAX
DA28020238,38 RUE CLEMENT ADER,40100 DAX
DA28020240,40 RUE CLEMENT ADER,40100 DAX
DA39010001,26 RUE CAZADE,40100 DAX
DA50010001,102 AVENUE DES TUILERIES,40100 DAX
DA50010002,102 BIS AVENUE DES TUILERIES,40100 DAX
DA50010003,104 AVENUE DES TUILERIES,40100 DAX
DA50010004,106 AVENUE DES TUILERIES,40100 DAX
DA50010005,108 AVENUE DES TUILERIES,40100 DAX
DO01010001,65 RUE JEAN D'ARCET,40700 DOAZIT
DO01010002,67 RUE JEAN D'ARCET,40700 DOAZIT
DO01010003,69 RUE JEAN D'ARCET,40700 DOAZIT
DO01010004,71 RUE JEAN D'ARCET,40700 DOAZIT
DO01010005,261 RUE JEAN D'ARCET,40700 DOAZIT
DO01010006,259 RUE JEAN D'ARCET,40700 DOAZIT
DO01010007,257 RUE JEAN D'ARCET,40700 DOAZIT
DO01010008,255 RUE JEAN D'ARCET,40700 DOAZIT
DO01010009,253 RUE JEAN D'ARCET,40700 DOAZIT
DO01010010,251 RUE JEAN D'ARCET,40700 DOAZIT
DO01010011,249 RUE JEAN D'ARCET,40700 DOAZIT
DO01010012,247 RUE JEAN D'ARCET,40700 DOAZIT
DO01010013,147 RUE JEAN D'ARCET,40700 DOAZIT
DO01010014,141 RUE JEAN D'ARCET,40700 DOAZIT
DO01010015,196 RUE JEAN D'ARCET,40700 DOAZIT
DO01010016,206 RUE JEAN D'ARCET,40700 DOAZIT
DO01010017,212 RUE JEAN D'ARCET,40700 DOAZIT
DO01010018,220 RUE JEAN D'ARCET,40700 DOAZIT
DO01010019,222 RUE JEAN D'ARCET,40700 DOAZIT
DO01010020,226 RUE JEAN D'ARCET,40700 DOAZIT
EU01010001,29 LE CLOS DE LA BRANE,40200 SAINTE-EULALIE-EN-BORN
EU01010002,41 LE CLOS DE LA BRANE,40200 SAINTE-EULALIE-EN-BORN
EU01010003,49 LE CLOS DE LA BRANE,40200 SAINTE-EULALIE-EN-BORN
EU01010004,46 LE CLOS DE LA BRANE,40200 SAINTE-EULALIE-EN-BORN
EU02010001,54 RUE DES PALOMBES,40200 SAINTE-EULALIE-EN-BORN
EU02010002,60 RUE DES PALOMBES,40200 SAINTE-EULALIE-EN-BORN
EU02010003,92 RUE DES PALOMBES,40200 SAINTE-EULALIE-EN-BORN
EU02010004,96 RUE DES PALOMBES,40200 SAINTE-EULALIE-EN-BORN
EU02010005,104 RUE DES PALOMBES,40200 SAINTE-EULALIE-EN-BORN
EU02010006,100 RUE DES PALOMBES,40200 SAINTE-EULALIE-EN-BORN
EU02010007,101 RUE DES PALOMBES,40200 SAINTE-EULALIE-EN-BORN
EU02010008,105 RUE DES PALOMBES,40200 SAINTE-EULALIE-EN-BORN
EU02010009,93 RUE DES PALOMBES,40200 SAINTE-EULALIE-EN-BORN
EU02010010,97 RUE DES PALOMBES,40200 SAINTE-EULALIE-EN-BORN
EU03010001,171 RUE DES PALOMBES,40200 SAINTE-EULALIE-EN-BORN
EU03010002,195 RUE DES PALOMBES,40200 SAINTE-EULALIE-EN-BORN
EU03010003,197 RUE DES PALOMBES,40200 SAINTE-EULALIE-EN-BORN
EU03010004,217 RUE DES PALOMBES,40200 SAINTE-EULALIE-EN-BORN
EU03010005,172 RUE DES PALOMBES,40200 SAINTE-EULALIE-EN-BORN
EU03010006,162 RUE DES PALOMBES,40200 SAINTE-EULALIE-EN-BORN
EU03010007,156 RUE DES PALOMBES,40200 SAINTE-EULALIE-EN-BORN
EU03010008,174 RUE DES PALOMBES,40200 SAINTE-EULALIE-EN-BORN
EU03010009,164 RUE DES PALOMBES,40200 SAINTE-EULALIE-EN-BORN
EU03010010,158 RUE DES PALOMBES,40200 SAINTE-EULALIE-EN-BORN
EU03010011,142 RUE DES PALOMBES,40200 SAINTE-EULALIE-EN-BORN
EU03010012,132 RUE DES PALOMBES,40200 SAINTE-EULALIE-EN-BORN
EU03010013,126 RUE DES PALOMBES,40200 SAINTE-EULALIE-EN-BORN
EU03010014,144 RUE DES PALOMBES,40200 SAINTE-EULALIE-EN-BORN
EU03010015,134 RUE DES PALOMBES,40200 SAINTE-EULALIE-EN-BORN
EU03010016,128 RUE DES PALOMBES,40200 SAINTE-EULALIE-EN-BORN
EU04010001,151 RUE SAINT EUTROPE,40200 SAINTE-EULALIE-EN-BORN
EU04010002,153 RUE SAINT EUTROPE,40200 SAINTE-EULALIE-EN-BORN
EU04010003,155 RUE SAINT EUTROPE,40200 SAINTE-EULALIE-EN-BORN
EU04010004,157 RUE SAINT EUTROPE,40200 SAINTE-EULALIE-EN-BORN
FO01010001,45 ALLEE DOUS PINS,40190 SAINTE-FOY
FO01010002,47 ALLEE DOUS PINS,40190 SAINTE-FOY
FO01010003,51 ALLEE DOUS PINS,40190 SAINTE-FOY
FO01010004,53 ALLEE DOUS PINS,40190 SAINTE-FOY
GA01010001,11 ALLEE DES ACACIAS - GARROSSE,40110 MORCENX-LA-NOUVELLE
GA01010002,25 ALLEE DES ACACIAS - GARROSSE,40110 MORCENX-LA-NOUVELLE
GA01010003,39 ALLEE DES ACACIAS - GARROSSE,40110 MORCENX-LA-NOUVELLE
GA01010004,47 ALLEE DES ACACIAS - GARROSSE,40110 MORCENX-LA-NOUVELLE
GA01010005,48 ALLEE DES ACACIAS - GARROSSE,40110 MORCENX-LA-NOUVELLE
GA01010006,40 ALLEE DES ACACIAS - GARROSSE,40110 MORCENX-LA-NOUVELLE
GA01010007,26 ALLEE DES ACACIAS - GARROSSE,40110 MORCENX-LA-NOUVELLE
GA01010008,12 ALLEE DES ACACIAS - GARROSSE,40110 MORCENX-LA-NOUVELLE
GB01010001,18 LOT DE L'HOPITAL,40310 GABARRET
GB01010002,24 LOT DE L'HOPITAL,40310 GABARRET
GB01010003,46 LOT DE L'HOPITAL,40310 GABARRET
GB01010004,52 LOT DE L'HOPITAL,40310 GABARRET
GB01010005,19 LOT DE L'HOPITAL,40310 GABARRET
GB01010006,25 LOT DE L'HOPITAL,40310 GABARRET
GB01010007,47 LOT DE L'HOPITAL,40310 GABARRET
GB01010008,51 LOT DE L'HOPITAL,40310 GABARRET
GB02010001,89 CHEMIN DE LA LANNE,40310 GABARRET
GB02010002,75 CHEMIN DE LA LANNE,40310 GABARRET
GB02010003,61 CHEMIN DE LA LANNE,40310 GABARRET
GB03010001,8 IMPASSE DU SOUVENIR FRANCAIS,40310 GABARRET
GB03010002,12 IMPASSE DU SOUVENIR FRANCAIS,40310 GABARRET
GB03010003,20 IMPASSE DU SOUVENIR FRANCAIS,40310 GABARRET
GB03010004,38 IMPASSE DU SOUVENIR FRANCAIS,40310 GABARRET
GB03010005,42 IMPASSE DU SOUVENIR FRANCAIS,40310 GABARRET
GB03010006,60 IMPASSE DU SOUVENIR FRANCAIS,40310 GABARRET
GE02010001,1 CITE DES AUGUSTINS,40320 GEAUNE
GE02010002,2 CITE DES AUGUSTINS,40320 GEAUNE
GE02010003,3 CITE DES AUGUSTINS,40320 GEAUNE
GE02010004,4 CITE DES AUGUSTINS,40320 GEAUNE
GE02010005,5 CITE DES AUGUSTINS,40320 GEAUNE
GE02010006,6 CITE DES AUGUSTINS,40320 GEAUNE
GE02010007,7 CITE DES AUGUSTINS,40320 GEAUNE
GE02010008,8 CITE DES AUGUSTINS,40320 GEAUNE
GE02010009,9 CITE DES AUGUSTINS,40320 GEAUNE
GE02010010,10 CITE DES AUGUSTINS,40320 GEAUNE
GE02010011,11 CITE DES AUGUSTINS,40320 GEAUNE
GE02010012,12 CITE DES AUGUSTINS,40320 GEAUNE
GE02010013,13 CITE DES AUGUSTINS,40320 GEAUNE
GE02010014,14 CITE DES AUGUSTINS,40320 GEAUNE
GE02010015,15 CITE DES AUGUSTINS,40320 GEAUNE
GE02010016,16 CITE DES AUGUSTINS,40320 GEAUNE
GI01010001,214 ALLEE DU CANENCA,40090 GAILLERES
GI01010002,216 ALLEE DU CANENCA,40090 GAILLERES
GI01010003,266 ALLEE DU CANENCA,40090 GAILLERES
GI01010004,274 ALLEE DU CANENCA,40090 GAILLERES
GI01010005,286 ALLEE DU CANENCA,40090 GAILLERES
GI01010006,296 ALLEE DU CANENCA,40090 GAILLERES
GI01010007,302 ALLEE DU CANENCA,40090 GAILLERES
GI01010008,312 ALLEE DU CANENCA,40090 GAILLERES
GL01010001,51 ALLEE DE LA PLACERE,40090 GELOUX
GL01010002,71 ALLEE DE LA PLACERE,40090 GELOUX
GL01010003,70 ALLEE DE LA PLACERE,40090 GELOUX
GL01010004,50 ALLEE DE LA PLACERE,40090 GELOUX
GN01010001,177 RUE DE L'ECOLE,40420 GAREIN
GN01010003,229 RUE DE L'ECOLE,40420 GAREIN
GN01010004,231 RUE DE L'ECOLE,40420 GAREIN
GN02010001,149 CHEMIN DE CHITOTE,40420 GAREIN
GN02010002,94 CHEMIN DE CHITOTE,40420 GAREIN
GN02010003,113 CHEMIN DE CHITOTE,40420 GAREIN
GN02010004,101 CHEMIN DE CHITOTE,40420 GAREIN
GN03010001,390 CHEMIN DE LAGRAULA,40420 GAREIN
GN03010002,388 CHEMIN DE LAGRAULA,40420 GAREIN
GN03010003,346 CHEMIN DE LAGRAULA,40420 GAREIN
GN03010004,344 CHEMIN DE LAGRAULA,40420 GAREIN
GN03010005,318 CHEMIN DE LAGRAULA,40420 GAREIN
GN03010006,308 CHEMIN DE LAGRAULA,40420 GAREIN
GO01010001,14 LOT DU CLOS DU VIGNAOU,40180 GOOS
GO01010002,15 LOT DU CLOS DU VIGNAOU,40180 GOOS
GO01010003,16 LOT DU CLOS DU VIGNAOU,40180 GOOS
GO01010004,17 LOT DU CLOS DU VIGNAOU,40180 GOOS
GR03010001,2 IMPASSE DU RUISSEAU,40270 GRENADE-SUR-L'ADOUR
GR03010002,4 IMPASSE DU RUISSEAU,40270 GRENADE-SUR-L'ADOUR
GR03010003,6 IMPASSE DU RUISSEAU,40270 GRENADE-SUR-L'ADOUR
GR03010004,8 IMPASSE DU RUISSEAU,40270 GRENADE-SUR-L'ADOUR
GR03010005,1 IMPASSE DU RUISSEAU,40270 GRENADE-SUR-L'ADOUR
GR03010006,3 IMPASSE DU RUISSEAU,40270 GRENADE-SUR-L'ADOUR
GR03010007,5 IMPASSE DU RUISSEAU,40270 GRENADE-SUR-L'ADOUR
GR03010008,21 BIS AVENUE DES CASSAYRES,40270 GRENADE-SUR-L'ADOUR
GR03010009,21 AVENUE DES CASSAYRES,40270 GRENADE-SUR-L'ADOUR
GS02010001,41 RUE DES JARDINS,40160 GASTES
GS02010002,43 RUE DES JARDINS,40160 GASTES
GS02010003,45 RUE DES JARDINS,40160 GASTES
GS02010004,47 RUE DES JARDINS,40160 GASTES
HB01010001,20 IMPASSE DES BOIS,40290 HABAS
HB01010004,230 RUE DE LAHOURCADE,40290 HABAS
HB01010005,212 RUE DE LAHOURCADE,40290 HABAS
HB01010006,194 RUE DE LAHOURCADE,40290 HABAS
HB02010001,29 IMPASSE DES ROSES,40290 HABAS
HB02010003,114 RUE DE LAHOURCADE,40290 HABAS
HB02010004,144 RUE DE LAHOURCADE,40290 HABAS
HB02010005,103 RUE DE LAHOURCADE,40290 HABAS
HB02010006,67 RUE DE LAHOURCADE,40290 HABAS
HG03010001,27 RUE DU SOLEIL D'OR,40700 HAGETMAU
HG03010002,25 RUE DU SOLEIL D'OR,40700 HAGETMAU
HG03010003,23 RUE DU SOLEIL D'OR,40700 HAGETMAU
HG03010004,21 RUE DU SOLEIL D'OR,40700 HAGETMAU
HG03010005,19 RUE DU SOLEIL D'OR,40700 HAGETMAU
HG03010006,2 PORTE D'AQUITAINE,40700 HAGETMAU
HG03010007,4 PORTE D'AQUITAINE,40700 HAGETMAU
HG03010008,6 PORTE D'AQUITAINE,40700 HAGETMAU
HG03010009,1 PORTE D'AQUITAINE,40700 HAGETMAU
HG03010010,3 PORTE D'AQUITAINE,40700 HAGETMAU
HG03010011,5 PORTE D'AQUITAINE,40700 HAGETMAU
HG03010012,63 RUE DU SOLEIL D'OR,40700 HAGETMAU
HG03010013,61 RUE DU SOLEIL D'OR,40700 HAGETMAU
HG03010014,59 RUE DU SOLEIL D'OR,40700 HAGETMAU
HG03010015,57 RUE DU SOLEIL D'OR,40700 HAGETMAU
HG03010016,55 RUE DU SOLEIL D'OR,40700 HAGETMAU
HG03010017,53 RUE DU SOLEIL D'OR,40700 HAGETMAU
HG03010018,45 RUE DU SOLEIL D'OR,40700 HAGETMAU
HG03010019,43 RUE DU SOLEIL D'OR,40700 HAGETMAU
HG03010020,41 RUE DU SOLEIL D'OR,40700 HAGETMAU
HG03010021,39 RUE DU SOLEIL D'OR,40700 HAGETMAU
HG03010022,37 RUE DU SOLEIL D'OR,40700 HAGETMAU
HG03010023,35 RUE DU SOLEIL D'OR,40700 HAGETMAU
HG03010024,33 RUE DU SOLEIL D'OR,40700 HAGETMAU
HG03010025,70 RUE DU SOLEIL D'OR,40700 HAGETMAU
HG03010026,68 RUE DU SOLEIL D'OR,40700 HAGETMAU
HG03010027,66 RUE DU SOLEIL D'OR,40700 HAGETMAU
HG03010028,64 RUE DU SOLEIL D'OR,40700 HAGETMAU
HG03010029,62 RUE DU SOLEIL D'OR,40700 HAGETMAU
HG03010030,60 RUE DU SOLEIL D'OR,40700 HAGETMAU
HG04010001,21 RUE DES PYRENEES,40700 HAGETMAU
HG04010002,19 RUE DES PYRENEES,40700 HAGETMAU
HG04010003,17 RUE DES PYRENEES,40700 HAGETMAU
HG04010004,15 RUE DES PYRENEES,40700 HAGETMAU
HG04010005,13 RUE DES PYRENEES,40700 HAGETMAU
HG04010006,11 RUE DES PYRENEES,40700 HAGETMAU
HG04010007,9 RUE DES PYRENEES,40700 HAGETMAU
HG04010008,7 RUE DES PYRENEES,40700 HAGETMAU
HG04010009,5 RUE DES PYRENEES,40700 HAGETMAU
HG04010010,3 RUE DES PYRENEES,40700 HAGETMAU
HG04010011,1 RUE DES PYRENEES,40700 HAGETMAU
HG04010012,2 RUE DU SOLEIL D'OR,40700 HAGETMAU
HG04010013,4 RUE DU SOLEIL D'OR,40700 HAGETMAU
HG04010014,6 RUE DU SOLEIL D'OR,40700 HAGETMAU
HG04010015,8 RUE DU SOLEIL D'OR,40700 HAGETMAU
HG04010016,10 RUE DU SOLEIL D'OR,40700 HAGETMAU
HG04010017,12 RUE DU SOLEIL D'OR,40700 HAGETMAU
HG04010018,14 RUE DU SOLEIL D'OR,40700 HAGETMAU
HG04010019,16 RUE DU SOLEIL D'OR,40700 HAGETMAU
HG04010020,18 RUE DU SOLEIL D'OR,40700 HAGETMAU
HG04010021,20 RUE DU SOLEIL D'OR,40700 HAGETMAU
HG04010022,22 RUE DU SOLEIL D'OR,40700 HAGETMAU
HG04010023,24 RUE DU SOLEIL D'OR,40700 HAGETMAU
HG04010024,26 RUE DU SOLEIL D'OR,40700 HAGETMAU
JE01080001,60 ROUTE DES TUCS APT N°1,40230 SAINT-JEAN-DE-MARSACQ
JE01080002,60 ROUTE DES TUCS APT N°2,40230 SAINT-JEAN-DE-MARSACQ
JE01080003,60 ROUTE DES TUCS APT N°3,40230 SAINT-JEAN-DE-MARSACQ
JE01080004,60 ROUTE DES TUCS APT N°4,40230 SAINT-JEAN-DE-MARSACQ
JE01080005,60 ROUTE DES TUCS APT N°5,40230 SAINT-JEAN-DE-MARSACQ
JE01080006,60 ROUTE DES TUCS APT N°6,40230 SAINT-JEAN-DE-MARSACQ
JE01080007,60 ROUTE DES TUCS APT N°7,40230 SAINT-JEAN-DE-MARSACQ
JE01080008,60 ROUTE DES TUCS APT N°8,40230 SAINT-JEAN-DE-MARSACQ
JE02010001,15 IMPASSE DE LO CABIROU,40230 SAINT-JEAN-DE-MARSACQ
JE02010002,17 IMPASSE DE LO CABIROU,40230 SAINT-JEAN-DE-MARSACQ
JE02010003,18 IMPASSE DE LO CABIROU,40230 SAINT-JEAN-DE-MARSACQ
JE02010005,7 ROUTE DE LA PALOMA,40230 SAINT-JEAN-DE-MARSACQ
JE02010007,90 ROUTE DE L'ABELHA,40230 SAINT-JEAN-DE-MARSACQ
JE02010008,68 ROUTE DE L'ABHELA,40230 SAINT-JEAN-DE-MARSACQ
JE02010010,148 ROUTE DE LA PALOMA,40230 SAINT-JEAN-DE-MARSACQ
JE02010011,128 ROUTE DE LA PALOMA,40230 SAINT-JEAN-DE-MARSACQ
JE02010012,120 ROUTE DE LA PALOMA,40230 SAINT-JEAN-DE-MARSACQ
JE02010015,53 ROUTE DE LA PALOMA,40230 SAINT-JEAN-DE-MARSACQ
JE02010017,83 ROUTE DE LA PALOMA,40230 SAINT-JEAN-DE-MARSACQ
JE02010018,89 ROUTE DE LA PALOMA,40230 SAINT-JEAN-DE-MARSACQ
JE02010020,113 ROUTE DE LA PALOMA,40230 SAINT-JEAN-DE-MARSACQ
JE03010004,16 IMPASSE DE LO CABIROU,40230 SAINT-JEAN-DE-MARSACQ
JE03010006,13 ROUTE DE LA PALOMA,40230 SAINT-JEAN-DE-MARSACQ
JE03010013,33 ROUTE DE LA PALOMA,40230 SAINT-JEAN-DE-MARSACQ
JE03010019,107 ROUTE DE LA PALOMA,40230 SAINT-JEAN-DE-MARSACQ
JU01010001,126 RUE DES IRIS,40170 SAINT-JULIEN-EN-BORN
JU01010002,184 RUE DES IRIS,40170 SAINT-JULIEN-EN-BORN
JU01010003,212 RUE DES IRIS,40170 SAINT-JULIEN-EN-BORN
JU01010004,215 RUE DES IRIS,40170 SAINT-JULIEN-EN-BORN
JU01010005,203 RUE DES IRIS,40170 SAINT-JULIEN-EN-BORN
JU01010006,163 RUE DES IRIS,40170 SAINT-JULIEN-EN-BORN
JU01010007,145 RUE DES IRIS,40170 SAINT-JULIEN-EN-BORN
JU01010008,135 RUE DES IRIS,40170 SAINT-JULIEN-EN-BORN
LA01010001,9 LOTISSEMENT DE RIBERE,40240 LABASTIDE-D'ARMAGNAC
LA01010002,9BIS LOTISSEMENT DE RIBERE,40240 LABASTIDE-D'ARMAGNAC
LA01010003,9TER LOTISSEMENT DE RIBERE,40240 LABASTIDE-D'ARMAGNAC
LA01010004,11 LOTISSEMENT DE RIBERE,40240 LABASTIDE-D'ARMAGNAC
LA01010005,11B S LOTISSEMENT DE RIBERE,40240 LABASTIDE-D'ARMAGNAC
LB01010001,11 RUE DU 8 MAI 1945,40300 LABATUT
LB01010002,21 RUE DU 8 MAI 1945,40300 LABATUT
LB01010003,51 RUE DU 8 MAI 1945,40300 LABATUT
LB01010004,63 RUE DU 8 MAI 1945,40300 LABATUT
LB01010005,95 RUE DU 8 MAI 1945,40300 LABATUT
LB01010006,107 RUE DU 8 MAI 1945,40300 LABATUT
LB01010008,139 RUE DU 8 MAI 1945,40300 LABATUT
LB01010010,122 RUE DU 8 MAI 1945,40300 LABATUT
LB01010012,100 RUE DU 8 MAI 1945,40300 LABATUT
LB01010013,76 RUE DU 8 MAI 1945,40300 LABATUT
LB01010014,50 RUE DU 8 MAI 1945,40300 LABATUT
LB02010001,236 RUE DE LEMBEYE,40300 LABATUT
LB02010003,53 IMPASSE LEMBEYE,40300 LABATUT
LB02010004,83 IMPASSE LEMBEYE,40300 LABATUT
LB02010005,91 IMPASSE LEMBEYE,40300 LABATUT
LB02010007,136 IMPASSE LEMBEYE,40300 LABATUT
LB02010008,152 IMPASSE LEMBEYE,40300 LABATUT
LB02010009,180 IMPASSE LEMBEYE,40300 LABATUT
LB02010010,186 IMPASSE LEMBEYE,40300 LABATUT
LB02010011,206 IMPASSE LEMBEYE,40300 LABATUT
LB02010012,215 IMPASSE LEMBEYE,40300 LABATUT
LB03010001,10A RUE DU 19 MARS 1962,40300 LABATUT
LB03010002,10B RUE DU 19 MARS 1962,40300 LABATUT
LB03010003,10C RUE DU 19 MARS 1962,40300 LABATUT
LB03010004,10D RUE DU 19 MARS 1962,40300 LABATUT
LB03010005,10E RUE DU 19 MARS 1962,40300 LABATUT
LC01010001,121 ALLEE DES ERABLES,40120 LENCOUACQ
LC01010002,139 ALLEE DES ERABLES,40120 LENCOUACQ
LC01010003,161 ALLEE DES ERABLES,40120 LENCOUACQ
LC01010004,177 ALLEE DES ERABLES,40120 LENCOUACQ
LC01010005,201 ALLEE DES ERABLES,40120 LENCOUACQ
LC01010006,160 ALLEE DES ERABLES,40120 LENCOUACQ
LE01010001,246 RUE DES FEVIERS,40550 LEON
LE01010002,248 RUE DES FEVIERS,40550 LEON
LE01010003,250 RUE DES FEVIERS,40550 LEON
LE01010004,252 RUE DES FEVIERS,40550 LEON
LI01010001,130 RUE ST JEAN,40420 LABRIT
LI01010002,116 RUE SAINT JEAN,40420 LABRIT
LI01010003,60 RUE SAINT JEAN,40420 LABRIT
LI01010004,58 RUE SAINT JEAN,40420 LABRIT
LI01010005,52 RUE SAINT JEAN,40420 LABRIT
LI01010006,36 RUE SAINT JEAN,40420 LABRIT
LI01010007,32 RUE SAINT JEAN,40420 LABRIT
LI01010008,30 RUE SAINT JEAN,40420 LABRIT
LO01010001,1 HAMEAU DE FISLIES,40240 LOSSE
LO01010002,2 HAMEAU DE FISLIES,40240 LOSSE
LO01010003,3 HAMEAU DE FISLIES,40240 LOSSE
LO01010004,4 HAMEAU DE FISLIES,40240 LOSSE
LO01010005,5 HAMEAU DE FISLIES,40240 LOSSE
LO01010006,6 HAMEAU DE FISLIES,40240 LOSSE
LO01010007,7 HAMEAU DE FISLIES,40240 LOSSE
LO01010008,8 HAMEAU DE FISLIES,40240 LOSSE
LO01010009,9 HAMEAU DE FISLIES,40240 LOSSE
LO01010010,10 HAMEAU DE FISLIES,40240 LOSSE
LO01010011,11 HAMEAU DE FISLIES,40240 LOSSE
LO01010012,12 HAMEAU DE FISLIES,40240 LOSSE
LP01010001,314 RUE DES DUNES,40260 LESPERON
LP01010002,316 RUE DES DUNES,40260 LESPERON
LP01010003,51 ALLEE DES AJONCS,40260 LESPERON
LP01010004,256 RUE DES DUNES,40260 LESPERON
LP01010005,254 RUE DES DUNES,40260 LESPERON
LP01010006,56 ALLEE DES AJONCS,40260 LESPERON
LP01010007,54 ALLEE DES AJONCS,40260 LESPERON
LP01010008,226 RUE DES DUNES,40260 LESPERON
LP01010009,224 RUE DES DUNES,40260 LESPERON
LP01010010,128 RUE DES DUNES,40260 LESPERON
LP02010001,81 ALLEE DES GIROLLES,40260 LESPERON
LP02010002,79 ALLEE DES GIROLLES,40260 LESPERON
LP02010003,91 ALLEE DES GIROLLES,40260 LESPERON
LP03010001,180 RUE DES CHENES,40260 LESPERON
LP03010002,176 RUE DES CHENES,40260 LESPERON
LP03010003,170 RUE DES CHENES,40260 LESPERON
LP03010004,174 RUE DES CHENES,40260 LESPERON
LP04010001,31 ROUTE DES ASSOCIATIONS,40260 LESPERON
LP04010002,33 ROUTE DES ASSOCIATIONS,40260 LESPERON
LP04020003,35 ROUTE DES ASSOCIATIONS,40260 LESPERON
LP04020004,37 ROUTE DES ASSOCIATIONS,40260 LESPERON
LQ01010001,1 RUE DES MARRONNIERS,40465 LALUQUE
LQ01010002,2 RUE DES MARRONNIERS,40465 LALUQUE
LQ01010003,3 ALLEE DES ERABLES,40465 LALUQUE
LQ01010004,4 ALLEE DES ERABLES,40465 LALUQUE
LQ01010005,5 RUE DES MARRONNIERS,40465 LALUQUE
LQ01010006,6 RUE DES MARRONNIERS,40465 LALUQUE
LQ01010007,7 ALLEE DES ERABLES,40465 LALUQUE
LQ01010008,8 ALLEE DES ERABLES,40465 LALUQUE
LR01010001,17 IMPASSE DES GRIVES,40210 LABOUHEYRE
LR01010002,23 IMPASSE DES GRIVES,40210 LABOUHEYRE
LR01010003,31 IMPASSE DES GRIVES,40210 LABOUHEYRE
LR01010004,33 IMPASSE DES GRIVES,40210 LABOUHEYRE
LR01010005,39 IMPASSE DES GRIVES,40210 LABOUHEYRE
LR01010006,53 IMPASSE DES GRIVES,40210 LABOUHEYRE
LR01010007,56 IMPASSE DES GRIVES,40210 LABOUHEYRE
LR01010008,48 IMPASSE DES GRIVES,40210 LABOUHEYRE
LR01010009,331 RUE DES PALOMBES,40210 LABOUHEYRE
LR01010010,351 RUE DES PALOMBES,40210 LABOUHEYRE
LR01010011,381 RUE DES PALOMBES,40210 LABOUHEYRE
LR01010012,387 RUE DES PALOMBES,40210 LABOUHEYRE
LR01010013,399 RUE DES PALOMBES,40210 LABOUHEYRE
LR01010014,27 IMPASSE DES VANNEAUX,40210 LABOUHEYRE
LR01010015,43 IMPASSE DES VANNEAUX,40210 LABOUHEYRE
LR01010016,42 IMPASSE DES VANNEAUX,40210 LABOUHEYRE
LR01010017,26 IMPASSE DES VANNEAUX,40210 LABOUHEYRE
LR01010018,20 IMPASSE DES VANNEAUX,40210 LABOUHEYRE
LR01010019,102 IMPASSE DES ALOUETTES,40210 LABOUHEYRE
LR01010020,94 IMPASSE DES ALOUETTES,40210 LABOUHEYRE
LR01010021,92 IMPASSE DES ALOUETTES,40210 LABOUHEYRE
LR01010022,88 IMPASSE DES ALOUETTES,40210 LABOUHEYRE
LR01010023,84 IMPASSE DES ALOUETTES,40210 LABOUHEYRE
LR01010024,72 IMPASSE DES ALOUETTES,40210 LABOUHEYRE
LR01010025,60 IMPASSE DES ALOUETTES,40210 LABOUHEYRE
LR01010026,54 IMPASSE DES ALOUETTES,40210 LABOUHEYRE
LR01010027,50 IMPASSE DES ALOUETTES,40210 LABOUHEYRE
LR01010028,40 IMPASSE DES ALOUETTES,40210 LABOUHEYRE
LR01010029,26 IMPASSE DES ALOUETTES,40210 LABOUHEYRE
LR01010030,18 IMPASSE DES ALOUETTES,40210 LABOUHEYRE
LR01010031,80 IMPASSE DES RAMIERS,40210 LABOUHEYRE
LR01010032,78 IMPASSE DES RAMIERS,40210 LABOUHEYRE
LR01010033,72 IMPASSE DES RAMIERS,40210 LABOUHEYRE
LR01010034,70 IMPASSE DES RAMIERS,40210 LABOUHEYRE
LR01010035,56 IMPASSE DES RAMIERS,40210 LABOUHEYRE
LR01010036,50 IMPASSE DES RAMIERS,40210 LABOUHEYRE
LR01010037,48 IMPASSE DES RAMIERS,40210 LABOUHEYRE
LR01010038,44 IMPASSE DES RAMIERS,40210 LABOUHEYRE
LR01010039,28 IMPASSE DES RAMIERS,40210 LABOUHEYRE
LR01010040,20 IMPASSE DES RAMIERS,40210 LABOUHEYRE
LR03010001,1557 RUE DE LA GRANDE LANDE,40210 LABOUHEYRE
LR03010002,1551 RUE DE LA GRANDE LANDE,40210 LABOUHEYRE
LR03010003,1529 RUE DE LA GRANDE LANDE,40210 LABOUHEYRE
LR03010004,1525 RUE DE LA GRANDE LANDE,40210 LABOUHEYRE
LR03010005,26 RUE PIERRE DE COUBERTIN,40210 LABOUHEYRE
LR03010006,32 RUE PIERRE DE COUBERTIN,40210 LABOUHEYRE
LR03010007,52 RUE PIERRE DE COUBERTIN,40210 LABOUHEYRE
LR03010008,56 RUE PIERRE DE COUBERTIN,40210 LABOUHEYRE
LR03010009,126 RUE PIERRE DE COUBERTIN,40210 LABOUHEYRE
LR03010010,132 RUE PIERRE DE COUBERTIN,40210 LABOUHEYRE
LR03010011,152 RUE PIERRE DE COUBERTIN,40210 LABOUHEYRE
LR03010012,156 RUE PIERRE DE COUBERTIN,40210 LABOUHEYRE
LR03010014,137 RUE PIERRE DE COUBERTIN,40210 LABOUHEYRE
LR03010015,117 RUE PIERRE DE COUBERTIN,40210 LABOUHEYRE
LR03010016,107 RUE PIERRE DE COUBERTIN,40210 LABOUHEYRE
LR03010017,18 IMPASSE ROLAND GARROS,40210 LABOUHEYRE
LR03010018,26 IMPASSE ROLAND GARROS,40210 LABOUHEYRE
LR03010019,44 IMPASSE ROLAND GARROS,40210 LABOUHEYRE
LR03010020,50 IMPASSE ROLAND GARROS,40210 LABOUHEYRE
LR03010021,64 RUE LEO LAGRANGE,40210 LABOUHEYRE
LR03010022,74 RUE LEO LAGRANGE,40210 LABOUHEYRE
LR03010023,94 RUE LEO LAGRANGE,40210 LABOUHEYRE
LR03010024,100 RUE LEO LAGRANGE,40210 LABOUHEYRE
LR03010025,115 RUE LEO LAGRANGE,40210 LABOUHEYRE
LR03010026,105 RUE LEO LAGRANGE,40210 LABOUHEYRE
LR03010027,89 RUE LEO LAGRANGE,40210 LABOUHEYRE
LR03010028,79 RUE LEO LAGRANGE,40210 LABOUHEYRE
LR03010029,47 RUE LEO LAGRANGE,40210 LABOUHEYRE
LR03010030,41 RUE LEO LAGRANGE,40210 LABOUHEYRE
LR03010031,21 RUE LEO LAGRANGE,40210 LABOUHEYRE
LR03010032,15 RUE LEO LAGRANGE,40210 LABOUHEYRE
LR03010033,1449 RUE DE LA GRANDE LANDE,40210 LABOUHEYRE
LR03010034,1445 RUE DE LA GRANDE LANDE,40210 LABOUHEYRE
LR03010035,1425 RUE DE LA GRANDE LANDE,40210 LABOUHEYRE
LR03010036,1419 RUE DE LA GRANDE LANDE,40210 LABOUHEYRE
LR03010037,1387 RUE DE LA GRANDE LANDE,40210 LABOUHEYRE
LR03010038,1383 RUE DE LA GRANDE LANDE,40210 LABOUHEYRE
LR03010039,1361 RUE DE LA GRANDE LANDE,40210 LABOUHEYRE
LR03010040,1357 RUE DE LA GRANDE LANDE,40210 LABOUHEYRE
LR04010001,43 IMPASSE CHARLES DESPIAU,40210 LABOUHEYRE
LR04010002,45 IMPASSE CHARLES DESPIAU,40210 LABOUHEYRE
LR04010003,53 IMPASSE CHARLES DESPIAU,40210 LABOUHEYRE
LR04010004,55 IMPASSE CHARLES DESPIAU,40210 LABOUHEYRE
LR04010005,57 IMPASSE CHARLES DESPIAU,40210 LABOUHEYRE
LR04010006,52 IMPASSE CHARLES DESPIAU,40210 LABOUHEYRE
LR04010007,50 IMPASSE CHARLES DESPIAU,40210 LABOUHEYRE
LR04010008,46 IMPASSE CHARLES DESPIAU,40210 LABOUHEYRE
LR04010009,24 IMPASSE CHARLES DESPIAU,40210 LABOUHEYRE
LR04010010,22 IMPASSE CHARLES DESPIAU,40210 LABOUHEYRE
LR04010011,150 RUE GUIRAUTON,40210 LABOUHEYRE
LR04010012,148 RUE GUIRAUTON,40210 LABOUHEYRE
LR04010013,146 RUE GUIRAUTON,40210 LABOUHEYRE
LR04010014,144 RUE GUIRAUTON,40210 LABOUHEYRE
LR04010015,128 RUE GUIRAUTON,40210 LABOUHEYRE
LR04010016,126 RUE GUIRAUTON,40210 LABOUHEYRE
LR04010017,124 RUE GUIRAUTON,40210 LABOUHEYRE
LR04010018,122 RUE GUIRAUTON,40210 LABOUHEYRE
LR05010001,76 RUE DE LA GUILLAUMATTE,40210 LABOUHEYRE
LR05010002,62 RUE DE LA GUILLAUMATTE,40210 LABOUHEYRE
LR05010003,16 IMPASSE DE LA GUILLAUMATTE,40210 LABOUHEYRE
LR05010004,34 IMPASSE DE LA GUILLAUMATTE,40210 LABOUHEYRE
LR05010005,44 IMPASSE DE LA GUILLAUMATTE,40210 LABOUHEYRE
LR05010006,52 IMPASSE DE LA GUILLAUMATTE,40210 LABOUHEYRE
LR05010007,54 IMPASSE DE LA GUILLAUMATTE,40210 LABOUHEYRE
LR05010008,58 IMPASSE DE LA GUILLAUMATTE,40210 LABOUHEYRE
LR05010009,60 IMPASSE DE LA GUILLAUMATTE,40210 LABOUHEYRE
LR05010010,72 IMPASSE DE LA GUILLAUMATTE,40210 LABOUHEYRE
LR05010011,119 IMPASSE DE LA GUILLAUMATTE,40210 LABOUHEYRE
LR05010012,111 IMPASSE DE LA GUILLAUMATTE,40210 LABOUHEYRE
LR05010013,101 IMPASSE DE LA GUILLAUMATTE,40210 LABOUHEYRE
LR05010014,95 IMPASSE DE LA GUILLAUMATTE,40210 LABOUHEYRE
LR05010015,77 IMPASSE DE LA GUILLAUMATTE,40210 LABOUHEYRE
LR05010016,61 IMPASSE DE LA GUILLAUMATTE,40210 LABOUHEYRE
LR07010001,196 RUE DES CHEVREUILS,40210 LABOUHEYRE
LR07010002,176 RUE DES CHEVREUILS,40210 LABOUHEYRE
LR07010003,170 RUE DES CHEVREUILS,40210 LABOUHEYRE
LR07010004,152 RUE DES CHEVREUILS,40210 LABOUHEYRE
LR07010005,61 RUE DU CERF,40210 LABOUHEYRE
LR07010006,51 RUE DU CERF,40210 LABOUHEYRE
LR07010007,39 RUE DU CERF,40210 LABOUHEYRE
LR07010008,23 RUE DU CERF,40210 LABOUHEYRE
LR08010001,47 RUE DU PIN FRANC,40210 LABOUHEYRE
LR08010002,49 RUE DU PIN FRANC,40210 LABOUHEYRE
LR08010003,59 RUE JEAN CHARLES DE BORDA,40210 LABOUHEYRE
LR08010004,279 RUE JEAN D'ARCET,40210 LABOUHEYRE
LR08010005,287 RUE JEAN D'ARCET,40210 LABOUHEYRE
LR08010006,233 RUE DU PIN FRANC,40210 LABOUHEYRE
LR08010007,243 RUE DU PIN FRANC,40210 LABOUHEYRE
LR08010008,114 RUE FERDINAND BERNEDE,40210 LABOUHEYRE
LR09010001,288 RUE DES MAGNOLIAS,40210 LABOUHEYRE
LR09010002,282 RUE DES MAGNOLIAS,40210 LABOUHEYRE
LR09010003,286 RUE DES MAGNOLIAS,40210 LABOUHEYRE
LR09010004,284 RUE DES MAGNOLIAS,40210 LABOUHEYRE
LR10010001,223 RUE DES MARCASSINS,40210 LABOUHEYRE
LR10010002,225 RUE DES MARCASSINS,40210 LABOUHEYRE
LR10010003,227 RUE DES MARCASSINS,40210 LABOUHEYRE
LR10010004,229 RUE DES MARCASSINS,40210 LABOUHEYRE
LR10020005,46 RUE DES FURETS,40210 LABOUHEYRE
LR10020006,44 RUE DES FURETS,40210 LABOUHEYRE
LR10020007,42 RUE DES FURETS,40210 LABOUHEYRE
LR10020008,40 RUE DES FURETS,40210 LABOUHEYRE
LR11010001,142 RUE DES FURETS,40210 LABOUHEYRE
LS01010001,21 ALLEE DES CHENES,40420 LE SEN
LS01010002,47 ALLEE DES CHENES,40420 LE SEN
LS01010003,46 ALLEE DES CHENES,40420 LE SEN
LS01010004,16 ALLEE DES CHENES,40420 LE SEN
LS02010001,73 ALLEE DES CHENES,40420 LE SEN
LS02010002,93 ALLEE DES CHENES,40420 LE SEN
LS02010003,99 ALLEE DES CHENES,40420 LE SEN
LS02010004,105 ALLEE DES CHENES,40420 LE SEN
LS02010005,107 ALLEE DES CHENES,40420 LE SEN
LT01010001,8 RUE DES ALBIZZIAS,40410 LIPOSTHEY
LT01010002,12 RUE DES ALBIZZIAS,40410 LIPOSTHEY
LT01010003,38 RUE DES ALBIZZIAS,40410 LIPOSTHEY
LT01010004,42 RUE DES ALBIZZIAS,40410 LIPOSTHEY
LT01010005,64 RUE DES ALBIZZIAS,40410 LIPOSTHEY
LT01010006,68 RUE DES ALBIZZIAS,40410 LIPOSTHEY
LT02010001,19 PLACE DES HIRONDELLES,40410 LIPOSTHEY
LT02010002,29 PLACE DES HIRONDELLES,40410 LIPOSTHEY
LT02010003,31 PLACE DES HIRONDELLES,40410 LIPOSTHEY
LT02010004,32 PLACE DES HIRONDELLES,40410 LIPOSTHEY
LT02010005,30 PLACE DES HIRONDELLES,40410 LIPOSTHEY
LU01010003,3 PLACE DU DOCTEUR HARRIBEY,40210 LUE
LU01010004,4 PLACE DU DOCTEUR HARRIBEY,40210 LUE
LX01010002,18 ROND POINT DES ECUREUILS,40260 LINXE
LX01010003,16 ROND POINT DES ECUREUILS,40260 LINXE
LX01010004,14 ROND POINT DES ECUREUILS,40260 LINXE
LX01010005,12 ROND POINT DES ECUREUILS,40260 LINXE
LX01010006,10 ROND POINT DES ECUREUILS,40260 LINXE
LX01010008,6 ROND POINT DES ECUREUILS,40260 LINXE
LX01010009,4 ROND POINT DES ECUREUILS,40260 LINXE
LX01010010,2 ROND POINT DES ECUREUILS,40260 LINXE
LX02010001,1 CITE ALEXIS LALOI,40260 LINXE
LX02010002,3 CITE ALEXIS LALOI,40260 LINXE
LX02010003,5 CITE ALEXIS LALOI,40260 LINXE
LX02010004,7 CITE ALEXIS LALOI,40260 LINXE
LX02010005,9 CITE ALEXIS LALOI,40260 LINXE
LX02010006,11 CITE ALEXIS LALOI,40260 LINXE
LX03010001,20 RUE DES MORILLES,40260 LINXE
LX03010002,24 RUE DES MORILLES,40260 LINXE
LX03010003,22 RUE DES MORILLES,40260 LINXE
LX03010004,26 RUE DES MORILLES,40260 LINXE
LX03010005,16 RUE DES MORILLES,40260 LINXE
LX03010006,12 RUE DES MORILLES,40260 LINXE
LX03010007,18 RUE DES MORILLES,40260 LINXE
LX03010008,14 RUE DES MORILLES,40260 LINXE
LX04010001,2D RUE DE LA PALINETA,40260 LINXE
LX04010002,2C RUE DE LA PALINETA,40260 LINXE
LX04010003,2B RUE DE LA PALINETA,40260 LINXE
LX04010004,2A RUE DE LA PALINETA,40260 LINXE
LX04010005,1 IMPASSE DEU BARCO,40260 LINXE
LX04010006,3 IMPASSE DEU BARCO,40260 LINXE
LX04010007,8 IMPASSE DEU BARCO,40260 LINXE
LX04010008,6 IMPASSE DEU BARCO,40260 LINXE
LX04010009,4 IMPASSE DEU BARCO,40260 LINXE
LX04010010,2 IMPASSE DEU BARCO,40260 LINXE
LX05010001,10 IMPASSE DEU BARCO,40260 LINXE
LX05010002,12 IMPASSE DEU BARCO,40260 LINXE
LX05010003,14 IMPASSE DEU BARCO,40260 LINXE
LX05010004,16 IMPASSE DEU BARCO,40260 LINXE
LX05010005,18 IMPASSE DEU BARCO,40260 LINXE
LX05010006,20 IMPASSE DEU BARCO,40260 LINXE
LX05010007,22 IMPASSE DEU BARCO,40260 LINXE
LX05010008,24 IMPASSE DEU BARCO,40260 LINXE
LX05010009,5 IMPASSE DEU BARCO,40260 LINXE
LX05010010,7 IMPASSE DEU BARCO,40260 LINXE
LY01010001,4 RUE DE L'AHOUNTIQUE,40430 LUXEY
LY01010002,6 RUE DE L'AHOUNTIQUE,40430 LUXEY
LY01010003,8 RUE DE L'AHOUNTIQUE,40430 LUXEY
LY01010004,10 RUE DE L'AHOUNTIQUE,40430 LUXEY
LY01010005,12 RUE DE L'AHOUNTIQUE,40430 LUXEY
LY01010006,2 RUE DU DOCTEUR HENRI FERBOS,40430 LUXEY
LY02010001,2 IMPASSE PAULA LAOUE,40430 LUXEY
LY02010002,4 IMPASSE PAULA LAOUE,40430 LUXEY
LY02010003,6 IMPASSE PAULA LAOUE,40430 LUXEY
LY03010001,55 RUE BLANCHE BARON,40430 LUXEY
LY03010002,67 RUE BLANCHE BARON,40430 LUXEY
LY03010004,79 RUE BLANCHE BARON,40430 LUXEY
LY03010005,81 RUE BLANCHE BARON,40430 LUXEY
LY03010007,87 RUE BLANCHE BARON,40430 LUXEY
MC01010001,97 ALLEE DE DORADE,40380 MONTFORT-EN-CHALOSSE
MC01010002,99 ALLEE DE DORADE,40380 MONTFORT-EN-CHALOSSE
MC01010003,103 ALLEE DE DORADE,40380 MONTFORT-EN-CHALOSSE
MC01010004,105 ALLEE DE DORADE,40380 MONTFORT-EN-CHALOSSE
MC01010005,115 ALLEE DE DORADE,40380 MONTFORT-EN-CHALOSSE
MC01010006,117 ALLEE DE DORADE,40380 MONTFORT-EN-CHALOSSE
MC01010007,170 ALLEE DE DORADE,40380 MONTFORT-EN-CHALOSSE
MC01010008,168 ALLEE DE DORADE,40380 MONTFORT-EN-CHALOSSE
MC01010009,166 ALLEE DE DORADE,40380 MONTFORT-EN-CHALOSSE
MC01010010,164 ALLEE DE DORADE,40380 MONTFORT-EN-CHALOSSE
MC02010001,86 RUE DE VERDUN,40380 MONTFORT-EN-CHALOSSE
MC02010002,82 RUE DE VERDUN,40380 MONTFORT-EN-CHALOSSE
MC02010003,72 RUE DE VERDUN,40380 MONTFORT-EN-CHALOSSE
MC02010004,20 RUE DE LA PAIX,40380 MONTFORT-EN-CHALOSSE
MD01010001,40 ROUTE DE LOUBERE,40090 SAINT-MARTIN-D'ONEY
MD01010002,42 ROUTE DE LOUBERE,40090 SAINT-MARTIN-D'ONEY
MD01010003,44 ROUTE DE LOUBERE,40090 SAINT-MARTIN-D'ONEY
MD01010004,46 ROUTE DE LOUBERE,40090 SAINT-MARTIN-D'ONEY
MD01010005,48 ROUTE DE LOUBERE,40090 SAINT-MARTIN-D'ONEY
MD01010006,50 ROUTE DE LOUBERE,40090 SAINT-MARTIN-D'ONEY
MD02010001,31 IMPASSE DU STADE,40090 SAINT-MARTIN-D'ONEY
MD02010002,33 IMPASSE DU STADE,40090 SAINT-MARTIN-D'ONEY
MD02010003,35 IMPASSE DU STADE,40090 SAINT-MARTIN-D'ONEY
MD02010004,37 IMPASSE DU STADE,40090 SAINT-MARTIN-D'ONEY
MD03010001,20 RUE QUITTERIE,40090 SAINT-MARTIN-D'ONEY
MD03010002,18 RUE QUITTERIE,40090 SAINT-MARTIN-D'ONEY
MD03010003,16 RUE QUITTERIE,40090 SAINT-MARTIN-D'ONEY
MD03020004,14 RUE QUITTERIE,40090 SAINT-MARTIN-D'ONEY
MD03020005,12 RUE QUITTERIE,40090 SAINT-MARTIN-D'ONEY
MD03020006,10 RUE QUITTERIE,40090 SAINT-MARTIN-D'ONEY
MD03020007,8 RUE QUITTERIE,40090 SAINT-MARTIN-D'ONEY
MD03030008,6 RUE QUITTERIE,40090 SAINT-MARTIN-D'ONEY
MD03030009,4 RUE QUITTERIE,40090 SAINT-MARTIN-D'ONEY
MD03030010,2 RUE QUITTERIE,40090 SAINT-MARTIN-D'ONEY
MG02020001,1 IMPASSE DES ALOUETTES,40140 MAGESCQ
MG02020002,3 IMPASSE DES ALOUETTES,40140 MAGESCQ
MG02030001,5 IMPASSE DES ALOUETTES,40140 MAGESCQ
MG02030002,7 IMPASSE DES ALOUETTES,40140 MAGESCQ
MG02040001,2 IMPASSE DES ORTOLANS,40140 MAGESCQ
MG02040002,4 IMPASSE DES ORTOLANS,40140 MAGESCQ
MG02050001,1 IMPASSE DES ORTOLANS,40140 MAGESCQ
MG02050002,3 IMPASSE DES ORTOLANS,40140 MAGESCQ
MG02060001,5 IMPASSE DES ORTOLANS,40140 MAGESCQ
MG02060002,7 IMPASSE DES ORTOLANS,40140 MAGESCQ
MI03120008,8 RUE D'OLD ORCHARD,40200 MIMIZAN
MI03120010,10 RUE D'OLD ORCHARD,40200 MIMIZAN
MI03120012,12 RUE D'OLD ORCHARD,40200 MIMIZAN
MI03120016,16 RUE D'OLD ORCHARD,40200 MIMIZAN
MI03120018,18 RUE D'OLD ORCHARD,40200 MIMIZAN
MI03120208,8 BIS RUE D'OLD ORCHARD,40200 MIMIZAN
MI03120210,10 BIS RUE D'OLD ORCHARD,40200 MIMIZAN
MI03120212,12 BIS RUE D'OLD ORCHARD,40200 MIMIZAN
MI03120214,14 BIS RUE D'OLD ORCHARD,40200 MIMIZAN
MI03120216,16 BIS RUE D'OLD ORCHARD,40200 MIMIZAN
MI03120218,18 BIS RUE D'OLD ORCHARD,40200 MIMIZAN
MM06010001,472 RUE CAPITAINE R BONNEMAIRE,40000 MONT-DE-MARSAN
MM06010002,459 RUE CAPITAINE R BONNEMAIRE,40000 MONT-DE-MARSAN
MM06010003,448 RUE CAPITAINE R BONNEMAIRE,40000 MONT-DE-MARSAN
MM06010004,427 RUE CAPITAINE R BONNEMAIRE,40000 MONT-DE-MARSAN
MM06010005,418 RUE CAPITAINE R BONNEMAIRE,40000 MONT-DE-MARSAN
MM06010006,389 RUE CAPITAINE R BONNEMAIRE,40000 MONT-DE-MARSAN
MM06010007,53 RUE ADJUDANT SIOT,40000 MONT-DE-MARSAN
MM06010008,353 RUE CAPITAINE R BONNEMAIRE,40000 MONT-DE-MARSAN
MM06010009,74 RUE ADJUDANT SIOT,40000 MONT-DE-MARSAN
MM06010010,293 RUE CAPITAINE R BONNEMAIRE,40000 MONT-DE-MARSAN
MM06010011,62 RUE ADJUDANT SIOT,40000 MONT-DE-MARSAN
MM06010012,17 RUE FERDINAND BERNEDE,40000 MONT-DE-MARSAN
MM06010013,28 RUE ADJUDANT SIOT,40000 MONT-DE-MARSAN
MM06010014,215 RUE CAPITAINE R BONNEMAIRE,40000 MONT-DE-MARSAN
MM06010015,16 RUE ADJUDANT SIOT,40000 MONT-DE-MARSAN
MM06010016,207 RUE CAPITAINE R BONNEMAIRE,40000 MONT-DE-MARSAN
MM06010017,368 AVENUE CAPITAINE R BONNEMAIRE,40000 MONT-DE-MARSAN
MM06010018,201 RUE CAPITAINE R BONNEMAIRE,40000 MONT-DE-MARSAN
MM06010019,356 RUE CAPITAINE R BONNEMAIRE,40000 MONT-DE-MARSAN
MM06010020,193 RUE CAPITAINE R BONNEMAIRE,40000 MONT-DE-MARSAN
MM06010021,318 RUE CAPITAINE R BONNEMAIRE,40000 MONT-DE-MARSAN
MM06010022,89 RUE CAPITAINE R BONNEMAIRE,40000 MONT-DE-MARSAN
MM06010023,306 RUE CAPITAINE R BONNEMAIRE,40000 MONT-DE-MARSAN
MM06010024,91 RUE CAPITAINE R BONNEMAIRE,40000 MONT-DE-MARSAN
MM06010025,266 RUE CAPITAINE R BONNEMAIRE,40000 MONT-DE-MARSAN
MM06010026,93 RUE CAPITAINE R BONNEMAIRE,40000 MONT-DE-MARSAN
MM06010027,260 RUE CAPITAINE R BONNEMAIRE,40000 MONT-DE-MARSAN
MM06010028,95 RUE CAPITAINE R BONNEMAIRE,40000 MONT-DE-MARSAN
MM06010029,232 RUE CAPITAINE R BONNEMAIRE,40000 MONT-DE-MARSAN
MM06010030,41 RUE CAPITAINE R BONNEMAIRE,40000 MONT-DE-MARSAN
MM06010031,230 RUE CAPITAINE R BONNEMAIRE,40000 MONT-DE-MARSAN
MM06010032,43 RUE CAPITAINE R BONNEMAIRE,40000 MONT-DE-MARSAN
MM06010033,178 RUE CAPITAINE R BONNEMAIRE,40000 MONT-DE-MARSAN
MM06010034,45 RUE CAPITAINE R BONNEMAIRE,40000 MONT-DE-MARSAN
MM06010035,170 RUE CAPITAINE R BONNEMAIRE,40000 MONT-DE-MARSAN
MM06010036,47 RUE CAPITAINE R BONNEMAIRE,40000 MONT-DE-MARSAN
MM06010037,164 RUE CAPITAINE R BONNEMAIRE,40000 MONT-DE-MARSAN
MM06010038,25 RUE CAPITAINE R BONNEMAIRE,40000 MONT-DE-MARSAN
MM06010039,156 RUE CAPITAINE R BONNEMAIRE,40000 MONT-DE-MARSAN
MM06010040,1 IMPASSE CAPITAINE R BONNEMAIRE,40000 MONT-DE-MARSAN
MM06010041,3 IMPASSE CAPITAINE R BONNEMAIRE,40000 MONT-DE-MARSAN
MM06010042,5 IMPASSE CAPITAINE R BONNEMAIRE,40000 MONT-DE-MARSAN
MM06010043,7 IMPASSE CAPITAINE R BONNEMAIRE,40000 MONT-DE-MARSAN
MM07010001,283 RUE ADJUDANT SIOT,40000 MONT-DE-MARSAN
MM07010002,293 RUE ADJUDANT SIOT,40000 MONT-DE-MARSAN
MM07010003,303 RUE ADJUDANT SIOT,40000 MONT-DE-MARSAN
MM07010004,309 RUE ADJUDANT SIOT,40000 MONT-DE-MARSAN
MM07010005,282 RUE ADJUDANT SIOT,40000 MONT-DE-MARSAN
MM07010006,304 RUE ADJUDANT SIOT,40000 MONT-DE-MARSAN
MM07010007,308 RUE ADJUDANT SIOT,40000 MONT-DE-MARSAN
MM07010008,324 RUE ADJUDANT SIOT,40000 MONT-DE-MARSAN
MM08010002,463 AVENUE MARTYRS RESISTANCE,40000 MONT-DE-MARSAN
MM08010004,463A AVENUE MARTYRS RESISTANCE,40000 MONT-DE-MARSAN
MM08010005,467B AVENUE MARTYRS RESISTANCE,40000 MONT-DE-MARSAN
MM08010006,463B AVENUE MARTYRS RESISTANCE,40000 MONT-DE-MARSAN
MM08020001,3 IMPASSE MARTYRS RESISTANCE,40000 MONT-DE-MARSAN
MM08020002,1 IMPASSE MARTYRS RESISTANCE,40000 MONT-DE-MARSAN
MM08020003,3A IMPASSE MARTYRS RESISTANCE,40000 MONT-DE-MARSAN
MM08020004,1A IMPASSE MARTYRS RESISTANCE,40000 MONT-DE-MARSAN
MM08020005,3B IMPASSE MARTYRS RESISTANCE,40000 MONT-DE-MARSAN
MM08020006,1B IMPASSE MARTYRS RESISTANCE,40000 MONT-DE-MARSAN
MM08020007,7 IMPASSE MARTYRS RESISTANCE,40000 MONT-DE-MARSAN
MM08020008,5 IMPASSE MARTYRS RESISTANCE,40000 MONT-DE-MARSAN
MM08020009,7A IMPASSE MARTYRS RESISTANCE,40000 MONT-DE-MARSAN
MM08020010,5A IMPASSE MARTYRS DE LA RESISTAN,40000 MONT-DE-MARSAN
MM08020011,7B IMPASSE MARTYRS DE LA RESISTAN,40000 MONT-DE-MARSAN
MM08020012,5B IMPASSE MARTYRS DE LA RESISTAN,40000 MONT-DE-MARSAN
MM08020013,11 IMPASSE MARTYRS RESISTANCE,40000 MONT-DE-MARSAN
MM08020014,9 IMPASSE MARTYRS RESISTANCE,40000 MONT-DE-MARSAN
MM08020015,11A IMPASSE MARTYRS DE LA RESISTAN,40000 MONT-DE-MARSAN
MM08020016,9A IMPASSE MARTYRS DE LA RESISTAN,40000 MONT-DE-MARSAN
MM08020017,11B IMPASSE MARTYRS DE LA RESISTAN,40000 MONT-DE-MARSAN
MM08020018,9B IMPASSE MARTYRS DE LA RESISTAN,40000 MONT-DE-MARSAN
MM09010001,57 RUE CAPITAINE R BONNEMAIRE,40000 MONT-DE-MARSAN
MM09010002,127 RUE CAPITAINE R BONNEMAIRE,40000 MONT-DE-MARSAN
MM09010003,147 RUE CAPITAINE R BONNEMAIRE,40000 MONT-DE-MARSAN
MM09010004,155 RUE CAPITAINE R BONNEMAIRE,40000 MONT-DE-MARSAN
MM09010005,175 RUE CAPITAINE R BONNEMAIRE,40000 MONT-DE-MARSAN
MM09010006,1 RUE FERDINAND BERNEDE,40000 MONT-DE-MARSAN
MM09010007,3 RUE FERDINAND BERNEDE,40000 MONT-DE-MARSAN
MM09010008,5 RUE FERDINAND BERNEDE,40000 MONT-DE-MARSAN
MM09010009,7 RUE FERDINAND BERNEDE,40000 MONT-DE-MARSAN
MM09010010,9 RUE FERDINAND BERNEDE,40000 MONT-DE-MARSAN
MM09010011,11 RUE FERDINAND BERNEDE,40000 MONT-DE-MARSAN
MM09010012,13 RUE FERDINAND BERNEDE,40000 MONT-DE-MARSAN
MM09010013,15 RUE FERDINAND BERNEDE,40000 MONT-DE-MARSAN
MM09010014,233 RUE CAPITAINE R BONNEMAIRE,40000 MONT-DE-MARSAN
MM09010015,386 RUE CAPITAINE R BONNEMAIRE,40000 MONT-DE-MARSAN
MM09010016,376 RUE CAPITAINE R BONNEMAIRE,40000 MONT-DE-MARSAN
MM09010017,340 RUE CAPITAINE R BONNEMAIRE,40000 MONT-DE-MARSAN
MM09010018,328 RUE CAPITAINE R BONNEMAIRE,40000 MONT-DE-MARSAN
MM09010019,292 RUE CAPITAINE R BONNEMAIRE,40000 MONT-DE-MARSAN
MM09010020,272 RUE CAPITAINE R BONNEMAIRE,40000 MONT-DE-MARSAN
MM09010021,208 RUE CAPITAINE R BONNEMAIRE,40000 MONT-DE-MARSAN
MM09010022,198 RUE CAPITAINE R BONNEMAIRE,40000 MONT-DE-MARSAN
MM09010023,182 RUE CAPITAINE R BONNEMAIRE,40000 MONT-DE-MARSAN
MM09010024,1 IMPASSE FRANCIS JAMMES,40000 MONT-DE-MARSAN
MM09010025,3 IMPASSE FRANCIS JAMMES,40000 MONT-DE-MARSAN
MM09010026,5 IMPASSE FRANCIS JAMMES,40000 MONT-DE-MARSAN
MM09010027,8 IMPASSE FRANCIS JAMMES,40000 MONT-DE-MARSAN
MM09010028,6 IMPASSE FRANCIS JAMMES,40000 MONT-DE-MARSAN
MM09010029,4 IMPASSE FRANCIS JAMMES,40000 MONT-DE-MARSAN
MM09010030,2 IMPASSE FRANCIS JAMMES,40000 MONT-DE-MARSAN
MM15010001,4 RUE CHARLES BARTALOT,40000 MONT-DE-MARSAN
MM15010002,6 RUE CHARLES BARTALOT,40000 MONT-DE-MARSAN
MM15010003,8 RUE CHARLES BARTALOT,40000 MONT-DE-MARSAN
MM15010004,10 RUE CHARLES BARTALOT,40000 MONT-DE-MARSAN
MM15010005,12 RUE CHARLES BARTALOT,40000 MONT-DE-MARSAN
MM15010006,14 RUE CHARLES BARTALOT,40000 MONT-DE-MARSAN
MM15010007,16 RUE CHARLES BARTALOT,40000 MONT-DE-MARSAN
MM15010008,2 RUE DES LYS,40000 MONT-DE-MARSAN
MM15010009,4 RUE DES LYS,40000 MONT-DE-MARSAN
MM15010010,6 RUE DES LYS,40000 MONT-DE-MARSAN
MM15010011,8 RUE DES LYS,40000 MONT-DE-MARSAN
MM15010012,10 RUE DES LYS,40000 MONT-DE-MARSAN
MM15010013,12 RUE DES LYS,40000 MONT-DE-MARSAN
MM15010014,14 RUE DES LYS,40000 MONT-DE-MARSAN
MM15010015,16 RUE DES LYS,40000 MONT-DE-MARSAN
MM15010016,18 RUE DES LYS,40000 MONT-DE-MARSAN
MM15010017,20 RUE DES LYS,40000 MONT-DE-MARSAN
MM15010018,22 RUE DES LYS,40000 MONT-DE-MARSAN
MM15010019,24 RUE DES LYS,40000 MONT-DE-MARSAN
MM15010020,26 RUE DES LYS,40000 MONT-DE-MARSAN
MM15010021,28 RUE DES LYS,40000 MONT-DE-MARSAN
MM15010022,30 RUE DES LYS,40000 MONT-DE-MARSAN
MM15010023,32 RUE DES LYS,40000 MONT-DE-MARSAN
MM15010024,34 RUE DES LYS,40000 MONT-DE-MARSAN
MM15010025,36 RUE DES LYS,40000 MONT-DE-MARSAN
MM15010026,38 RUE DES LYS,40000 MONT-DE-MARSAN
MM15010027,40 RUE DES LYS,40000 MONT-DE-MARSAN
MM15010028,31 RUE DES LYS,40000 MONT-DE-MARSAN
MM15010029,29 RUE DES LYS,40000 MONT-DE-MARSAN
MM15010030,27 RUE DES LYS,40000 MONT-DE-MARSAN
MM15010031,25 RUE DES LYS,40000 MONT-DE-MARSAN
MM15010032,23 RUE DES LYS,40000 MONT-DE-MARSAN
MM15010033,21 RUE DES LYS,40000 MONT-DE-MARSAN
MM15010034,19 RUE DES LYS,40000 MONT-DE-MARSAN
MM15010035,17 RUE DES LYS,40000 MONT-DE-MARSAN
MM15010036,15 RUE DES LYS,40000 MONT-DE-MARSAN
MM15010037,13 RUE DES LYS,40000 MONT-DE-MARSAN
MM15010038,2 IMPASSE DES GRIVES,40000 MONT-DE-MARSAN
MM15010039,4 IMPASSE DES GRIVES,40000 MONT-DE-MARSAN
MM15010040,6 IMPASSE DES GRIVES,40000 MONT-DE-MARSAN
MM15010041,8 IMPASSE DES GRIVES,40000 MONT-DE-MARSAN
MM15010042,10 IMPASSE DES GRIVES,40000 MONT-DE-MARSAN
MM15010043,12 IMPASSE DES GRIVES,40000 MONT-DE-MARSAN
MM15010044,14 IMPASSE DES GRIVES,40000 MONT-DE-MARSAN
MM15010045,16 IMPASSE DES GRIVES,40000 MONT-DE-MARSAN
MM15010046,15 IMPASSE DES GRIVES,40000 MONT-DE-MARSAN
MM15010047,13 IMPASSE DES GRIVES,40000 MONT-DE-MARSAN
MM15010048,11 IMPASSE DES GRIVES,40000 MONT-DE-MARSAN
MM15010049,9 IMPASSE DES GRIVES,40000 MONT-DE-MARSAN
MM15010050,7 IMPASSE DES GRIVES,40000 MONT-DE-MARSAN
MM15010051,5 IMPASSE DES GRIVES,40000 MONT-DE-MARSAN
MM15010052,3 IMPASSE DES GRIVES,40000 MONT-DE-MARSAN
MM15010053,1 IMPASSE DES GRIVES,40000 MONT-DE-MARSAN
MM15010054,11 RUE DES LYS,40000 MONT-DE-MARSAN
MM15010055,9 RUE DES LYS,40000 MONT-DE-MARSAN
MM15010056,7 RUE DES LYS,40000 MONT-DE-MARSAN
MM15010057,5 RUE DES LYS,40000 MONT-DE-MARSAN
MM15010058,3 RUE DES LYS,40000 MONT-DE-MARSAN
MM15010059,1 RUE DES LYS,40000 MONT-DE-MARSAN
MM15010060,2 IMPASSE DES CIGOGNES,40000 MONT-DE-MARSAN
MM15010061,4 IMPASSE DES CIGOGNES,40000 MONT-DE-MARSAN
MM15010062,6 IMPASSE DES CIGOGNES,40000 MONT-DE-MARSAN
MM15010063,8 IMPASSE DES CIGOGNES,40000 MONT-DE-MARSAN
MM15010064,13 IMPASSE DES CIGOGNES,40000 MONT-DE-MARSAN
MM15010065,11 IMPASSE DES CIGOGNES,40000 MONT-DE-MARSAN
MM15010066,9 IMPASSE DES CIGOGNES,40000 MONT-DE-MARSAN
MM15010067,7 IMPASSE DES CIGOGNES,40000 MONT-DE-MARSAN
MM15010068,5 IMPASSE DES CIGOGNES,40000 MONT-DE-MARSAN
MM15010069,3 IMPASSE DES CIGOGNES,40000 MONT-DE-MARSAN
MM15010070,1 IMPASSE DES CIGOGNES,40000 MONT-DE-MARSAN
MM18010001,11 IMPASSE DE MAJOURAOU,40000 MONT-DE-MARSAN
MM18010002,13 IMPASSE DE MAJOURAOU,40000 MONT-DE-MARSAN
MM18010003,15 IMPASSE DE MAJOURAOU,40000 MONT-DE-MARSAN
MM18010004,17 IMPASSE DE MAJOURAOU,40000 MONT-DE-MARSAN
MM18010005,19 IMPASSE DE MAJOURAOU,40000 MONT-DE-MARSAN
MM18010006,21 IMPASSE DE MAJOURAOU,40000 MONT-DE-MARSAN
MM18010007,23 IMPASSE DE MAJOURAOU,40000 MONT-DE-MARSAN
MM18010008,1 IMPASSE DE MAJOURAOU,40000 MONT-DE-MARSAN
MM18010009,3 IMPASSE DE MAJOURAOU,40000 MONT-DE-MARSAN
MM18010010,5 IMPASSE DE MAJOURAOU,40000 MONT-DE-MARSAN
MM18010011,7 IMPASSE DE MAJOURAOU,40000 MONT-DE-MARSAN
MM18010012,9 IMPASSE DE MAJOURAOU,40000 MONT-DE-MARSAN
MM18020001,25 IMPASSE DE MAJOURAOU,40000 MONT-DE-MARSAN
MM18020002,27 IMPASSE DE MAJOURAOU,40000 MONT-DE-MARSAN
MM18020003,29 IMPASSE DE MAJOURAOU,40000 MONT-DE-MARSAN
MM18020004,31 IMPASSE DE MAJOURAOU,40000 MONT-DE-MARSAN
MM18020005,33 IMPASSE DE MAJOURAOU,40000 MONT-DE-MARSAN
MM18020006,35 IMPASSE DE MAJOURAOU,40000 MONT-DE-MARSAN
MM18020007,37 IMPASSE DE MAJOURAOU,40000 MONT-DE-MARSAN
MM18020008,39 IMPASSE DE MAJOURAOU,40000 MONT-DE-MARSAN
MM18020009,41 IMPASSE DE MAJOURAOU,40000 MONT-DE-MARSAN
MM18020010,43 IMPASSE DE MAJOURAOU,40000 MONT-DE-MARSAN
MM18020011,45 IMPASSE DE MAJOURAOU,40000 MONT-DE-MARSAN
MM18020012,47 IMPASSE DE MAJOURAOU,40000 MONT-DE-MARSAN
MM18030001,59 IMPASSE MAJOURAOU,40000 MONT-DE-MARSAN
MM18030002,61 IMPASSE MAJOURAOU,40000 MONT-DE-MARSAN
MM18030003,63 IMPASSE MAJOURAOU,40000 MONT-DE-MARSAN
MM18030004,65 IMPASSE MAJOURAOU,40000 MONT-DE-MARSAN
MM18030005,67 IMPASSE MAJOURAOU,40000 MONT-DE-MARSAN
MM18030006,69 IMPASSE MAJOURAOU,40000 MONT-DE-MARSAN
MM18030007,71 IMPASSE MAJOURAOU,40000 MONT-DE-MARSAN
MM18030008,49 IMPASSE MAJOURAOU,40000 MONT-DE-MARSAN
MM18030009,51 IMPASSE MAJOURAOU,40000 MONT-DE-MARSAN
MM18030010,53 IMPASSE MAJOURAOU,40000 MONT-DE-MARSAN
MM18030011,55 IMPASSE MAJOURAOU,40000 MONT-DE-MARSAN
MM18030012,57 IMPASSE MAJOURAOU,40000 MONT-DE-MARSAN
MM18040001,73 IMPASSE MAJOURAOU,40000 MONT-DE-MARSAN
MM18040002,75 IMPASSE MAJOURAOU,40000 MONT-DE-MARSAN
MM18040003,77 IMPASSE MAJOURAOU,40000 MONT-DE-MARSAN
MM18040004,79 IMPASSE MAJOURAOU,40000 MONT-DE-MARSAN
MM18040005,81 IMPASSE MAJOURAOU,40000 MONT-DE-MARSAN
MM18040006,83 IMPASSE MAJOURAOU,40000 MONT-DE-MARSAN
MM18040007,85 IMPASSE MAJOURAOU,40000 MONT-DE-MARSAN
MM18040008,87 IMPASSE MAJOURAOU,40000 MONT-DE-MARSAN
MM18040009,89 IMPASSE MAJOURAOU,40000 MONT-DE-MARSAN
MM18040010,91 IMPASSE MAJOURAOU,40000 MONT-DE-MARSAN
MM18040011,93 IMPASSE MAJOURAOU,40000 MONT-DE-MARSAN
MM18040012,95 IMPASSE MAJOURAOU,40000 MONT-DE-MARSAN
MM18050001,97 IMPASSE MAJOURAOU,40000 MONT-DE-MARSAN
MM18050002,99 IMPASSE MAJOURAOU,40000 MONT-DE-MARSAN
MM20010001,8 RUE DU MARASSOT,40000 MONT-DE-MARSAN
MM20010002,10 RUE DE MARASSOT,40000 MONT-DE-MARSAN
MM20010003,12 RUE DE MARASSOT,40000 MONT-DE-MARSAN
MM20010004,4 RUE EMMANUEL DELBOUSQUET,40000 MONT-DE-MARSAN
MM20010005,7 RUE DE MARASSOT,40000 MONT-DE-MARSAN
MM20010006,9 RUE DE MARASSOT,40000 MONT-DE-MARSAN
MM20010007,3 IMPASSE DE MARASSOT,40000 MONT-DE-MARSAN
MM20010008,5 IMPASSE DE MARASSOT,40000 MONT-DE-MARSAN
MM20010009,7 IMPASSE DE MARASSOT,40000 MONT-DE-MARSAN
MM20010010,9 IMPASSE DU MARASSOT,40000 MONT-DE-MARSAN
MM20010011,8 IMPASSE DE MARASSOT,40000 MONT-DE-MARSAN
MM20010012,6 IMPASSE DE MARASSOT,40000 MONT-DE-MARSAN
MM20010013,4 IMPASSE DE MARASSOT,40000 MONT-DE-MARSAN
MM20010014,11 RUE DE MARASSOT,40000 MONT-DE-MARSAN
MM20010015,13 RUE DE MARASSOT,40000 MONT-DE-MARSAN
MM20010016,15 RUE DE MARASSOT,40000 MONT-DE-MARSAN
MM20010017,17 RUE DE MARASSOT,40000 MONT-DE-MARSAN
MM20010018,19 RUE DE MARASSOT,40000 MONT-DE-MARSAN
MM20010019,16 RUE JEAN SAINT FELIX,40000 MONT-DE-MARSAN
MM20010020,14 RUE JEAN SAINT FELIX,40000 MONT-DE-MARSAN
MM20010021,12 RUE JEAN SAINT FELIX,40000 MONT-DE-MARSAN
MM20010022,3 IMPASSE JEAN SAINT FELIX,40000 MONT-DE-MARSAN
MM20010023,5 IMPASSE RUE JEAN SAINT FELIX,40000 MONT-DE-MARSAN
MM20010024,7 IMPASSE JEAN SAINT FELIX,40000 MONT-DE-MARSAN
MM20010025,10 IMPASSE JEAN SAINT FELIX,40000 MONT-DE-MARSAN
MM20010026,8 IMPASSE JEAN SAINT FELIX,40000 MONT-DE-MARSAN
MM20010027,6 IMPASSE JEAN SAINT FELIX,40000 MONT-DE-MARSAN
MM20010028,4 IMPASSE JEAN SAINT FELIX,40000 MONT-DE-MARSAN
MM20010029,10 RUE JEAN SAINT FELIX,40000 MONT-DE-MARSAN
MM20010030,8 RUE JEAN SAINT FELIX,40000 MONT-DE-MARSAN
MM20010031,6 RUE JEAN SAINT FELIX,40000 MONT-DE-MARSAN
MM20010032,4 RUE JEAN SAINT FELIX,40000 MONT-DE-MARSAN
MM20010033,2 RUE JEAN SAINT FELIX,40000 MONT-DE-MARSAN
MM20010034,1 IMPASSE EMMANUEL DELBOUSQUET,40000 MONT-DE-MARSAN
MM20010035,3 IMPASSE EMMANUEL DELBOUSQUET,40000 MONT-DE-MARSAN
MM20010036,5 IMPASSE EMMANUEL DELBOUSQUET,40000 MONT-DE-MARSAN
MM20010037,7 IMPASSE EMMANUEL DELBOUSQUET,40000 MONT-DE-MARSAN
MM20010038,6 IMPASSE EMMANUEL DELBOUSQUET,40000 MONT-DE-MARSAN
MM20010039,4 IMPASSE EMMANUEL DELBOUSQUET,40000 MONT-DE-MARSAN
MM20010040,14 RUE EMMANUEL DELBOUSQUET,40000 MONT-DE-MARSAN
MM20010041,12 RUE EMMANUEL DELBOUSQUET,40000 MONT-DE-MARSAN
MM20010042,10 RUE EMMANUEL DELBOUSQUET,40000 MONT-DE-MARSAN
MM20010043,13 RUE EMMANUEL DELBOUSQUET,40000 MONT-DE-MARSAN
MM20010044,11 RUE EMMANUEL DELBOUSQUET,40000 MONT-DE-MARSAN
MM20010045,9 RUE EMMANUEL DELBOUSQUET,40000 MONT-DE-MARSAN
MM20010046,7 RUE EMMANUEL DELBOUSQUET,40000 MONT-DE-MARSAN
MM20010047,5 RUE EMMANUEL DELBOUSQUET,40000 MONT-DE-MARSAN
MM20010048,3 RUE EMMANUEL DELBOUSQUET,40000 MONT-DE-MARSAN
MM25010001,4 IMPASSE COMMANDANT BOFFY,40000 MONT-DE-MARSAN
MM25010002,2 IMPASSE COMMANDANT BOFFY,40000 MONT-DE-MARSAN
MM25010003,16 RUE COMMANDANT BOFFY,40000 MONT-DE-MARSAN
MM25010004,14 RUE COMMANDANT BOFFY,40000 MONT-DE-MARSAN
MM25010005,12 RUE COMMANDANT BOFFY,40000 MONT-DE-MARSAN
MM25010006,10 RUE COMMANDANT BOFFY,40000 MONT-DE-MARSAN
MM25010007,8 RUE COMMANDANT BOFFY,40000 MONT-DE-MARSAN
MM25010008,6 RUE COMMANDANT BOFFY,40000 MONT-DE-MARSAN
MM25010009,4 RUE COMMANDANT BOFFY,40000 MONT-DE-MARSAN
MM25010010,2 RUE COMMANDANT BOFFY,40000 MONT-DE-MARSAN
MM25010011,1 RUE COMMANDANT BOFFY,40000 MONT-DE-MARSAN
MM25010012,3 RUE COMMANDANT BOFFY,40000 MONT-DE-MARSAN
MM25010013,5 RUE COMMANDANT BOFFY,40000 MONT-DE-MARSAN
MM25010014,7 RUE COMMANDANT BOFFY,40000 MONT-DE-MARSAN
MM25010015,9 RUE COMMANDANT BOFFY,40000 MONT-DE-MARSAN
MM25010016,11 RUE COMMANDANT BOFFY,40000 MONT-DE-MARSAN
MM25010017,13 RUE COMMANDANT BOFFY,40000 MONT-DE-MARSAN
MM25010018,15 RUE COMMANDANT BOFFY,40000 MONT-DE-MARSAN
MM25010019,17 RUE COMMANDANT BOFFY,40000 MONT-DE-MARSAN
MM25010020,3 ALLEE JEAN CAVAILLES,40000 MONT-DE-MARSAN
MM25010021,5 ALLEE JEAN CAVAILLES,40000 MONT-DE-MARSAN
MM25010022,7 ALLEE JEAN CAVAILLES,40000 MONT-DE-MARSAN
MM25010023,9 ALLEE JEAN CAVAILLES,40000 MONT-DE-MARSAN
MM25010024,11 ALLEE JEAN CAVAILLES,40000 MONT-DE-MARSAN
MM25010025,12 ALLEE JEAN CAVAILLES,40000 MONT-DE-MARSAN
MM25010026,10 ALLEE JEAN CAVAILLES,40000 MONT-DE-MARSAN
MM25010027,8 ALLEE JEAN CAVAILLES,40000 MONT-DE-MARSAN
MM25010028,6 ALLEE JEAN CAVAILLES,40000 MONT-DE-MARSAN
MM25010029,4 ALLEE JEAN CAVAILLES,40000 MONT-DE-MARSAN
MM25010030,2 ALLEE JEAN CAVAILLES,40000 MONT-DE-MARSAN
MM25010031,21 RUE COMMANDANT BOFFY,40000 MONT-DE-MARSAN
MM25010032,11 BOULEVARD DE GOUAILLARDET,40000 MONT-DE-MARSAN
MM25010033,13 BOULEVARD DE GOUAILLARDET,40000 MONT-DE-MARSAN
MM25010034,15 BOULEVARD DE GOUAILLARDET,40000 MONT-DE-MARSAN
MM25010035,17 BOULEVARD DE GOUAILLARDET,40000 MONT-DE-MARSAN
MM25010036,2 BOULEVARD DE GOUAILLARDET,40000 MONT-DE-MARSAN
MM25010037,4 BOULEVARD DE GOUAILLARDET,40000 MONT-DE-MARSAN
MM25010038,6 BOULEVARD DE GOUAILLARDET,40000 MONT-DE-MARSAN
MM25010039,8 BOULEVARD DE GOUAILLARDET,40000 MONT-DE-MARSAN
MM25010040,24 RUE COMMANDANT BOFFY,40000 MONT-DE-MARSAN
MM25010041,26 RUE COMMANDANT BOFFY,40000 MONT-DE-MARSAN
MM25010042,28 RUE COMMANDANT BOFFY,40000 MONT-DE-MARSAN
MM25010043,30 RUE COMMANDANT BOFFY,40000 MONT-DE-MARSAN
MM25010044,29 RUE COMMANDANT BOFFY,40000 MONT-DE-MARSAN
MM25010045,27 RUE COMMANDANT BOFFY,40000 MONT-DE-MARSAN
MM25010046,25 RUE COMMANDANT BOFFY,40000 MONT-DE-MARSAN
MM25010047,23 RUE COMMANDANT BOFFY,40000 MONT-DE-MARSAN
MM25010048,2 ALLEE CAPITAINE BROSSET,40000 MONT-DE-MARSAN
MM25010049,4 ALLEE CAPITAINE BROSSET,40000 MONT-DE-MARSAN
MM25010050,6 ALLEE CAPITAINE BROSSET,40000 MONT-DE-MARSAN
MM25010051,8 ALLEE CAPITAINE BROSSET,40000 MONT-DE-MARSAN
MM25010052,10 ALLEE CAPITAINE BROSSET,40000 MONT-DE-MARSAN
MM25010053,9 ALLEE CAPITAINE BROSSET,40000 MONT-DE-MARSAN
MM25010054,7 ALLEE CAPITAINE BROSSET,40000 MONT-DE-MARSAN
MM25010055,5 ALLEE CAPITAINE BROSSET,40000 MONT-DE-MARSAN
MM25010056,3 ALLEE CAPITAINE BROSSET,40000 MONT-DE-MARSAN
MM25010057,1 ALLEE CAPITAINE BROSSET,40000 MONT-DE-MARSAN
MM26010058,11 IMPASSE COMMANDANT BOFFY,40000 MONT-DE-MARSAN
MM26010059,9 IMPASSE COMMANDANT BOFFY,40000 MONT-DE-MARSAN
MM26010060,5 IMPASSE COMMANDANT BOFFY,40000 MONT-DE-MARSAN
MM26010061,3 IMPASSE COMMANDANT BOFFY,40000 MONT-DE-MARSAN
MM26010062,1 IMPASSE COMMANDANT BOFFY,40000 MONT-DE-MARSAN
MM28010001,19 BOULEVARD DE GOUAILLARDET,40000 MONT-DE-MARSAN
MM28010002,21 BOULEVARD DE GOUAILLARDET,40000 MONT-DE-MARSAN
MM28010003,23 BOULEVARD DE GOUAILLARDET,40000 MONT-DE-MARSAN
MM28010004,25 BOULEVARD DE GOUAILLARDET,40000 MONT-DE-MARSAN
MM28010005,27 BOULEVARD DE GOUAILLARDET,40000 MONT-DE-MARSAN
MM28010006,29 BOULEVARD DE GOUAILLARDET,40000 MONT-DE-MARSAN
MM28010007,33 BOULEVARD DE GOUAILLARDET,40000 MONT-DE-MARSAN
MM28010008,31 BOULEVARD DE GOUAILLARDET,40000 MONT-DE-MARSAN
MM28010009,35 BOULEVARD DE GOUAILLARDET,40000 MONT-DE-MARSAN
MM28010010,37 BOULEVARD DE GOUAILLARDET,40000 MONT-DE-MARSAN
MM28010011,39 BOULEVARD DE GOUAILLARDET,40000 MONT-DE-MARSAN
MM28010012,41 BOULEVARD DE GOUAILLARDET,40000 MONT-DE-MARSAN
MM28010013,43 BOULEVARD DE GOUAILLARDET,40000 MONT-DE-MARSAN
MM28010014,45 BOULEVARD DE GOUAILLARDET,40000 MONT-DE-MARSAN
MM28010015,47 BOULEVARD DE GOUAILLARDET,40000 MONT-DE-MARSAN
MM28010016,49 BOULEVARD DE GOUAILLARDET,40000 MONT-DE-MARSAN
MM28010017,51 BOULEVARD DE GOUAILLARDET,40000 MONT-DE-MARSAN
MM28010018,53 BOULEVARD DE GOUAILLARDET,40000 MONT-DE-MARSAN
MM28010019,55 BOULEVARD DE GOUAILLARDET,40000 MONT-DE-MARSAN
MM28010020,57 BOULEVARD DE GOUAILLARDET,40000 MONT-DE-MARSAN
MM28010021,59 BOULEVARD DE GOUAILLARDET,40000 MONT-DE-MARSAN
MM28010022,61 BOULEVARD DE GOUAILLARDET,40000 MONT-DE-MARSAN
MM28010023,1 ALLEE DU 1ER MAI,40000 MONT-DE-MARSAN
MM28010024,3 ALLEE DU 1ER MAI,40000 MONT-DE-MARSAN
MM28010025,5 ALLEE DU 1ER MAI,40000 MONT-DE-MARSAN
MM28010026,7 ALLEE DU 1ER MAI,40000 MONT-DE-MARSAN
MM28010027,8 ALLEE DU 1ER MAI,40000 MONT-DE-MARSAN
MM28010028,6 ALLEE DU 1ER MAI,40000 MONT-DE-MARSAN
MM28010029,4 ALLEE DU 1ER MAI,40000 MONT-DE-MARSAN
MM28010030,2 ALLEE DU 1ER MAI,40000 MONT-DE-MARSAN
MM29010001,6 IMPASSE MARCEL CALLEDE,40000 MONT-DE-MARSAN
MM29010002,4 IMPASSE MARCEL CALLEDE,40000 MONT-DE-MARSAN
MM29010003,2 IMPASSE MARCEL CALLEDE,40000 MONT-DE-MARSAN
MM29010004,1 RUE MARCEL CALLEDE,40000 MONT-DE-MARSAN
MM29010005,3 RUE MARCEL CALLEDE,40000 MONT-DE-MARSAN
MM29010006,5 RUE MARCEL CALLEDE,40000 MONT-DE-MARSAN
MM29010007,2 RUE MARCEL CALLEDE,40000 MONT-DE-MARSAN
MM29010008,4 RUE MARCEL CALLEDE,40000 MONT-DE-MARSAN
MM29010009,6 RUE MARCEL CALLEDE,40000 MONT-DE-MARSAN
MM29010010,8 RUE MARCEL CALLEDE,40000 MONT-DE-MARSAN
MM29010011,7 RUE MARCEL CALLEDE,40000 MONT-DE-MARSAN
MM29010012,9 RUE MARCEL CALLEDE,40000 MONT-DE-MARSAN
MM29010013,11 RUE MARCEL CALLEDE,40000 MONT-DE-MARSAN
MM29010014,13 RUE MARCEL CALLEDE,40000 MONT-DE-MARSAN
MM29010015,15 RUE MARCEL CALLEDE,40000 MONT-DE-MARSAN
MM29010016,17 RUE MARCEL CALLEDE,40000 MONT-DE-MARSAN
MM29010017,19 RUE MARCEL CALLEDE,40000 MONT-DE-MARSAN
MM29010018,21 RUE MARCEL CALLEDE,40000 MONT-DE-MARSAN
MM29010019,23 RUE MARCEL CALLEDE,40000 MONT-DE-MARSAN
MM29010020,25 RUE MARCEL CALLEDE,40000 MONT-DE-MARSAN
MM29010021,27 RUE MARCEL CALLEDE,40000 MONT-DE-MARSAN
MM29010022,29 RUE MARCEL CALLEDE,40000 MONT-DE-MARSAN
MM29010023,31 RUE MARCEL CALLEDE,40000 MONT-DE-MARSAN
MM29010024,33 RUE MARCEL CALLEDE,40000 MONT-DE-MARSAN
MM29010025,8 ALLEE DU 19 JUIN,40000 MONT-DE-MARSAN
MM29010026,6 ALLEE DU 19 JUIN,40000 MONT-DE-MARSAN
MM29010027,4 ALLEE DU 19 JUIN,40000 MONT-DE-MARSAN
MM29010028,2 ALLEE DU 19 JUIN,40000 MONT-DE-MARSAN
MM29010029,1 ALLEE DU 14 JUILLET,40000 MONT-DE-MARSAN
MM29010030,3 ALLEE DU 14 JUILLET,40000 MONT-DE-MARSAN
MM29010031,5 ALLEE DU 14 JUILLET,40000 MONT-DE-MARSAN
MM29010032,7 ALLEE DU 14 JUILLET,40000 MONT-DE-MARSAN
MM29010033,44 RUE MARCEL CALLEDE,40000 MONT-DE-MARSAN
MM29010034,42 RUE MARCEL CALLEDE,40000 MONT-DE-MARSAN
MM29010035,40 RUE MARCEL CALLEDE,40000 MONT-DE-MARSAN
MM29010036,38 RUE MARCEL CALLEDE,40000 MONT-DE-MARSAN
MM29010037,36 RUE MARCEL CALLEDE,40000 MONT-DE-MARSAN
MM29010038,34 RUE MARCEL CALLEDE,40000 MONT-DE-MARSAN
MM29010039,32 RUE MARCEL CALLEDE,40000 MONT-DE-MARSAN
MM29010040,30 RUE MARCEL CALLEDE,40000 MONT-DE-MARSAN
MM30010001,9 ALLEE DU 14 JUILLET,40000 MONT-DE-MARSAN
MM30010002,11 ALLEE DU 14 JUILLET,40000 MONT-DE-MARSAN
MM30010003,13 ALLEE DU 14 JUILLET,40000 MONT-DE-MARSAN
MM30010004,15 ALLEE DU 14 JUILLET,40000 MONT-DE-MARSAN
MM30010005,17 ALLEE DU 14 JUILLET,40000 MONT-DE-MARSAN
MM30010006,619 RUE PIERRE BENOIT,40000 MONT-DE-MARSAN
MM30010007,623 RUE PIERRE BENOIT,40000 MONT-DE-MARSAN
MM30010008,75 BOULEVARD DE GOUAILLARDET,40000 MONT-DE-MARSAN
MM30010009,77 BOULEVARD DE GOUAILLARDET,40000 MONT-DE-MARSAN
MM30010010,79 BOULEVARD DE GOUAILLARDET,40000 MONT-DE-MARSAN
MM30010011,81 BOULEVARD DE GOUAILLARDET,40000 MONT-DE-MARSAN
MM30010012,83 BOULEVARD DE GOUAILLARDET,40000 MONT-DE-MARSAN
MM30010013,85 BOULEVARD DE GOUAILLARDET,40000 MONT-DE-MARSAN
MM30010014,87 BOULEVARD DE GOUAILLARDET,40000 MONT-DE-MARSAN
MM30010015,89 BOULEVARD DE GOUAILLARDET,40000 MONT-DE-MARSAN
MM30010016,91 BOULEVARD DE GOUAILLARDET,40000 MONT-DE-MARSAN
MM30010017,93 BOULEVARD DE GOUAILLARDET,40000 MONT-DE-MARSAN
MM30010018,95 BOULEVARD DE GOUAILLARDET,40000 MONT-DE-MARSAN
MM30010019,6 RUE 1954-1962,40000 MONT-DE-MARSAN
MM30010020,8 RUE 1954-1962,40000 MONT-DE-MARSAN
MM30010021,10 RUE 1954-1962,40000 MONT-DE-MARSAN
MM30010022,12 RUE 1954-1962,40000 MONT-DE-MARSAN
MM30010023,22 ALLEE DU 14 JUILLET,40000 MONT-DE-MARSAN
MM30010024,20 ALLEE DU 14 JUILLET,40000 MONT-DE-MARSAN
MM30010025,18 ALLEE DU 14 JUILLET,40000 MONT-DE-MARSAN
MM30010026,16 ALLEE DU 14 JUILLET,40000 MONT-DE-MARSAN
MM30010027,14 ALLEE DU 14 JUILLET,40000 MONT-DE-MARSAN
MM30010028,12 ALLEE DU 14 JUILLET,40000 MONT-DE-MARSAN
MM30010029,10 ALLEE DU 14 JUILLET,40000 MONT-DE-MARSAN
MM30010030,8 ALLEE DU 14 JUILLET,40000 MONT-DE-MARSAN
MM30010031,6 ALLEE DU 14 JUILLET,40000 MONT-DE-MARSAN
MM30010032,63 BOULEVARD DE GOUAILLARDET,40000 MONT-DE-MARSAN
MM30010033,65 BOULEVARD DE GOUAILLARDET,40000 MONT-DE-MARSAN
MM30010034,67 BOULEVARD DE GOUAILLARDET,40000 MONT-DE-MARSAN
MM30010035,69 BOULEVARD DE GOUAILLARDET,40000 MONT-DE-MARSAN
MM30010036,71 BOULEVARD DE GOUAILLARDET,40000 MONT-DE-MARSAN
MM30010037,73 BOULEVARD DE GOUAILLARDET,40000 MONT-DE-MARSAN
MM30010038,19 ALLEE DU 14 JUILLET,40000 MONT-DE-MARSAN
MM30010039,21 ALLEE DU 14 JUILLET,40000 MONT-DE-MARSAN
MM30010040,23 ALLEE DU 14 JUILLET,40000 MONT-DE-MARSAN
MM30010041,25 ALLEE DU 14 JUILLET,40000 MONT-DE-MARSAN
MM30010042,1 RUE 1954-1962,40000 MONT-DE-MARSAN
MM30010043,3 RUE 1954-1962,40000 MONT-DE-MARSAN
MM30010044,5 RUE 1954-1962,40000 MONT-DE-MARSAN
MM30010045,7 RUE 1954-1962,40000 MONT-DE-MARSAN
MM30010046,9 RUE 1954-1962,40000 MONT-DE-MARSAN
MM30010047,11 RUE 1954-1962,40000 MONT-DE-MARSAN
MM42010001,34 RUE DE L'ABBE DAUBA,40000 MONT-DE-MARSAN
MM42010002,32 RUE DE L'ABBE DAUBA,40000 MONT-DE-MARSAN
MM42010003,30 RUE DE L'ABBE DAUBA,40000 MONT-DE-MARSAN
MM42010004,28 RUE DE L'ABBE DAUBA,40000 MONT-DE-MARSAN
MM42010005,26 RUE DE L'ABBE DAUBA,40000 MONT-DE-MARSAN
MM42010006,24 RUE DE L'ABBE DAUBA,40000 MONT-DE-MARSAN
MM42010007,20 RUE DE L'ABBE DAUBA,40000 MONT-DE-MARSAN
MM42010008,22 RUE DE L'ABBE DAUBA,40000 MONT-DE-MARSAN
MM42010009,18 RUE DE L'ABBE DAUBA,40000 MONT-DE-MARSAN
MM42010010,16 RUE DE L'ABBE DAUBA,40000 MONT-DE-MARSAN
MM42020011,10 RUE DE L'ABBE DAUBA,40000 MONT-DE-MARSAN
MM42020012,08 RUE DE L'ABBE DAUBA,40000 MONT-DE-MARSAN
MM42020013,06 RUE DE L'ABBE DAUBA,40000 MONT-DE-MARSAN
MM42020014,04 RUE DE L'ABBE DAUBA,40000 MONT-DE-MARSAN
MM42020015,28 RUE DU PEYROUAT,40000 MONT-DE-MARSAN
MM42020016,26 RUE DU PEYROUAT,40000 MONT-DE-MARSAN
MM42020017,22 RUE DU PEYROUAT,40000 MONT-DE-MARSAN
MM42020018,20 RUE DU PEYROUAT,40000 MONT-DE-MARSAN
MM42020019,18 RUE DU PEYROUAT,40000 MONT-DE-MARSAN
MM42020020,16 RUE DU PEYROUAT,40000 MONT-DE-MARSAN
MM45010001,402 RUE PIERRE BENOIT,40000 MONT-DE-MARSAN
MM45010002,412 RUE PIERRE BENOIT,40000 MONT-DE-MARSAN
MM45010003,418 RUE PIERRE BENOIT,40000 MONT-DE-MARSAN
MM45010004,426 RUE PIERRE BENOIT,40000 MONT-DE-MARSAN
MM45010005,432 RUE PIERRE BENOIT,40000 MONT-DE-MARSAN
MM45010006,40 RUE DU PEYROUAT,40000 MONT-DE-MARSAN
MM45010007,42 RUE DU PEYROUAT,40000 MONT-DE-MARSAN
MM45010008,44 RUE DU PEYROUAT,40000 MONT-DE-MARSAN
MM45010009,46 RUE DU PEYROUAT,40000 MONT-DE-MARSAN
MM45010010,25 RUE ADJUDANT RENE VALY,40000 MONT-DE-MARSAN
MM45010011,23 RUE ADJUDANT RENE VALY,40000 MONT-DE-MARSAN
MM45010012,21 RUE ADJUDANT RENE VALY,40000 MONT-DE-MARSAN
MM45010013,19 RUE ADJUDANT RENE VALY,40000 MONT-DE-MARSAN
MM45010014,17 RUE ADJUDANT RENE VALY,40000 MONT-DE-MARSAN
MM45010015,15 RUE ADJUDANT RENE VALY,40000 MONT-DE-MARSAN
MM45010016,13 RUE ADJUDANT RENE VALY,40000 MONT-DE-MARSAN
MM45010017,11 RUE ADJUDANT RENE VALY,40000 MONT-DE-MARSAN
MM45010018,9 RUE ADJUDANT RENE VALY,40000 MONT-DE-MARSAN
MM45010019,7 RUE ADJUDANT RENE VALY,40000 MONT-DE-MARSAN
MM45010020,5 RUE ADJUDANT RENE VALY,40000 MONT-DE-MARSAN
MM45010021,3 RUE ADJUDANT RENE VALY,40000 MONT-DE-MARSAN
MM45010022,1 RUE ADJUDANT RENE VALY,40000 MONT-DE-MARSAN
MM45010023,8 RUE CHEF ESCADRON SOULEGRES,40000 MONT-DE-MARSAN
MM45010024,6 RUE CHEF ESCADRON SOULEGRES,40000 MONT-DE-MARSAN
MM45010025,1 RUE PIERRE MEUILLET,40000 MONT-DE-MARSAN
MM45010026,4 RUE CHEF ESCADRON SOULEGRES,40000 MONT-DE-MARSAN
MM45010027,5 RUE CHEF ESCADRON SOULEGRES,40000 MONT-DE-MARSAN
MM45010028,38 RUE DU PEYROUAT,40000 MONT-DE-MARSAN
MM45010029,7 RUE CHEF ESCADRON SOULEGRES,40000 MONT-DE-MARSAN
MM45010030,9 RUE CHEF ESCADRON SOULEGRES,40000 MONT-DE-MARSAN
MM46010001,16 RUE GUTENBERG,40000 MONT-DE-MARSAN
MM46010002,14 RUE GUTENBERG,40000 MONT-DE-MARSAN
MM46010003,12 RUE GUTENBERG,40000 MONT-DE-MARSAN
MM46010004,10 RUE GUTENBERG,40000 MONT-DE-MARSAN
MM46010005,8 RUE GUTENBERG,40000 MONT-DE-MARSAN
MM46010006,6 RUE GUTENBERG,40000 MONT-DE-MARSAN
MM46010007,4 RUE GUTENBERG,40000 MONT-DE-MARSAN
MM46010008,2 RUE GUTENBERG,40000 MONT-DE-MARSAN
MM46010009,4 RUE HENRI DUNANT,40000 MONT-DE-MARSAN
MM46010010,2 RUE HENRI DUNANT,40000 MONT-DE-MARSAN
MM46010011,6 RUE HENRI DUNANT,40000 MONT-DE-MARSAN
MM46010012,8 RUE HENRI DUNANT,40000 MONT-DE-MARSAN
MM46010013,10 RUE HENRI DUNANT,40000 MONT-DE-MARSAN
MM46010016,5 RUE HENRI DUNANT,40000 MONT-DE-MARSAN
MM46010017,7 RUE HENRI DUNANT,40000 MONT-DE-MARSAN
MM46010020,13 RUE HENRI DUNANT,40000 MONT-DE-MARSAN
MM46010021,15 RUE HENRI DUNANT,40000 MONT-DE-MARSAN
MM46010022,17 RUE HENRI DUNANT,40000 MONT-DE-MARSAN
MM46010023,19 RUE HENRI DUNANT,40000 MONT-DE-MARSAN
MM46010024,21 RUE HENRI DUNANT,40000 MONT-DE-MARSAN
MM46010025,23 RUE HENRI DUNANT,40000 MONT-DE-MARSAN
MM46010026,25 RUE HENRI DUNANT,40000 MONT-DE-MARSAN
MM46010029,31 RUE HENRI DUNANT,40000 MONT-DE-MARSAN
MM46010030,33 RUE HENRI DUNANT,40000 MONT-DE-MARSAN
MM46010032,26 RUE HENRI DUNANT,40000 MONT-DE-MARSAN
MM46010033,24 RUE HENRI DUNANT,40000 MONT-DE-MARSAN
MM46010034,22 RUE HENRI DUNANT,40000 MONT-DE-MARSAN
MM46010035,20 RUE HENRI DUNANT,40000 MONT-DE-MARSAN
MM46010037,16 RUE HENRI DUNANT,40000 MONT-DE-MARSAN
MM46010038,14 RUE HENRI DUNANT,40000 MONT-DE-MARSAN
MM46010039,12 RUE HENRI DUNANT,40000 MONT-DE-MARSAN
MM46010040,1 RUE GUTENBERG,40000 MONT-DE-MARSAN
MM46010041,3 RUE GUTENBERG,40000 MONT-DE-MARSAN
MM46010042,5 RUE GUTENBERG,40000 MONT-DE-MARSAN
MM46010043,7 RUE GUTENBERG,40000 MONT-DE-MARSAN
MM46010046,13 RUE GUTENBERG,40000 MONT-DE-MARSAN
MM46010047,75 RUE GASTON DUPOUY,40000 MONT-DE-MARSAN
MM46010048,65 RUE GASTON DUPOUY,40000 MONT-DE-MARSAN
MM46010049,18 RUE GUTENBERG,40000 MONT-DE-MARSAN
MM46010052,11 RUE GASTON DUPOUY,40000 MONT-DE-MARSAN
MM46010053,5 RUE GASTON DUPOUY,40000 MONT-DE-MARSAN
MM47010014,1 RUE HENRI DUNANT,40000 MONT-DE-MARSAN
MM47010015,3 RUE HENRI DUNANT,40000 MONT-DE-MARSAN
MM47010018,9 RUE HENRI DUNANT,40000 MONT-DE-MARSAN
MM47010019,11 RUE HENRI DUNANT,40000 MONT-DE-MARSAN
MM47010027,27 RUE HENRI DUNANT,40000 MONT-DE-MARSAN
MM47010028,29 RUE HENRI DUNANT,40000 MONT-DE-MARSAN
MM47010031,28 RUE HENRI DUNANT,40000 MONT-DE-MARSAN
MM47010036,18 RUE HENRI DUNANT,40000 MONT-DE-MARSAN
MM47010044,9 RUE GUTENBERG,40000 MONT-DE-MARSAN
MM47010045,11 RUE GUTENBERG,40000 MONT-DE-MARSAN
MM47010050,39 RUE GASTON DUPOUY,40000 MONT-DE-MARSAN
MM47010051,29 RUE GASTON DUPOUY,40000 MONT-DE-MARSAN
MM52010001,1 ALLEE CAPITAINE MORET,40000 MONT-DE-MARSAN
MM52010002,3 ALLEE CAPITAINE MORET,40000 MONT-DE-MARSAN
MM52010003,5 ALLEE CAPITAINE MORET,40000 MONT-DE-MARSAN
MM52010004,6 ALLEE CAPITAINE MORET,40000 MONT-DE-MARSAN
MM52010005,4 ALLEE CAPITAINE MORET,40000 MONT-DE-MARSAN
MM52010006,2 ALLEE CAPITAINE MORET,40000 MONT-DE-MARSAN
MM52010007,1 ALLEE CAPITAINE LAFARGUE,40000 MONT-DE-MARSAN
MM52010008,3 ALLEE CAPITAINE LAFARGUE,40000 MONT-DE-MARSAN
MM52010009,5 ALLEE CAPITAINE LAFARGUE,40000 MONT-DE-MARSAN
MM52010010,7 ALLEE CAPITAINE LAFARGUE,40000 MONT-DE-MARSAN
MM52010011,9 ALLEE CAPITAINE LAFARGUE,40000 MONT-DE-MARSAN
MM52010012,11 ALLEE CAPITAINE LAFARGUE,40000 MONT-DE-MARSAN
MM52010013,6 ALLEE CAPITAINE LAFARGUE,40000 MONT-DE-MARSAN
MM52010014,3 ALLEE SERGENT RUY,40000 MONT-DE-MARSAN
MM52010015,5 ALLEE SERGENT RUY,40000 MONT-DE-MARSAN
MM52010016,6 ALLEE SERGENT RUY,40000 MONT-DE-MARSAN
MM52010017,4 ALLEE SERGENT RUY,40000 MONT-DE-MARSAN
MM52010018,2 ALLEE SERGENT RUY,40000 MONT-DE-MARSAN
MM52010019,1 ALLEE SERGENT RUY,40000 MONT-DE-MARSAN
MM52010020,4 ALLEE CAPITAINE LAFARGUE,40000 MONT-DE-MARSAN
MM52010021,2 ALLEE CAPITAINE LAFARGUE,40000 MONT-DE-MARSAN
MM52010022,1 ALLEE LIEUTENANT BILLERES,40000 MONT-DE-MARSAN
MM52010023,3 ALLEE LIEUTENANT BILLERES,40000 MONT-DE-MARSAN
MM52010024,5 ALLEE LIEUTENANT BILLERES,40000 MONT-DE-MARSAN
MM52010025,6 ALLEE LIEUTENANT BILLERES,40000 MONT-DE-MARSAN
MM52010026,4 ALLEE LIEUTENANT BILLERES,40000 MONT-DE-MARSAN
MM52010027,2 ALLEE LIEUTENANT BILLERES,40000 MONT-DE-MARSAN
MM52010028,1 ALLEE SERGENT BERDOT,40000 MONT-DE-MARSAN
MM52010029,3 ALLEE SERGENT BERDOT,40000 MONT-DE-MARSAN
MM52010030,5 ALLEE SERGENT BERDOT,40000 MONT-DE-MARSAN
MM52010031,7 ALLEE SERGENT BERDOT,40000 MONT-DE-MARSAN
MM52010032,8 ALLEE SERGENT BERDOT,40000 MONT-DE-MARSAN
MM52010033,6 ALLEE SERGENT BERDOT,40000 MONT-DE-MARSAN
MM52010034,4 ALLEE SERGENT BERDOT,40000 MONT-DE-MARSAN
MM52010035,2 ALLEE SERGENT BERDOT,40000 MONT-DE-MARSAN
MM52020036,1 ALLEE COLONEL ROBERT DELIN,40000 MONT-DE-MARSAN
MM52020037,3 ALLEE COLONEL ROBERT DELIN,40000 MONT-DE-MARSAN
MM52020038,5 ALLEE COLONEL ROBERT DELIN,40000 MONT-DE-MARSAN
MM52020039,7 ALLEE COLONEL ROBERT DELIN,40000 MONT-DE-MARSAN
MM52020040,6 ALLEE COLONEL ROBERT DELIN,40000 MONT-DE-MARSAN
MM52020041,4 ALLEE COLONEL ROBERT DELIN,40000 MONT-DE-MARSAN
MM52020042,2 ALLEE COLONEL ROBERT DELIN,40000 MONT-DE-MARSAN
MM52020043,1 ALLEE GENERAL VICTOR DENAIN,40000 MONT-DE-MARSAN
MM52020044,3 ALLEE GENERAL VICTOR DENAIN,40000 MONT-DE-MARSAN
MM52020045,5 ALLEE GENERAL VICTOR DENAIN,40000 MONT-DE-MARSAN
MM52020046,7 ALLEE GENERAL VICTOR DENAIN,40000 MONT-DE-MARSAN
MM52020047,8 ALLEE GENERAL VICTOR DENAIN,40000 MONT-DE-MARSAN
MM52020048,6 ALLEE GENERAL VICTOR DENAIN,40000 MONT-DE-MARSAN
MM52020049,4 ALLEE GENERAL VICTOR DENAIN,40000 MONT-DE-MARSAN
MM52020050,2 ALLEE GENERAL VICTOR DENAIN,40000 MONT-DE-MARSAN
MM52020051,1 ALLEE GENERAL DE PINS,40000 MONT-DE-MARSAN
MM52020052,3 ALLEE GENERAL DE PINS,40000 MONT-DE-MARSAN
MM52020053,5 ALLEE GENERAL DE PINS,40000 MONT-DE-MARSAN
MM52020054,8 ALLEE GENERAL DE PINS,40000 MONT-DE-MARSAN
MM52020055,6 ALLEE GENERAL DE PINS,40000 MONT-DE-MARSAN
MM52020056,4 ALLEE GENERAL DE PINS,40000 MONT-DE-MARSAN
MM52020057,2 ALLEE GENERAL DE PINS,40000 MONT-DE-MARSAN
MM52020058,1 ALLEE CAPTAINE RIVAYROL,40000 MONT-DE-MARSAN
MM52020059,3 ALLEE CAPTAINE RIVAYROL,40000 MONT-DE-MARSAN
MM52020060,5 ALLEE CAPTAINE RIVAYROL,40000 MONT-DE-MARSAN
MM52020061,7 ALLEE CAPTAINE RIVAYROL,40000 MONT-DE-MARSAN
MM52020062,6 ALLEE CAPTAINE RIVAYROL,40000 MONT-DE-MARSAN
MM52020063,4 ALLEE CAPTAINE RIVAYROL,40000 MONT-DE-MARSAN
MM52020064,2 ALLEE CAPTAINE RIVAYROL,40000 MONT-DE-MARSAN
MM52020065,1 ALLEE SERGENT BLANC,40000 MONT-DE-MARSAN
MM52020066,3 ALLEE SERGENT BLANC,40000 MONT-DE-MARSAN
MM52020067,5 ALLEE SERGENT BLANC,40000 MONT-DE-MARSAN
MM52020068,6 ALLEE SERGENT BLANC,40000 MONT-DE-MARSAN
MM52020069,4 ALLEE SERGENT BLANC,40000 MONT-DE-MARSAN
MM52020070,2 ALLEE SERGENT BLANC,40000 MONT-DE-MARSAN
MM61010001,65 RUE FERNAND CAZENAVE,40000 MONT-DE-MARSAN
MM61010002,63 RUE FERNAND CAZENAVE,40000 MONT-DE-MARSAN
MM61010003,73 RUE FERNAND CAZENAVE,40000 MONT-DE-MARSAN
MM61010004,71 RUE FERNAND CAZENAVE,40000 MONT-DE-MARSAN
MM61010005,52 RUE FERNAND CAZENAVE,40000 MONT-DE-MARSAN
MM61010006,56 RUE FERNAND CAZENAVE,40000 MONT-DE-MARSAN
MM61010007,76 RUE FERNAND CAZENAVE,40000 MONT-DE-MARSAN
MM61010008,80 RUE FERNAND CAZENAVE,40000 MONT-DE-MARSAN
MM61010009,98 RUE FERNAND CAZENAVE,40000 MONT-DE-MARSAN
MM61010010,105 RUE FERNAND CAZENAVE,40000 MONT-DE-MARSAN
MM61010011,102 RUE FERNAND CAZENAVE,40000 MONT-DE-MARSAN
MM61010012,128 RUE FERNAND CAZENAVE,40000 MONT-DE-MARSAN
MM61010013,130 RUE FERNAND CAZENAVE,40000 MONT-DE-MARSAN
MM61010019,166 RUE FERNAND CAZENAVE,40000 MONT-DE-MARSAN
MM61010020,172 RUE FERNAND CAZENAVE,40000 MONT-DE-MARSAN
MM61010021,SERVICES TECHNIQUES,40000 MONT-DE-MARSAN
MM61010022,175 RUE FERNAND CAZENAVE,40000 MONT-DE-MARSAN
MM61010023,173 RUE FERNAND CAZENAVE,40000 MONT-DE-MARSAN
MM61010024,157 RUE FERNAND CAZENAVE,40000 MONT-DE-MARSAN
MM61010025,127 RUE FERNAND CAZENAVE,40000 MONT-DE-MARSAN
MM62010001,36 RUE PIERRE HIQUET,40000 MONT-DE-MARSAN
MM62010004,40 RUE PIERRE HIQUET,40000 MONT-DE-MARSAN
MM62010005,42 RUE PIERRE HIQUET,40000 MONT-DE-MARSAN
MM62010006,44 RUE PIERRE HIQUET,40000 MONT-DE-MARSAN
MM62010007,46 RUE PIERRE HIQUET,40000 MONT-DE-MARSAN
MM62010008,76 RUE PIERRE HIQUET,40000 MONT-DE-MARSAN
MM62010011,82 RUE PIERRE HIQUET,40000 MONT-DE-MARSAN
MM62010014,149 RUE PIERRE HIQUET,40000 MONT-DE-MARSAN
MM62010015,145 RUE PIERRE HIQUET,40000 MONT-DE-MARSAN
MM62010016,139 RUE PIERRE HIQUET,40000 MONT-DE-MARSAN
MM62010017,119 RUE PIERRE HIQUET,40000 MONT-DE-MARSAN
MM62010018,115 RUE PIERRE HIQUET,40000 MONT-DE-MARSAN
MM62010019,101 RUE PIERRE HIQUET,40000 MONT-DE-MARSAN
MM62010020,97 RUE PIERRE HIQUET,40000 MONT-DE-MARSAN
MM62010021,87 RUE PIERRE HIQUET,40000 MONT-DE-MARSAN
MM62010022,85 RUE PIERRE HIQUET,40000 MONT-DE-MARSAN
MM62010025,67 RUE PIERRE HIQUET,40000 MONT-DE-MARSAN
MM62010026,63 RUE PIERRE HIQUET,40000 MONT-DE-MARSAN
MM62010027,59 RUE PIERRE HIQUET,40000 MONT-DE-MARSAN
MM62010028,57 RUE PIERRE HIQUET,40000 MONT-DE-MARSAN
MM62010029,39 RUE PIERRE HIQUET,40000 MONT-DE-MARSAN
MM62010030,37 RUE PIERRE HIQUET,40000 MONT-DE-MARSAN
MM62010031,33 RUE PIERRE HIQUET,40000 MONT-DE-MARSAN
MM62010032,29 RUE PIERRE HIQUET,40000 MONT-DE-MARSAN
MM62010033,17 RUE PIERRE HIQUET,40000 MONT-DE-MARSAN
MM62010034,15 RUE PIERRE HIQUET,40000 MONT-DE-MARSAN
MM62010035,11 RUE PIERRE HIQUET,40000 MONT-DE-MARSAN
MM67010001,32 RUE DU PEYROUAT,40000 MONT-DE-MARSAN
MM67010002,51 AVENUE PIERRE MEUILLET,40000 MONT-DE-MARSAN
MM67010003,61 AVENUE PIERRE MEUILLET,40000 MONT-DE-MARSAN
MM67010004,71 AVENUE PIERRE MEUILLET,40000 MONT-DE-MARSAN
MM67010005,81 AVENUE PIERRE MEUILLET,40000 MONT-DE-MARSAN
MM67010006,91 AVENUE PIERRE MEUILLET,40000 MONT-DE-MARSAN
MM68010001,111 AVENUE PIERRE MEUILLET,40000 MONT-DE-MARSAN
MM68010002,125 AVENUE PIERRE MEUILLET,40000 MONT-DE-MARSAN
MM68010003,141 AVENUE PIERRE MEUILLET,40000 MONT-DE-MARSAN
MM68010004,155 AVENUE PIERRE MEUILLET,40000 MONT-DE-MARSAN
MM69010001,7 IMPASSE ABBE DAUBA,40000 MONT-DE-MARSAN
MM69010002,19 IMPASSE ABBE DAUBA,40000 MONT-DE-MARSAN
MM69010003,31 IMPASSE ABBE DAUBA,40000 MONT-DE-MARSAN
MM69010004,43 IMPASSE ABBE DAUBA,40000 MONT-DE-MARSAN
MM69010005,162 RUE THOMAS DIAZ,40000 MONT-DE-MARSAN
MM69010006,150 RUE THOMAS DIAZ,40000 MONT-DE-MARSAN
MM69010007,138 RUE THOMAS DIAZ,40000 MONT-DE-MARSAN
MM69010008,126 RUE THOMAS DIAZ,40000 MONT-DE-MARSAN
MM72010001,104 RUE LOUIS BRAILLE,40000 MONT-DE-MARSAN
MM72010002,84 RUE LOUIS BRAILLE,40000 MONT-DE-MARSAN
MM72010003,80 RUE LOUIS BRAILLE,40000 MONT-DE-MARSAN
MM72010004,58 RUE LOUIS BRAILLE,40000 MONT-DE-MARSAN
MM72010005,54 RUE LOUIS BRAILLE,40000 MONT-DE-MARSAN
MM72010006,32 RUE LOUIS BRAILLE,40000 MONT-DE-MARSAN
MM72010007,28 RUE LOUIS BRAILLE,40000 MONT-DE-MARSAN
MM72010008,8 RUE LOUIS BRAILLE,40000 MONT-DE-MARSAN
MM72010009,203 RUE GASTON DUPOUY,40000 MONT-DE-MARSAN
MM72010010,207 RUE GASTON DUPOUY,40000 MONT-DE-MARSAN
MM72010011,229 RUE GASTON DUPOUY,40000 MONT-DE-MARSAN
MM72010012,3 RUE NEIL ARMSTRONG,40000 MONT-DE-MARSAN
MM72010013,2 RUE NEIL ARMSTRONG,40000 MONT-DE-MARSAN
MM72010014,23 RUE NEIL ARMSTRONG,40000 MONT-DE-MARSAN
MM72010015,24 RUE NEIL ARMSTRONG,40000 MONT-DE-MARSAN
MM72010016,27 RUE NEIL ARMSTRONG,40000 MONT-DE-MARSAN
MM72010017,28 RUE NEIL ARMSTRONG,40000 MONT-DE-MARSAN
MM72010018,51 RUE NEIL ARMSTRONG,40000 MONT-DE-MARSAN
MM72010019,50 RUE NEIL ARMSTRONG,40000 MONT-DE-MARSAN
MM72010020,55 RUE NEIL ARMSTRONG,40000 MONT-DE-MARSAN
MM72010021,60 RUE NEIL ARMSTRONG,40000 MONT-DE-MARSAN
MM72010022,77 RUE NEIL ARMSTRONG,40000 MONT-DE-MARSAN
MM72010023,82 RUE NEIL ARMSTRONG,40000 MONT-DE-MARSAN
MM72010024,89 RUE NEIL ARMSTRONG,40000 MONT-DE-MARSAN
MM72010025,144 RUE NEIL ARMSTRONG,40000 MONT-DE-MARSAN
MM72010026,143 RUE NEIL ARMSTRONG,40000 MONT-DE-MARSAN
MM72010027,166 RUE NEIL ARMSTRONG,40000 MONT-DE-MARSAN
MM72010028,165 RUE NEIL ARMSTRONG,40000 MONT-DE-MARSAN
MM72010029,169 RUE NEIL ARMSTRONG,40000 MONT-DE-MARSAN
MM72010030,181 RUE NEIL ARMSTRONG,40000 MONT-DE-MARSAN
MM72010031,28 IMPASSE NEIL ARMSTRONG,40000 MONT-DE-MARSAN
MM72010032,6 IMPASSE NEIL ARMSTRONG,40000 MONT-DE-MARSAN
MM72010033,199 RUE NEIL ARMSTRONG,40000 MONT-DE-MARSAN
MM72010034,203 RUE NEIL ARMSTRONG,40000 MONT-DE-MARSAN
MM72010035,210 RUE NEIL ARMSTRONG,40000 MONT-DE-MARSAN
MM72010036,225 RUE NEIL ARMSTRONG,40000 MONT-DE-MARSAN
MM72010037,214 RUE NEIL ARMSTRONG,40000 MONT-DE-MARSAN
MM72010038,229 RUE NEIL ARMSTRONG,40000 MONT-DE-MARSAN
MM72010039,236 RUE NEIL ARMSTRONG,40000 MONT-DE-MARSAN
MM72010040,251 RUE NEIL ARMSTRONG,40000 MONT-DE-MARSAN
MM72010041,242 RUE NEIL ARMSTRONG,40000 MONT-DE-MARSAN
MM72010042,255 RUE NEIL ARMSTRONG,40000 MONT-DE-MARSAN
MM72010043,262 RUE NEIL ARMSTRONG,40000 MONT-DE-MARSAN
MM72010044,275 RUE NEIL ARMSTRONG,40000 MONT-DE-MARSAN
MM72010045,276 RUE NEIL ARMSTRONG,40000 MONT-DE-MARSAN
MM72010046,297 RUE NEIL ARMSTRONG,40000 MONT-DE-MARSAN
MM72010047,296 RUE NEIL ARMSTRONG,40000 MONT-DE-MARSAN
MM72010048,301 RUE NEIL ARMSTRONG,40000 MONT-DE-MARSAN
MM72010049,302 RUE NEIL ARMSTRONG,40000 MONT-DE-MARSAN
MM72010050,325 RUE NEIL ARMSTRONG,40000 MONT-DE-MARSAN
MM72010051,324 RUE NEIL ARMSTRONG,40000 MONT-DE-MARSAN
MM75010001,4 AVENUE DE LA LAICITE,40000 MONT-DE-MARSAN
MM75010002,2 AVENUE DE LA LAICITE,40000 MONT-DE-MARSAN
MM75010003,6 AVENUE DE LA LAICITE,40000 MONT-DE-MARSAN
MM84010001,415 CHEMIN DE MENJOT,40000 MONT-DE-MARSAN
MM84010002,399 CHEMIN DE MENJOT,40000 MONT-DE-MARSAN
MM84010003,385 CHEMIN DE MENJOT,40000 MONT-DE-MARSAN
MN01010001,20 RUE DES BIENVENUS,40500 MONTGAILLARD
MN01010002,40 RUE DES BIENVENUS,40500 MONTGAILLARD
MN01010003,50 RUE DES BIENVENUS,40500 MONTGAILLARD
MN01010004,110 RUE DES BIENVENUS,40500 MONTGAILLARD
MN01010005,130 RUE DES BIENVENUS,40500 MONTGAILLARD
MN01010006,150 RUE DES BIENVENUS,40500 MONTGAILLARD
MO01010001,1 LA GRANDE SEGUE,40410 MANO
MO01010002,2 LA GRANDE SEGUE,40410 MANO
MR01010001,89 ROUTE DE ROQUEFORT,40120 MAILLERES
MR01010002,91 ROUTE DE ROQUEFORT,40120 MAILLERES
MR01010003,93 ROUTE DE ROQUEFORT,40120 MAILLERES
MR01010004,94 ROUTE DE ROQUEFORT,40120 MAILLERES
MS01010001,92 RUE DU STADE,40320 MIRAMONT-SENSACQ
MS01010002,96 RUE DU STADE,40320 MIRAMONT-SENSACQ
MS01010003,132 RUE DU STADE,40320 MIRAMONT-SENSACQ
MS01010004,136 RUE DU STADE,40320 MIRAMONT-SENSACQ
MU02010001,17 LOTISSEMENT DE HILLETTE,40250 MUGRON
MU02010002,16 LOTISSEMENT DE HILLETTE,40250 MUGRON
MU02010003,18 LOTISSEMENT DE HILLETTE,40250 MUGRON
MU02010004,19 LOTISSEMENT DE HILLETTE,40250 MUGRON
MX02010001,2 RUE DE LA CITE BARBUSSE,40110 MORCENX-LA-NOUVELLE
MX02010002,4 RUE CITE BARBUSSE,40110 MORCENX-LA-NOUVELLE
MX02010003,6 RUE CITE BARBUSSE,40110 MORCENX-LA-NOUVELLE
MX02010004,8 RUE CITE BARBUSSE,40110 MORCENX-LA-NOUVELLE
MX02010005,10 RUE CITE BARBUSSE,40110 MORCENX-LA-NOUVELLE
MX02010006,12 RUE CITE BARBUSSE,40110 MORCENX-LA-NOUVELLE
MX02010007,14 RUE CITE BARBUSSE,40110 MORCENX-LA-NOUVELLE
MX02010008,16 RUE CITE BARBUSSE,40110 MORCENX-LA-NOUVELLE
MX02010009,18 RUE CITE BARBUSSE,40110 MORCENX-LA-NOUVELLE
MX02010010,20 RUE CITE BARBUSSE,40110 MORCENX-LA-NOUVELLE
MX02010011,22 RUE CITE BARBUSSE,40110 MORCENX-LA-NOUVELLE
MX02010012,24 RUE CITE BARBUSSE,40110 MORCENX-LA-NOUVELLE
MX02010013,26 RUE CITE BARBUSSE,40110 MORCENX-LA-NOUVELLE
MX02010014,28 RUE CITE BARBUSSE,40110 MORCENX-LA-NOUVELLE
MX02010015,30 RUE CITE BARBUSSE,40110 MORCENX-LA-NOUVELLE
MX02010016,32 RUE CITE BARBUSSE,40110 MORCENX-LA-NOUVELLE
MX02010017,34 RUE CITE BARBUSSE,40110 MORCENX-LA-NOUVELLE
MX02010018,36 RUE CITE BARBUSSE,40110 MORCENX-LA-NOUVELLE
MX02010019,1 RUE CITE BARBUSSE,40110 MORCENX-LA-NOUVELLE
MX02010020,3 RUE CITE BARBUSSE,40110 MORCENX-LA-NOUVELLE
MX02010021,5 RUE CITE BARBUSSE,40110 MORCENX-LA-NOUVELLE
MX02010022,7 RUE CITE BARBUSSE,40110 MORCENX-LA-NOUVELLE
MX02010023,9 RUE CITE BARBUSSE,40110 MORCENX-LA-NOUVELLE
MX02010024,11 RUE CITE BARBUSSE,40110 MORCENX-LA-NOUVELLE
MX02010025,13 RUE CITE BARBUSSE,40110 MORCENX-LA-NOUVELLE
MX02010026,15 RUE CITE BARBUSSE,40110 MORCENX-LA-NOUVELLE
MX02010027,17 RUE CITE BARBUSSE,40110 MORCENX-LA-NOUVELLE
MX02010028,19 RUE CITE BARBUSSE,40110 MORCENX-LA-NOUVELLE
MX02010029,21 RUE CITE BARBUSSE,40110 MORCENX-LA-NOUVELLE
MX02010030,23 RUE CITE BARBUSSE,40110 MORCENX-LA-NOUVELLE
MX03010001,25 RUE DE LA CITE BARBUSSE,40110 MORCENX-LA-NOUVELLE
MX03010002,27 RUE DE LA CITE BARBUSSE,40110 MORCENX-LA-NOUVELLE
MX03010003,29 RUE DE LA CITE BARBUSSE,40110 MORCENX-LA-NOUVELLE
MX03010004,31 RUE DE LA CITE BARBUSSE,40110 MORCENX-LA-NOUVELLE
MX03010005,33 RUE DE LA CITE BARBUSSE,40110 MORCENX-LA-NOUVELLE
MX03010006,35 RUE DE LA CITE BARBUSSE,40110 MORCENX-LA-NOUVELLE
MX03010007,37 RUE DE LA CITE BARBUSSE,40110 MORCENX-LA-NOUVELLE
MX03010008,82 RUE DE LA CITE BARBUSSE,40110 MORCENX-LA-NOUVELLE
MX03010009,80 RUE DE LA CITE BARBUSSE,40110 MORCENX-LA-NOUVELLE
MX03010010,78 RUE DE LA CITE BARBUSSE,40110 MORCENX-LA-NOUVELLE
MX03010011,76 RUE DE LA CITE BARBUSSE,40110 MORCENX-LA-NOUVELLE
MX03010012,74 RUE DE LA CITE BARBUSSE,40110 MORCENX-LA-NOUVELLE
MX03010013,72 RUE DE LA CITE BARBUSSE,40110 MORCENX-LA-NOUVELLE
MX03010014,70 RUE DE LA CITE BARBUSSE,40110 MORCENX-LA-NOUVELLE
MX03010015,68 RUE DE LA CITE BARBUSSE,40110 MORCENX-LA-NOUVELLE
MX03010016,66 RUE DE LA CITE BARBUSSE,40110 MORCENX-LA-NOUVELLE
MX03010017,64 RUE DE LA CITE BARBUSSE,40110 MORCENX-LA-NOUVELLE
MX03010018,62 RUE DE LA CITE BARBUSSE,40110 MORCENX-LA-NOUVELLE
MX03010019,60 RUE DE LA CITE BARBUSSE,40110 MORCENX-LA-NOUVELLE
MX03010020,58 RUE DE LA CITE BARBUSSE,40110 MORCENX-LA-NOUVELLE
MX03010021,56 RUE DE LA CITE BARBUSSE,40110 MORCENX-LA-NOUVELLE
MX03010022,54 RUE DE LA CITE BARBUSSE,40110 MORCENX-LA-NOUVELLE
MX03010023,52 RUE DE LA CITE BARBUSSE,40110 MORCENX-LA-NOUVELLE
MX03010024,50 RUE DE LA CITE BARBUSSE,40110 MORCENX-LA-NOUVELLE
MX03010025,48 RUE DE LA CITE BARBUSSE,40110 MORCENX-LA-NOUVELLE
MX03010026,46 RUE DE LA CITE BARBUSSE,40110 MORCENX-LA-NOUVELLE
MX03010027,44 RUE DE LA CITE BARBUSSE,40110 MORCENX-LA-NOUVELLE
MX03010028,42 RUE DE LA CITE BARBUSSE,40110 MORCENX-LA-NOUVELLE
MX03010029,40 RUE DE LA CITE BARBUSSE,40110 MORCENX-LA-NOUVELLE
MX03010030,38 RUE DE LA CITE BARBUSSE,40110 MORCENX-LA-NOUVELLE
MX04010001,2 RUE DE LA CITE PERNAUTUC,40110 MORCENX-LA-NOUVELLE
MX04010002,4 RUE CITE PERNAUTUC,40110 MORCENX-LA-NOUVELLE
MX04010003,6 RUE CITE PERNAUTUC,40110 MORCENX-LA-NOUVELLE
MX04010004,8 RUE CITE PERNAUTUC,40110 MORCENX-LA-NOUVELLE
MX04010005,10 RUE CITE PERNAUTUC,40110 MORCENX-LA-NOUVELLE
MX04010006,12 RUE CITE PERNAUTUC,40110 MORCENX-LA-NOUVELLE
MX04010008,16 RUE CITE PERNAUTUC,40110 MORCENX-LA-NOUVELLE
MX04010009,18 RUE CITE PERNAUTUC,40110 MORCENX-LA-NOUVELLE
MX04010012,24 RUE CITE PERNAUTUC,40110 MORCENX-LA-NOUVELLE
MX04010013,26 RUE CITE PERNAUTUC,40110 MORCENX-LA-NOUVELLE
MX04010014,28 RUE CITE PERNAUTUC,40110 MORCENX-LA-NOUVELLE
MX04010015,30 CITE PERNAUTUC,40110 MORCENX-LA-NOUVELLE
MX04010016,32 RUE CITE PERNAUTUC,40110 MORCENX-LA-NOUVELLE
MX04010017,27 RUE CITE PERNAUTUC,40110 MORCENX-LA-NOUVELLE
MX04010018,25 RUE CITE PERNAUTUC,40110 MORCENX-LA-NOUVELLE
MX04010019,23 RUE CITE PERNAUTUC,40110 MORCENX-LA-NOUVELLE
MX04010020,21 RUE CITE PERNAUTUC,40110 MORCENX-LA-NOUVELLE
MX04010021,19 RUE CITE PERNAUTUC,40110 MORCENX-LA-NOUVELLE
MX04010022,17 RUE CITE PERNAUTUC,40110 MORCENX-LA-NOUVELLE
MX04010023,15 CITE PERNAUTUC,40110 MORCENX-LA-NOUVELLE
MX04010024,13 RUE CITE PERNAUTUC,40110 MORCENX-LA-NOUVELLE
MX04010025,11 RUE CITE PERNAUTUC,40110 MORCENX-LA-NOUVELLE
MX04010026,9 RUE CITE PERNAUTUC,40110 MORCENX-LA-NOUVELLE
MX04010027,7 RUE CITE PERNAUTUC,40110 MORCENX-LA-NOUVELLE
MX04010028,5 CITE PERNAUTUC,40110 MORCENX-LA-NOUVELLE
MX04010029,3 RUE CITE PERNAUTUC,40110 MORCENX-LA-NOUVELLE
MX04010030,1 RUE CITE PERNAUTUC,40110 MORCENX-LA-NOUVELLE
MX11010001,8 AVENUE JOFFRE,40110 MORCENX-LA-NOUVELLE
MX11010002,12 AVENUE JOFFRE,40110 MORCENX-LA-NOUVELLE
MX11010003,10 AVENUE JOFFRE,40110 MORCENX-LA-NOUVELLE
MX11010004,2 AVENUE JOFFRE,40110 MORCENX-LA-NOUVELLE
MX12010001,13 RUE DES VENTS,40110 MORCENX-LA-NOUVELLE
MX12010002,33 RUE DES DUNES,40110 MORCENX-LA-NOUVELLE
MX12010003,32 RUE DES DUNES,40110 MORCENX-LA-NOUVELLE
MX12010004,22 RUE DES OYATS,40110 MORCENX-LA-NOUVELLE
MX12010005,47 AVENUE GASTON NELSON,40110 MORCENX-LA-NOUVELLE
MX12010006,55 AVENUE GASTON NELSON,40110 MORCENX-LA-NOUVELLE
MX12010007,63 AVENUE GASTON NELSON,40110 MORCENX-LA-NOUVELLE
MX12010008,4 ROUTE DE GARROSSE,40110 MORCENX-LA-NOUVELLE
MX12010009,16 ROUTE DE GARROSSE,40110 MORCENX-LA-NOUVELLE
MX12010010,16 CHEMIN DE COMPAGNON,40110 MORCENX-LA-NOUVELLE
MX12010011,4 RUE DES PINSONS,40110 MORCENX-LA-NOUVELLE
MX12010013,12 RUE DES PINSONS,40110 MORCENX-LA-NOUVELLE
MX12010014,4 RUE DES MERLES,40110 MORCENX-LA-NOUVELLE
MX12010015,18 RUE DES MERLES,40110 MORCENX-LA-NOUVELLE
MX12010016,14 RUE DE L'OCEAN,40110 MORCENX-LA-NOUVELLE
MX12010018,21 RUE DES ECUREUILS,40110 MORCENX-LA-NOUVELLE
MX12010019,20 RUE DES SPORTS,40110 MORCENX-LA-NOUVELLE
MX13010001,57 AVENUE GASTON NELSON,40110 MORCENX-LA-NOUVELLE
MX13010002,59 AVENUE GASTON NELSON,40110 MORCENX-LA-NOUVELLE
MX13010003,12 RUE DE L'ETANG,40110 MORCENX-LA-NOUVELLE
MX13010004,6 ROUTE DE GARROSSE,40110 MORCENX-LA-NOUVELLE
MX13010006,26 ROUTE DE GARROSSE,40110 MORCENX-LA-NOUVELLE
MX13010007,1 IMPASSE DE L'ETANG,40110 MORCENX-LA-NOUVELLE
MX13010008,5 IMPASSE DE L'ETANG,40110 MORCENX-LA-NOUVELLE
MX13010009,7 IMPASSE DE L'ETANG,40110 MORCENX-LA-NOUVELLE
MX13010010,11 IMPASSE DE L'ETANG,40110 MORCENX-LA-NOUVELLE
MX13010011,13 IMPASSE DE L'ETANG,40110 MORCENX-LA-NOUVELLE
MX13010012,7 RUE DE L'ETANG,40110 MORCENX-LA-NOUVELLE
MX13010013,73 AVENUE GASTON NELSON,40110 MORCENX-LA-NOUVELLE
MX13010014,4 RUE DES BICHES,40110 MORCENX-LA-NOUVELLE
MX13010015,27 RUE DES ECUREUILS,40110 MORCENX-LA-NOUVELLE
MX13010016,17 RUE DE L'OCEAN,40110 MORCENX-LA-NOUVELLE
MX13010017,60 AVENUE JULES FERRY,40110 MORCENX-LA-NOUVELLE
MX13010019,58 AVENUE JULES FERRY,40110 MORCENX-LA-NOUVELLE
MX13010020,13 RUE DE L'OCEAN,40110 MORCENX-LA-NOUVELLE
MX13010021,56 AVENUE JULES FERRY,40110 MORCENX-LA-NOUVELLE
MX13010022,9 RUE DE L'OCEAN,40110 MORCENX-LA-NOUVELLE
MX13010023,46 AVENUE JULES FERRY,40110 MORCENX-LA-NOUVELLE
MX13010024,1 RUE DE L'OCEAN,40110 MORCENX-LA-NOUVELLE
MX13010026,3 RUE HUGUES,40110 MORCENX-LA-NOUVELLE
MX13010027,7 RUE HUGUES,40110 MORCENX-LA-NOUVELLE
MX13010028,2 RUE LUXEY BONNET,40110 MORCENX-LA-NOUVELLE
MX13010029,22 RUE PIERRE DE COUBERTIN,40110 MORCENX-LA-NOUVELLE
MX13010030,1 RUE LUXEY BONNET,40110 MORCENX-LA-NOUVELLE
MX13010031,10 RUE DES CHAMPS,40110 MORCENX-LA-NOUVELLE
MX13010032,3 RUE DES CHAMPS,40110 MORCENX-LA-NOUVELLE
MX13010033,22 RUE DE LA FORET,40110 MORCENX-LA-NOUVELLE
MX13010034,1 RUE DES PINS,40110 MORCENX-LA-NOUVELLE
MX13010046,14 CHEMIN DE COMPAGNON,40110 MORCENX-LA-NOUVELLE
MX13010047,1 RUE DES MERLES,40110 MORCENX-LA-NOUVELLE
MX13010048,3 RUE DES DUNES,40110 MORCENX-LA-NOUVELLE
MX13010049,29 RUE ISIDORE SALLES,40110 MORCENX-LA-NOUVELLE
MX13010050,4 RUE DES OYATS,40110 MORCENX-LA-NOUVELLE
MX15010001,18 ROUTE DE GARROSSE,40110 MORCENX-LA-NOUVELLE
MX15010002,20 ROUTE DE GARROSSE,40110 MORCENX-LA-NOUVELLE
MX15010003,9 IMPASSE DE L'ETANG,40110 MORCENX-LA-NOUVELLE
MX15010004,35 RUE DES ECUREUILS,40110 MORCENX-LA-NOUVELLE
MX15010005,18 RUE DES ECUREUILS,40110 MORCENX-LA-NOUVELLE
MX15010008,10 RUE DES ECUREUILS,40110 MORCENX-LA-NOUVELLE
MX15010009,7 RUE DE L'OCEAN,40110 MORCENX-LA-NOUVELLE
MX15010010,16 RUE DE L'OCEAN,40110 MORCENX-LA-NOUVELLE
MX15010011,8 RUE DE L'OCEAN,40110 MORCENX-LA-NOUVELLE
MX15010012,8 RUE DES SPORTS,40110 MORCENX-LA-NOUVELLE
MX15010013,24 RUE PIERRE DE COUBERTIN,40110 MORCENX-LA-NOUVELLE
MX15010014,10 RUE PIERRE DE COUBERTIN,40110 MORCENX-LA-NOUVELLE
MX15010015,8 RUE PIERRE DE COUBERTIN,40110 MORCENX-LA-NOUVELLE
MX15010016,2 IMPASSE DES CHAMPS,40110 MORCENX-LA-NOUVELLE
MX15010021,61 RUE ISIDORE SALLES,40110 MORCENX-LA-NOUVELLE
MX15010022,37 RUE DE LA FORET,40110 MORCENX-LA-NOUVELLE
MX15010032,8 IMPASSE DES MERLES,40110 MORCENX-LA-NOUVELLE
MX15010034,2 RUE DES MERLES,40110 MORCENX-LA-NOUVELLE
MX15010035,7 RUE DES GRIVES,40110 MORCENX-LA-NOUVELLE
MX15010036,1 RUE DES DUNES,40110 MORCENX-LA-NOUVELLE
MX15010037,28 RUE DES DUNES,40110 MORCENX-LA-NOUVELLE
MX16010001,6 RUE DES MERLES,40110 MORCENX-LA-NOUVELLE
MX16010002,2 RUE DES OYATS,40110 MORCENX-LA-NOUVELLE
MX16010003,14 RUE DE L'ETANG,40110 MORCENX-LA-NOUVELLE
MX16010004,5 RUE DE L'OCEAN,40110 MORCENX-LA-NOUVELLE
MX16010005,12 RUE DE L'OCEAN,40110 MORCENX-LA-NOUVELLE
MX16010006,21 RUE VICTOR DURUY,40110 MORCENX-LA-NOUVELLE
MX16010007,19 RUE VICTOR DURUY,40110 MORCENX-LA-NOUVELLE
MX16010008,8 RUE DES CHAMPS,40110 MORCENX-LA-NOUVELLE
MX17010001,30 RUE ANATOLE FRANCE,40110 MORCENX-LA-NOUVELLE
MX17010002,32 RUE ANATOLE FRANCE,40110 MORCENX-LA-NOUVELLE
MX19010001,22 RUE FREDERIC BASTIAT,40110 MORCENX-LA-NOUVELLE
MX19010002,24 RUE FREDERIC BASTIAT,40110 MORCENX-LA-NOUVELLE
MX20010001,8 PASSAGE JOFFRE,40110 MORCENX-LA-NOUVELLE
MX20010002,6 PASSAGE JOFFRE,40110 MORCENX-LA-NOUVELLE
MX20010003,4 PASSAGE JOFFRE,40110 MORCENX-LA-NOUVELLE
MX20010004,2 PASSAGE JOFFRE,40110 MORCENX-LA-NOUVELLE
MX21010001,4 RUE DES BOUVREUILS,40110 MORCENX-LA-NOUVELLE
MX22010001,2 CHEMIN DE GIRONSACQ,40110 MORCENX-LA-NOUVELLE
MX22010002,7 CHEMIN DE LA TUILERIE,40110 MORCENX-LA-NOUVELLE
MX22010003,9 A CHEMIN DE LA TUILERIE,40110 MORCENX-LA-NOUVELLE
MX22010004,9 BIS CHEMIN DE LA TUILERIE,40110 MORCENX-LA-NOUVELLE
MX22010005,11A CHEMIN DE LA TUILERIE,40110 MORCENX-LA-NOUVELLE
MX22010006,11 BIS CHEMIN DE LA TUILERIE,40110 MORCENX-LA-NOUVELLE
MX22010007,13A CHEMIN DE LA TUILERIE,40110 MORCENX-LA-NOUVELLE
MX22010008,13 BIS CHEMIN DE LA TUILERIE,40110 MORCENX-LA-NOUVELLE
MX22010009,15 A CHEMIN DE LA TUILERIE,40110 MORCENX-LA-NOUVELLE
MX22010010,15 BIS CHEMIN DE LA TUILERIE,40110 MORCENX-LA-NOUVELLE
MX24010001,35 RUE DES PAPILLONS,40110 MORCENX-LA-NOUVELLE
MX24010002,33 RUE DES PAPILLONS,40110 MORCENX-LA-NOUVELLE
MX24010003,31 RUE DES PAPILLONS,40110 MORCENX-LA-NOUVELLE
MX24010004,29 RUE DES PAPILLONS,40110 MORCENX-LA-NOUVELLE
MX24010005,27 RUE DES PAPILLONS,40110 MORCENX-LA-NOUVELLE
MX24010006,25 RUE DES PAPILLONS,40110 MORCENX-LA-NOUVELLE
MX24010007,23 RUE DES PAPILLONS,40110 MORCENX-LA-NOUVELLE
MX24010008,21 RUE DES PAPILLONS,40110 MORCENX-LA-NOUVELLE
MX24010009,19 RUE DES PAPILLONS,40110 MORCENX-LA-NOUVELLE
MX24010010,17 RUE DES PAPILLONS,40110 MORCENX-LA-NOUVELLE
MX24010011,15 RUE DES PAPILLONS,40110 MORCENX-LA-NOUVELLE
MX24010012,13 RUE DES PAPILLONS,40110 MORCENX-LA-NOUVELLE
MX24010013,11 RUE DES PAPILLONS,40110 MORCENX-LA-NOUVELLE
MX24010014,9 RUE DES PAPILLONS,40110 MORCENX-LA-NOUVELLE
MX24010015,7 RUE DES PAPILLONS,40110 MORCENX-LA-NOUVELLE
MX24010016,5 RUE DES PAPILLONS,40110 MORCENX-LA-NOUVELLE
MX24010017,3 RUE DES PAPILLONS,40110 MORCENX-LA-NOUVELLE
MX24010018,1 RUE DES PAPILLONS,40110 MORCENX-LA-NOUVELLE
MX24010019,2 RUE DES PAPILLONS,40110 MORCENX-LA-NOUVELLE
MX24010020,4 RUE DES PAPILLONS,40110 MORCENX-LA-NOUVELLE
MX24010021,6 RUE DES PAPILLONS,40110 MORCENX-LA-NOUVELLE
MX24010022,8 RUE DES PAPILLONS,40110 MORCENX-LA-NOUVELLE
MX25010001,25A AVENUE PASTEUR,40110 MORCENX-LA-NOUVELLE
MX25010002,25B AVENUE PASTEUR,40110 MORCENX-LA-NOUVELLE
MX25010003,25C AVENUE PASTEUR,40110 MORCENX-LA-NOUVELLE
MX25010004,27 AVENUE PASTEUR,40110 MORCENX-LA-NOUVELLE
MX27010001,1 PASSAGE JOFFRE,40110 MORCENX-LA-NOUVELLE
MX27010002,3 PASSAGE JOFFRE,40110 MORCENX-LA-NOUVELLE
MX27010003,5 PASSAGE JOFFRE,40110 MORCENX-LA-NOUVELLE
MX27010004,7 PASSAGE JOFFRE,40110 MORCENX-LA-NOUVELLE
MX27010005,9 PASSAGE JOFFRE,40110 MORCENX-LA-NOUVELLE
MX27010006,11 PASSAGE JOFFRE,40110 MORCENX-LA-NOUVELLE
MX27010007,13 PASSAGE JOFFRE,40110 MORCENX-LA-NOUVELLE
MX27010008,15 PASSAGE JOFFRE,40110 MORCENX-LA-NOUVELLE
MX27010009,17 PASSAGE JOFFRE,40110 MORCENX-LA-NOUVELLE
MX27010010,19 PASSAGE JOFFRE,40110 MORCENX-LA-NOUVELLE
MX27010011,21 PASSAGE JOFFRE,40110 MORCENX-LA-NOUVELLE
MX27010012,23 PASSAGE JOFFRE,40110 MORCENX-LA-NOUVELLE
MX28010001,2 RUE GISELE HALIMI,40110 MORCENX-LA-NOUVELLE
MX28010002,4 RUE GISELE HALIMI,40110 MORCENX-LA-NOUVELLE
MX28010003,6 RUE GISELE HALIMI,40110 MORCENX-LA-NOUVELLE
MX28010004,8 RUE GISELE HALIMI,40110 MORCENX-LA-NOUVELLE
MX28010005,10 RUE GISELE HALIMI,40110 MORCENX-LA-NOUVELLE
MX28010006,12 RUE GISELE HALIMI,40110 MORCENX-LA-NOUVELLE
MX28010007,14 RUE GISELE HALIMI,40110 MORCENX-LA-NOUVELLE
MX28010008,9 RUE GISELE HALIMI,40110 MORCENX-LA-NOUVELLE
MX28010009,7 RUE GISELE HALIMI,40110 MORCENX-LA-NOUVELLE
MX28010010,5 RUE GISELE HALIMI,40110 MORCENX-LA-NOUVELLE
MX28010011,3 RUE GISELE HALIMI,40110 MORCENX-LA-NOUVELLE
MX28010012,1 RUE GISELE HALIMI,40110 MORCENX-LA-NOUVELLE
MY02010001,26 IMPASSE DE PECE MAGRE,40410 MOUSTEY
MY02010002,32 IMPASSE DE PECE MAGRE,40410 MOUSTEY
MY02010003,42 IMPASSE DE PECE MAGRE,40410 MOUSTEY
MY02010004,84 IMPASSE DE PECE MAGRE,40410 MOUSTEY
MY02010005,90 IMPASSE DE PECE MAGRE,40410 MOUSTEY
MY02010006,102 IMPASSE DE PECE MAGRE,40410 MOUSTEY
MY02010007,103 IMPASSE DE PECE MAGRE,40410 MOUSTEY
MY02010008,89 IMPASSE DE PECE MAGRE,40410 MOUSTEY
MY02010009,67 IMPASSE DE PECE MAGRE,40410 MOUSTEY
MY02010010,65 IMPASSE DE PECE MAGRE,40410 MOUSTEY
MY03010001,540 AVENUE DE LA GARE,40410 MOUSTEY
MY03010002,552 AVENUE DE LA GARE,40410 MOUSTEY
MY03010003,584 AVENUE DE LA GARE,40410 MOUSTEY
MY03010004,604 AVENUE DE LA GARE,40410 MOUSTEY
MY03010005,624 AVENUE DE LA GARE,40410 MOUSTEY
MY04010001,17 IMPASSE DU COURRIA,40410 MOUSTEY
MY04010002,63 IMPASSE DU COURRIA,40410 MOUSTEY
MY04010003,111 IMPASSE DU COURRIA,40410 MOUSTEY
MY04010004,115 IMPASSE DU COURRIA,40410 MOUSTEY
MY04010005,117 IMPASSE DU COURRIA,40410 MOUSTEY
MY04010006,137 IMPASSE DU COURRIA,40410 MOUSTEY
MY05010001,106 IMPASSE DU COURRIA,40410 MOUSTEY
MY06010001,37 RUE BARADE,40410 MOUSTEY
MY06010002,73 RUE BARADE,40410 MOUSTEY
MY06010003,83 RUE BARADE,40410 MOUSTEY
MY06010004,82 RUE BARADE,40410 MOUSTEY
MY06010005,58 RUE BARADE,40410 MOUSTEY
NA01080001,20 RUE PAUL CEZANNE,40180 NARROSSE
NA01080002,18 RUE PAUL CEZANNE,40180 NARROSSE
NA01080003,16 RUE PAUL CEZANNE,40180 NARROSSE
NA01080004,14 RUE PAUL CEZANNE,40180 NARROSSE
NA01080005,12 RUE PAUL CEZANNE,40180 NARROSSE
NA01080006,10 RUE PAUL CEZANNE,40180 NARROSSE
NA01080007,2 RUE LOUIS JOUVET,40180 NARROSSE
NA01080008,4 RUE LOUIS JOUVET,40180 NARROSSE
NA02020307,7 RUE LOUIS PASTEUR,40180 NARROSSE
NA02020309,9 RUE LOUIS PASTEUR,40180 NARROSSE
NA02020311,11 RUE LOUIS PASTEUR,40180 NARROSSE
NA02020313,13 RUE LOUIS PASTEUR,40180 NARROSSE
NA02030401,1 RUE LOUIS JOUVET,40180 NARROSSE
NA02030403,3 RUE LOUIS JOUVET,40180 NARROSSE
NA02030405,5 RUE LOUIS JOUVET,40180 NARROSSE
NA02030406,6 RUE LOUIS JOUVET,40180 NARROSSE
NA02030407,7 RUE LOUIS JOUVET,40180 NARROSSE
NA02030408,8 RUE LOUIS JOUVET,40180 NARROSSE
NA02030409,9 RUE LOUIS JOUVET,40180 NARROSSE
NA02030410,10 RUE LOUIS JOUVET,40180 NARROSSE
NA02030411,11 RUE LOUIS JOUVET,40180 NARROSSE
NA02030412,12 RUE LOUIS JOUVET,40180 NARROSSE
NA03010009,9 RUE GABRIEL FAURE,40180 NARROSSE
NA03010011,11 RUE GABRIEL FAURE,40180 NARROSSE
NA03010013,13 RUE GABRIEL FAURE,40180 NARROSSE
NA03010015,15 RUE GABRIEL FAURE,40180 NARROSSE
NA03010017,17 RUE GABRIEL FAURE,40180 NARROSSE
NA03020025,25 RUE LOUIS PASTEUR,40180 NARROSSE
NA03020027,27 RUE LOUIS PASTEUR,40180 NARROSSE
NA03020029,29 RUE LOUIS PASTEUR,40180 NARROSSE
NA03020031,31 RUE LOUIS PASTEUR,40180 NARROSSE
NA03030002,2 RUE MARIE CURIE,40180 NARROSSE
NA03030004,4 RUE MARIE CURIE,40180 NARROSSE
NA03030006,6 RUE MARIE CURIE,40180 NARROSSE
NA03030008,8 RUE MARIE CURIE,40180 NARROSSE
NA03030010,10 RUE MARIE CURIE,40180 NARROSSE
NA03040026,26 RUE PAUL CEZANNE,40180 NARROSSE
NA03040028,28 RUE PAUL CEZANNE,40180 NARROSSE
NA03040030,30 RUE PAUL CEZANNE,40180 NARROSSE
NA03040032,32 RUE PAUL CEZANNE,40180 NARROSSE
NA04010001,13 RUE DU TREFLE,40180 NARROSSE
NA04010002,15 RUE DU TREFLE,40180 NARROSSE
NA04010003,17 RUE DU TREFLE,40180 NARROSSE
NA04010004,19 RUE DU TREFLE,40180 NARROSSE
NA04010005,21 RUE DU TREFLE,40180 NARROSSE
NA04010006,23 RUE DU TREFLE,40180 NARROSSE
NA04010007,25 RUE DU TREFLE,40180 NARROSSE
NA04010008,27 RUE DU TREFLE,40180 NARROSSE
NA04010009,30 RUE DU TREFLE,40180 NARROSSE
NA04010010,28 RUE DU TREFLE,40180 NARROSSE
NA04010011,26 RUE DU TREFLE,40180 NARROSSE
NA04010012,24 RUE DU TREFLE,40180 NARROSSE
NA04010013,20 RUE DU TREFLE,40180 NARROSSE
NA04010014,22 RUE DU TREFLE,40180 NARROSSE
NA04010015,18 RUE DU TREFLE,40180 NARROSSE
NA04010016,16 RUE DU TREFLE,40180 NARROSSE
NA04010017,14 RUE DU TREFLE,40180 NARROSSE
NA04010018,12 RUE DU TREFLE,40180 NARROSSE
NA04010019,10 RUE DU TREFLE,40180 NARROSSE
NA04010020,8 RUE DU TREFLE,40180 NARROSSE
NA06010001,22 RUE DU STADE,40180 NARROSSE
NA06010002,20 RUE DU STADE,40180 NARROSSE
NA06010003,18 RUE DU STADE,40180 NARROSSE
NA06010004,16 RUE DU STADE,40180 NARROSSE
NA06010005,14 RUE DU STADE,40180 NARROSSE
NA06040001,5 RUE DU STADE,40180 NARROSSE
NA06040002,7 RUE DU STADE,40180 NARROSSE
NA06040003,9 RUE DU STADE,40180 NARROSSE
NA06040004,11 RUE DU STADE,40180 NARROSSE
NA06040005,13 RUE DU STADE,40180 NARROSSE
NA06050001,15 RUE DU STADE,40180 NARROSSE
NA06050002,17 RUE DU STADE,40180 NARROSSE
OS01010001,56 ROUTE DE PUYOO,40290 OSSAGES
OS01010002,58 ROUTE DE PUYOO,40290 OSSAGES
PA01120001,1 RUE JACQUES BREL,40465 PONTONX-SUR-L'ADOUR
PA01120002,2 RUE JACQUES BREL,40465 PONTONX-SUR-L'ADOUR
PA01120003,3 RUE JACQUES BREL,40465 PONTONX-SUR-L'ADOUR
PA01120004,4 RUE JACQUES BREL,40465 PONTONX-SUR-L'ADOUR
PA01120005,5 RUE JACQUES BREL,40465 PONTONX-SUR-L'ADOUR
PA01120006,6 RUE JACQUES BREL,40465 PONTONX-SUR-L'ADOUR
PA01120007,7 RUE JACQUES BREL,40465 PONTONX-SUR-L'ADOUR
PA01120008,8 RUE JACQUES BREL,40465 PONTONX-SUR-L'ADOUR
PA01120009,9 RUE JACQUES BREL,40465 PONTONX-SUR-L'ADOUR
PA01120011,11 RUE JACQUES BREL,40465 PONTONX-SUR-L'ADOUR
PA01120012,12 RUE JACQUES BREL,40465 PONTONX-SUR-L'ADOUR
PA02010001,3 RUE MARCEL CALLEDE,40465 PONTONX-SUR-L'ADOUR
PA02010003,7 RUE MARCEL CALLEDE,40465 PONTONX-SUR-L'ADOUR
PA02010004,9 RUE MARCEL CALLEDE,40465 PONTONX-SUR-L'ADOUR
PA02010005,13 RUE MARCEL CALLEDE,40465 PONTONX-SUR-L'ADOUR
PA02010006,16 RUE MARCEL CALLEDE,40465 PONTONX-SUR-L'ADOUR
PA02010008,8 RUE MARCEL CALLEDE,40465 PONTONX-SUR-L'ADOUR
PA02010009,6 RUE MARCEL CALLEDE,40465 PONTONX-SUR-L'ADOUR
PA02010010,4 RUE MARCEL CALLEDE,40465 PONTONX-SUR-L'ADOUR
PA03010001,11 RUE MARCEL CALLEDE,40465 PONTONX-SUR-L'ADOUR
PA03010002,14 RUE MARCEL CALLEDE,40465 PONTONX-SUR-L'ADOUR
PA03010003,12 RUE MARCEL CALLEDE,40465 PONTONX-SUR-L'ADOUR
PA04010003,5 RUE GEORGES BRASSENS,40465 PONTONX-SUR-L'ADOUR
PA04010004,7 RUE GEORGES BRASSENS,40465 PONTONX-SUR-L'ADOUR
PA04010006,11 RUE GEORGES BRASSENS,40465 PONTONX-SUR-L'ADOUR
PA04010007,13 RUE GEORGES BRASSENS,40465 PONTONX-SUR-L'ADOUR
PA04010010,1 RUE LEO FERRE,40465 PONTONX-SUR-L'ADOUR
PA04010012,5 RUE LEO FERRE,40465 PONTONX-SUR-L'ADOUR
PA04010013,7 RUE LEO FERRE,40465 PONTONX-SUR-L'ADOUR
PA04010015,11 RUE LEO FERRE,40465 PONTONX-SUR-L'ADOUR
PA04010016,8 RUE GEORGES BRASSENS,40465 PONTONX-SUR-L'ADOUR
PA04010017,6 RUE GEORGES BRASSENS,40465 PONTONX-SUR-L'ADOUR
PA04010018,4 RUE GEORGES BRASSENS,40465 PONTONX-SUR-L'ADOUR
PA04010019,2 RUE GEORGES BRASSENS,40465 PONTONX-SUR-L'ADOUR
PA05010001,3 RUE JEAN BAPTISTE GABARRA,40465 PONTONX-SUR-L'ADOUR
PA05010002,5 RUE JEAN BAPTISTE GABARRA,40465 PONTONX-SUR-L'ADOUR
PA05010003,7 RUE JEAN BAPTISTE GABARRA,40465 PONTONX-SUR-L'ADOUR
PA05010005,11 RUE JEAN BAPTISTE GABARRA,40465 PONTONX-SUR-L'ADOUR
PA05010006,10 RUE JEAN BAPTISTE GABARRA,40465 PONTONX-SUR-L'ADOUR
PA05010007,8 RUE JEAN BAPTISTE GABARRA,40465 PONTONX-SUR-L'ADOUR
PA05010008,6 RUE JEAN BAPTISTE GABARRA,40465 PONTONX-SUR-L'ADOUR
PA05010009,4 RUE JEAN BAPTISTE GABARRA,40465 PONTONX-SUR-L'ADOUR
PA05010010,2 RUE JEAN BAPTISTE GABARRA,40465 PONTONX-SUR-L'ADOUR
PA06010001,8 RUE JEAN FELIX PEDEGERT,40465 PONTONX-SUR-L'ADOUR
PA06010002,6 RUE JEAN FELIX PEDEGERT,40465 PONTONX-SUR-L'ADOUR
PA06010003,4 RUE JEAN FELIX PEDEGERT,40465 PONTONX-SUR-L'ADOUR
PA06010004,2 RUE JEAN FELIX PEDEGERT,40465 PONTONX-SUR-L'ADOUR
PA07010020,2 RUE LEO FERRE,40465 PONTONX-SUR-L'ADOUR
PA07010021,4 RUE LEO FERRE,40465 PONTONX-SUR-L'ADOUR
PA07010022,6 RUE LEO FERRE,40465 PONTONX-SUR-L'ADOUR
PA07010024,10 RUE LEO FERRE,40465 PONTONX-SUR-L'ADOUR
PA07010025,12 RUE LEO FERRE,40465 PONTONX-SUR-L'ADOUR
PA10010001,4 IMPASSE GEORGES BIZET,40465 PONTONX-SUR-L'ADOUR
PA10010002,2 IMPASSE GEORGES BIZET,40465 PONTONX-SUR-L'ADOUR
PA10010003,5 IMPASSE HECTOR BERLIOZ,40465 PONTONX-SUR-L'ADOUR
PA10010005,8 IMPASSE HECTOR BERLIOZ,40465 PONTONX-SUR-L'ADOUR
PA10010006,6 IMPASSE HECTOR BERLIOZ,40465 PONTONX-SUR-L'ADOUR
PA10010007,1 IMPASSE GEORGES BIZET,40465 PONTONX-SUR-L'ADOUR
PB01010001,29 CITE RIBEYRE,40200 SAINT-PAUL-EN-BORN
PB01010002,29 BIS CITE RIBEYRE,40200 SAINT-PAUL-EN-BORN
PB01010003,30 CITE RIBEYRE,40200 SAINT-PAUL-EN-BORN
PB01010004,30 BIS CITE RIBEYRE,40200 SAINT-PAUL-EN-BORN
PB01010005,32 CITE RIBEYRE,40200 SAINT-PAUL-EN-BORN
PB01010006,32 BIS CITE RIBEYRE,40200 SAINT-PAUL-EN-BORN
PB02010001,112 RUE PETIT JEAN,40200 SAINT-PAUL-EN-BORN
PB02010002,108 RUE PETIT JEAN,40200 SAINT-PAUL-EN-BORN
PB02010003,104 RUE PETIT JEAN,40200 SAINT-PAUL-EN-BORN
PB02010004,114 RUE PETIT JEAN,40200 SAINT-PAUL-EN-BORN
PB02010005,110 RUE PETIT JEAN,40200 SAINT-PAUL-EN-BORN
PB02010006,106 RUE PETIT JEAN,40200 SAINT-PAUL-EN-BORN
PB03010001,52 RUE PETIT JEAN,40200 SAINT-PAUL-EN-BORN
PB03010002,70 RUE PETIT JEAN,40200 SAINT-PAUL-EN-BORN
PB03010004,84 RUE PETIT JEAN,40200 SAINT-PAUL-EN-BORN
PE01010001,2595 ROUTE DE HONTANX,40190 PERQUIE
PF01010001,32 PLACE CHARLES DE GAULLE,40200 PONTENX-LES-FORGES
PF01010002,34 PLACE CHARLES DE GAULLE,40200 PONTENX-LES-FORGES
PF01010003,36 PLACE CHARLES DE GAULLE,40200 PONTENX-LES-FORGES
PF01010004,38 PLACE CHARLES DE GAULLE,40200 PONTENX-LES-FORGES
PF01010005,44 PLACE CHARLES DE GAULLE,40200 PONTENX-LES-FORGES
PF01010006,42 PLACE CHARLES DE GAULLE,40200 PONTENX-LES-FORGES
PF01010007,40 PLACE CHARLES DE GAULLE,40200 PONTENX-LES-FORGES
PI02010001,233 RUE DU STADE,40410 PISSOS
PI02010002,251 RUE DU STADE,40410 PISSOS
PI02010004,257 RUE DU MOULIN NEUF,40410 PISSOS
PI02010006,333 RUE DU MOULIN NEUF,40410 PISSOS
PI02010007,284 RUE DU MOULIN NEUF,40410 PISSOS
PI02010008,268 RUE DU MOULIN NEUF,40410 PISSOS
PI02010009,1 RUE DU FORGERON,40410 PISSOS
PI02010010,15 RUE DU FORGERON,40410 PISSOS
PI02010011,41 RUE DU FORGERON,40410 PISSOS
PI02010012,51 RUE DU FORGERON,40410 PISSOS
PI02010013,62 RUE DU FORGERON,40410 PISSOS
PI02010014,52 RUE DU FORGERON,40410 PISSOS
PI02010015,26 RUE DU FORGERON,40410 PISSOS
PI02010016,12 RUE DU FORGERON,40410 PISSOS
PI02010017,196 RUE DU MOULIN NEUF,40410 PISSOS
PI02010018,180 RUE DU MOULIN NEUF,40410 PISSOS
PI02010019,250 RUE DU STADE,40410 PISSOS
PI02010020,236 RUE DU STADE,40410 PISSOS
PI03010001,332 RUE DU MOULIN NEUF,40410 PISSOS
PI03010002,342 RUE DU MOULIN NEUF,40410 PISSOS
PI03010003,390 RUE DU MOULIN NEUF,40410 PISSOS
PI03010004,400 RUE DU MOULIN NEUF,40410 PISSOS
PI03010005,18 PLACE DES METAYERS,40410 PISSOS
PI03010006,24 PLACE DES METAYERS,40410 PISSOS
PI03010007,42 PLACE DES METAYERS,40410 PISSOS
PI03010008,52 PLACE DES METAYERS,40410 PISSOS
PI03010009,60 PLACE DES METAYERS,40410 PISSOS
PI03010010,68 PLACE DES METAYERS,40410 PISSOS
PI03010011,74 PLACE DES METAYERS,40410 PISSOS
PI03010012,78 PLACE DES METAYERS,40410 PISSOS
PI03010013,458 RUE DU MOULIN NEUF,40410 PISSOS
PI03010014,470 RUE DU MOULIN NEUF,40410 PISSOS
PI03010015,492 RUE DU MOULIN NEUF,40410 PISSOS
PI03010017,532 RUE DU MOULIN NEUF,40410 PISSOS
PI03010018,542 RUE DU MOULIN NEUF,40410 PISSOS
PI03010020,552 RUE DU MOULIN NEUF,40410 PISSOS
PI05010001,1 ALLEE DE MENATE,40410 PISSOS
PI05010002,3 ALLEE DE MENATE,40410 PISSOS
PI05010003,5 ALLEE DE MENATE,40410 PISSOS
PI05010004,7 ALLEE DE MENATE,40410 PISSOS
PI05010005,9 ALLEE DE MENATE,40410 PISSOS
PI05010006,8 ALLEE DE MENATE,40410 PISSOS
PI05010007,6 ALLEE DE MENATE,40410 PISSOS
PI06010001,138 ROUTE DE BORDEAUX,40410 PISSOS
PI06010002,136 ROUTE DE BORDEAUX,40410 PISSOS
PI07010001,161 RUE DE L'HUILERIE,40410 PISSOS
PI07010002,137 RUE DE L'HUILERIE,40410 PISSOS
PI07010003,115 RUE DE L'HUILERIE,40410 PISSOS
PI07010004,91 RUE DE L'HUILERIE,40410 PISSOS
PI07010005,71 RUE DE L'HUILERIE,40410 PISSOS
PI10010001,15 PLACE DES GEMMEURS,40410 PISSOS
PI10010002,25 PLACE DES GEMMEURS,40410 PISSOS
PI10010003,35 PLACE DES GEMMEURS,40410 PISSOS
PI10010004,45 PLACE DES GEMMEURS,40410 PISSOS
PI10010005,55 PLACE DES GEMMEURS,40410 PISSOS
PI10010006,65 PLACE DES GEMMEURS,40410 PISSOS
PI10010007,75 PLACE DES GEMMEURS,40410 PISSOS
PI10010008,85 PLACE DES GEMMEURS,40410 PISSOS
PI11010001,147 ROUTE DE BORDEAUX,40410 PISSOS
PI11010002,149 ROUTE DE BORDEAUX,40410 PISSOS
PI11010003,151 ROUTE DE BORDEAUX,40410 PISSOS
PI11010004,153 ROUTE DE BORDEAUX,40410 PISSOS
PI11010005,155 ROUTE DE BORDEAUX,40410 PISSOS
PI11010006,157 ROUTE DE BORDEAUX,40410 PISSOS
PI11010007,159 ROUTE DE BORDEAUX,40410 PISSOS
PI11010008,161 ROUTE DE BORDEAUX,40410 PISSOS
PL01010001,1 RUE DE LA FORET,40350 POUILLON
PL01010002,3 RUE DE LA FORET,40350 POUILLON
PL01010004,8 RUE DE LA FORET,40350 POUILLON
PL01010005,9 RUE DE LA FORET,40350 POUILLON
PL01010006,11 RUE DE LA FORET,40350 POUILLON
PL01010007,7 IMPASSE DE LA GARENNE,40350 POUILLON
PL01010008,9 IMPASSE DE LA GARENNE,40350 POUILLON
PL03010001,35 IMPASSE DES ACACIAS,40350 POUILLON
PL03010002,20 IMPASSE DES ACACIAS,40350 POUILLON
PM05010001,360 RUE DES SABOTIERS,40280 SAINT-PIERRE-DU-MONT
PM05010002,362 RUE DES SABOTIERS,40280 SAINT-PIERRE-DU-MONT
PM05010003,386 RUE DES SABOTIERS,40280 SAINT-PIERRE-DU-MONT
PM05010004,390 RUE DES SABOTIERS,40280 SAINT-PIERRE-DU-MONT
PM05010005,404 RUE DES SABOTIERS,40280 SAINT-PIERRE-DU-MONT
PM05010006,426 RUE DES SABOTIERS,40280 SAINT-PIERRE-DU-MONT
PM05010007,430 RUE DES SABOTIERS,40280 SAINT-PIERRE-DU-MONT
PM05010008,448 RUE DES SABOTIERS,40280 SAINT-PIERRE-DU-MONT
PM05010009,452 RUE DES SABOTIERS,40280 SAINT-PIERRE-DU-MONT
PM05010010,470 RUE DES SABOTIERS,40280 SAINT-PIERRE-DU-MONT
PM05010011,482 RUE DES SABOTIERS,40280 SAINT-PIERRE-DU-MONT
PM05010012,486 RUE DES SABOTIERS,40280 SAINT-PIERRE-DU-MONT
PM05010013,502 RUE DES SABOTIERS,40280 SAINT-PIERRE-DU-MONT
PM05010014,506 RUE DES SABOTIERS,40280 SAINT-PIERRE-DU-MONT
PM05010015,51 RUE DES SABOTIERS,40280 SAINT-PIERRE-DU-MONT
PM05010016,33 RUE DES SABOTIERS,40280 SAINT-PIERRE-DU-MONT
PM05010017,22 RUE DES SABOTIERS,40280 SAINT-PIERRE-DU-MONT
PM05010018,19 RUE DES SABOTIERS,40280 SAINT-PIERRE-DU-MONT
PM05010019,24 RUE DES SABOTIERS,40280 SAINT-PIERRE-DU-MONT
PM05010020,28 RUE DES SABOTIERS,40280 SAINT-PIERRE-DU-MONT
PM05010021,80 RUE DES SABOTIERS,40280 SAINT-PIERRE-DU-MONT
PM05010022,76 RUE DES SABOTIERS,40280 SAINT-PIERRE-DU-MONT
PM05010023,92 RUE DES SABOTIERS,40280 SAINT-PIERRE-DU-MONT
PM05010024,96 RUE DES SABOTIERS,40280 SAINT-PIERRE-DU-MONT
PM05010025,108 RUE DES SABOTIERS,40280 SAINT-PIERRE-DU-MONT
PM05010026,86 RUE DES SABOTIERS,40280 SAINT-PIERRE-DU-MONT
PM05010027,82 RUE DES SABOTIERS,40280 SAINT-PIERRE-DU-MONT
PM06010001,117 RUE DES SABOTIERS,40280 SAINT-PIERRE-DU-MONT
PM06010002,107 RUE DES SABOTIERS,40280 SAINT-PIERRE-DU-MONT
PM06010003,103 RUE DES SABOTIERS,40280 SAINT-PIERRE-DU-MONT
PM06010004,91 RUE DES SABOTIERS,40280 SAINT-PIERRE-DU-MONT
PM06010005,73 RUE DES SABOTIERS,40280 SAINT-PIERRE-DU-MONT
PM06010006,69 RUE DES SABOTIERS,40280 SAINT-PIERRE-DU-MONT
PM06010007,59 RUE DES SABOTIERS,40280 SAINT-PIERRE-DU-MONT
PM06010008,53 RUE DES SABOTIERS,40280 SAINT-PIERRE-DU-MONT
PM06010009,493 RUE DES SABOTIERS,40280 SAINT-PIERRE-DU-MONT
PM06010010,435 RUE DES SABOTIERS,40280 SAINT-PIERRE-DU-MONT
PM06010011,319 RUE DES SABOTIERS,40280 SAINT-PIERRE-DU-MONT
PM06010012,315 RUE DES SABOTIERS,40280 SAINT-PIERRE-DU-MONT
PM06010013,291 RUE DES SABOTIERS,40280 SAINT-PIERRE-DU-MONT
PM06010014,287 RUE DES SABOTIERS,40280 SAINT-PIERRE-DU-MONT
PM06010015,275 RUE DES SABOTIERS,40280 SAINT-PIERRE-DU-MONT
PM06010016,247 RUE DES SABOTIERS,40280 SAINT-PIERRE-DU-MONT
PM06010017,231 RUE DES SABOTIERS,40280 SAINT-PIERRE-DU-MONT
PM08010001,322 RUE DES SABOTIERS,40280 SAINT-PIERRE-DU-MONT
PM09010001,17 RUE DES APICULTEURS,40280 SAINT-PIERRE-DU-MONT
PM10010001,95 RUE DES APICULTEURS,40280 SAINT-PIERRE-DU-MONT
PM11010001,274 RUE DES SABOTIERS,40280 SAINT-PIERRE-DU-MONT
PM12010001,65 RUE DES APICULTEURS,40280 SAINT-PIERRE-DU-MONT
PM13010001,329 RUE DES APICULTEURS,40280 SAINT-PIERRE-DU-MONT
PM14010001,215 RUE DES APICULTEURS,40280 SAINT-PIERRE-DU-MONT
PM15010001,23 RUE MARTET,40280 SAINT-PIERRE-DU-MONT
PM15010002,25 RUE MARTET,40280 SAINT-PIERRE-DU-MONT
PM15010003,19 RUE MARTET,40280 SAINT-PIERRE-DU-MONT
PM15010004,21 RUE MARTET,40280 SAINT-PIERRE-DU-MONT
PM15010005,15 RUE MARTET,40280 SAINT-PIERRE-DU-MONT
PM15010006,17 RUE MARTET,40280 SAINT-PIERRE-DU-MONT
PM15010007,77 RUE MARTET,40280 SAINT-PIERRE-DU-MONT
PM15010008,81 RUE MARTET,40280 SAINT-PIERRE-DU-MONT
PM15010009,95 RUE MARTET,40280 SAINT-PIERRE-DU-MONT
PM15010010,113 RUE MARTET,40280 SAINT-PIERRE-DU-MONT
PM15010011,117 RUE MARTET,40280 SAINT-PIERRE-DU-MONT
PM15010012,129 RUE MARTET,40280 SAINT-PIERRE-DU-MONT
PM15010013,133 RUE MARTET,40280 SAINT-PIERRE-DU-MONT
PM15010014,141 RUE MARTET,40280 SAINT-PIERRE-DU-MONT
PM15010015,145 RUE MARTET,40280 SAINT-PIERRE-DU-MONT
PM15010016,167 RUE MARTET,40280 SAINT-PIERRE-DU-MONT
PM15010017,171 RUE MARTET,40280 SAINT-PIERRE-DU-MONT
PM15010018,191 RUE MARTET,40280 SAINT-PIERRE-DU-MONT
PM15010019,195 RUE MARTET,40280 SAINT-PIERRE-DU-MONT
PM15010020,215 RUE MARTET,40280 SAINT-PIERRE-DU-MONT
PM15010021,219 RUE MARTET,40280 SAINT-PIERRE-DU-MONT
PM15010022,233 RUE MARTET,40280 SAINT-PIERRE-DU-MONT
PM15010023,237 RUE MARTET,40280 SAINT-PIERRE-DU-MONT
PM15010024,261 RUE MARTET,40280 SAINT-PIERRE-DU-MONT
PM15010025,265 RUE MARTET,40280 SAINT-PIERRE-DU-MONT
PM15010026,283 RUE MARTET,40280 SAINT-PIERRE-DU-MONT
PM15010027,299 RUE MARTET,40280 SAINT-PIERRE-DU-MONT
PM15010028,303 RUE MARTET,40280 SAINT-PIERRE-DU-MONT
PM15010029,325 RUE MARTET,40280 SAINT-PIERRE-DU-MONT
PM15010030,329 RUE MARTET,40280 SAINT-PIERRE-DU-MONT
PM15010031,353 RUE MARTET,40280 SAINT-PIERRE-DU-MONT
PM15010032,357 RUE MARTET,40280 SAINT-PIERRE-DU-MONT
PM15010033,274 RUE MARTET,40280 SAINT-PIERRE-DU-MONT
PM15010034,270 RUE MARTET,40280 SAINT-PIERRE-DU-MONT
PM15010035,250 RUE MARTET,40280 SAINT-PIERRE-DU-MONT
PM15010036,246 RUE MARTET,40280 SAINT-PIERRE-DU-MONT
PM15010037,168 RUE MARTET,40280 SAINT-PIERRE-DU-MONT
PM15010038,164 RUE MARTET,40280 SAINT-PIERRE-DU-MONT
PM15010039,144 RUE MARTET,40280 SAINT-PIERRE-DU-MONT
PM15010040,140 RUE MARTET,40280 SAINT-PIERRE-DU-MONT
PM21070001,47 IMPASSE MIREILLE LAUZE,40280 SAINT-PIERRE-DU-MONT
PM21070002,41 IMPASSE MIREILLE LAUZE,40280 SAINT-PIERRE-DU-MONT
PM21070003,35 IMPASSE MIREILLE LAUZE,40280 SAINT-PIERRE-DU-MONT
PM21070004,29 IMPASSE MIREILLE LAUZE,40280 SAINT-PIERRE-DU-MONT
PM21070005,23 IMPASSE MIREILLE LAUZE,40280 SAINT-PIERRE-DU-MONT
PM21070006,17 IMPASSE MIREILLE LAUZE,40280 SAINT-PIERRE-DU-MONT
PM21070007,11 IMPASSE MIREILLE LAUZE,40280 SAINT-PIERRE-DU-MONT
PM21080001,75 IMPASSE MIREILLE LAUZE,40280 SAINT-PIERRE-DU-MONT
PM21080002,79 IMPASSE MIREILLE LAUZE,40280 SAINT-PIERRE-DU-MONT
PM21080003,85 IMPASSE MIREILLE LAUZE,40280 SAINT-PIERRE-DU-MONT
PM21080004,95 IMPASSE MIREILLE LAUZE,40280 SAINT-PIERRE-DU-MONT
PM21080005,99 IMPASSE MIREILLE LAUZE,40280 SAINT-PIERRE-DU-MONT
PM21080006,103 IMPASSE MIREILLE LAUZE,40280 SAINT-PIERRE-DU-MONT
PM21090001,82 IMPASSE MIREILLE LAUZE,40280 SAINT-PIERRE-DU-MONT
PM21090002,90 IMPASSE MIREILLE LAUZE,40280 SAINT-PIERRE-DU-MONT
PM21090003,98 IMPASSE MIREILLE LAUZE,40280 SAINT-PIERRE-DU-MONT
PM21090004,104 IMPASSE MIREILLE LAUZE,40280 SAINT-PIERRE-DU-MONT
PN01010001,93 AVENUE DES ARENES,40090 SAINT-PERDON
PN01010002,95 AVENUE DES ARENES,40090 SAINT-PERDON
PN01010003,97 AVENUE DES ARENES,40090 SAINT-PERDON
PN01010004,99 AVENUE DES ARENES,40090 SAINT-PERDON
PN01010005,101 AVENUE DES ARENES,40090 SAINT-PERDON
PN01010006,103 AVENUE DES ARENES,40090 SAINT-PERDON
PN01020007,85 AVENUE DES ARENES,40090 SAINT-PERDON
PN01020008,89 AVENUE DES ARENES,40090 SAINT-PERDON
PN01020009,87 AVENUE DES ARENES,40090 SAINT-PERDON
PN01020010,91 AVENUE DES ARENES,40090 SAINT-PERDON
PO04010001,267 AVENUE ADOUR ET CHALOSSE,40380 POYANNE
PO04010002,265 AVENUE ADOUR ET CHALOSSE,40380 POYANNE
PR03010001,9 RUE JEAN MOULIN,40160 PARENTIS-EN-BORN
PR03010002,19 RUE JEAN MOULIN,40160 PARENTIS-EN-BORN
PR03010003,45 RUE JEAN MOULIN,40160 PARENTIS-EN-BORN
PR03010004,55 RUE JEAN MOULIN,40160 PARENTIS-EN-BORN
PR03010005,90 RUE PIERRE BROSSOLETTE,40160 PARENTIS-EN-BORN
PR03010006,82 RUE PIERRE BROSSOLETTE,40160 PARENTIS-EN-BORN
PR03010007,76 RUE PIERRE BROSSOLETTE,40160 PARENTIS-EN-BORN
PR03010008,68 RUE PIERRE BROSSOLETTE,40160 PARENTIS-EN-BORN
PR03010009,52 RUE PIERRE BROSSOLETTE,40160 PARENTIS-EN-BORN
PR03010010,44 RUE PIERRE BROSSOLETTE,40160 PARENTIS-EN-BORN
PR03010011,40 RUE PIERRE BROSSOLETTE,40160 PARENTIS-EN-BORN
PR03010012,30 RUE PIERRE BROSSOLETTE,40160 PARENTIS-EN-BORN
PR03010013,77 RUE JEAN MOULIN,40160 PARENTIS-EN-BORN
PR03010014,85 RUE JEAN MOULIN,40160 PARENTIS-EN-BORN
PR03010015,80 RUE JEAN MOULIN,40160 PARENTIS-EN-BORN
PR03010016,72 RUE JEAN MOULIN,40160 PARENTIS-EN-BORN
PR03010017,54 RUE JEAN MOULIN,40160 PARENTIS-EN-BORN
PR03010018,46 RUE JEAN MOULIN,40160 PARENTIS-EN-BORN
PR03010019,18 RUE JEAN MOULIN,40160 PARENTIS-EN-BORN
PR03010020,10 RUE JEAN MOULIN,40160 PARENTIS-EN-BORN
PR04010001,152 RUE DES DROITS DE L'HOMME,40160 PARENTIS-EN-BORN
PR04010002,144 RUE DES DROITS DE L'HOMME,40160 PARENTIS-EN-BORN
PR04010003,126 RUE DES DROITS DE L'HOMME,40160 PARENTIS-EN-BORN
PR04010005,98 RUE DES DROITS DE L'HOMME,40160 PARENTIS-EN-BORN
PR04010006,90 RUE DES DROITS DE L'HOMME,40160 PARENTIS-EN-BORN
PR04010007,208 RUE DES DROITS DE L'HOMME,40160 PARENTIS-EN-BORN
PR04010008,198 RUE DES DROITS DE L'HOMME,40160 PARENTIS-EN-BORN
PR04010009,182 RUE DES DROITS DE L'HOMME,40160 PARENTIS-EN-BORN
PR04010011,164 RUE DES DROITS DE L'HOMME,40160 PARENTIS-EN-BORN
PR04010012,154 RUE DES DROITS DE L'HOMME,40160 PARENTIS-EN-BORN
PR05010001,9 RUE DU QUAI,40160 PARENTIS-EN-BORN
PR05010002,19 RUE DU QUAI,40160 PARENTIS-EN-BORN
PR05010003,31 RUE DU QUAI,40160 PARENTIS-EN-BORN
PR05010004,91 RUE DU QUAI,40160 PARENTIS-EN-BORN
PR05010005,67 RUE DU QUAI,40160 PARENTIS-EN-BORN
PR05010006,75 RUE DU QUAI,40160 PARENTIS-EN-BORN
PR06010001,189 VENUE DE LA GARE,40160 PARENTIS-EN-BORN
PR06010003,201 AVENUE DE LA GARE,40160 PARENTIS-EN-BORN
PR06010004,177 AVENUE DE LA GARE,40160 PARENTIS-EN-BORN
PR06010005,155 AVENUE DE LA GARE,40160 PARENTIS-EN-BORN
PR06010006,169 AVENUE DE LA GARE,40160 PARENTIS-EN-BORN
PR06010007,143 AVENUE DE LA GARE,40160 PARENTIS-EN-BORN
PR06010008,141 AVENUE DE LA GARE,40160 PARENTIS-EN-BORN
PR06010009,20 RUE DU QUAI,40160 PARENTIS-EN-BORN
PR06010010,34 RUE DU QUAI,40160 PARENTIS-EN-BORN
PR06010011,46 RUE DU QUAI,40160 PARENTIS-EN-BORN
PR06010012,51 RUE DU QUAI,40160 PARENTIS-EN-BORN
PU01010001,43 ALLEE DES PAQUERETTES,40120 POUYDESSEAUX
PU01010004,44 ALLEE DES PAQUERETTES,40120 POUYDESSEAUX
PU01010005,46 ALLEE DES PAQUERETTES,40120 POUYDESSEAUX
PU01010006,42 ALLEE DES PAQUERETTES,40120 POUYDESSEAUX
PU01010007,40 ALLEE DES PAQUERETTES,40120 POUYDESSEAUX
PU02010001,200 CHEMIN DE TREYTIN,40120 POUYDESSEAUX
PU02010002,202 CHEMIN DE TREYTIN,40120 POUYDESSEAUX
PU02010003,204 CHEMIN DE TREYTIN,40120 POUYDESSEAUX
PU02010004,206 CHEMIN DE TREYTIN,40120 POUYDESSEAUX
PU03010001,4A AVENUE DU MARSAN,40120 POUYDESSEAUX
PU03010002,4B AVENUE DU MARSAN,40120 POUYDESSEAUX
PU03010003,4C AVENUE DU MARSAN,40120 POUYDESSEAUX
PU03020001,4D AVENUE DU MARSAN,40120 POUYDESSEAUX
PU03020002,4E AVENUE DU MARSAN,40120 POUYDESSEAUX
PX01010001,75 CHEMIN DE LA FONTAINE DU DET,40700 POUDENX
PX01010002,85 CHEMIN DE LA FONTAINE DU DET,40700 POUDENX
PX01010003,80 CHEMIN DE LA FONTAINE DU DET,40700 POUDENX
PX01010004,70 CHEMIN DE LA FONTAINE DU DET,40700 POUDENX
PY04010001,166 RUE DE L'ARRIOU,40300 PEYREHORADE
PY04010002,182 RUE DE L'ARRIOU,40300 PEYREHORADE
PY04010003,208 RUE DE L'ARRIOU,40300 PEYREHORADE
PY04010004,16 RUE DES SAUGES,40300 PEYREHORADE
PY04010005,24 RUE DES SAUGES,40300 PEYREHORADE
PY04010006,36 RUE DES SAUGES,40300 PEYREHORADE
PY04010007,82 RUE DES SAUGES,40300 PEYREHORADE
PY04010008,88 RUE DES SAUGES,40300 PEYREHORADE
PY04010009,100 RUE DES SAUGES,40300 PEYREHORADE
PY04010010,108 RUE DES SAUGES,40300 PEYREHORADE
PY04010012,132 RUE DES SAUGES,40300 PEYREHORADE
PY04010013,140 RUE DES SAUGES,40300 PEYREHORADE
PY04010014,154 RUE DES SAUGES,40300 PEYREHORADE
PY04010015,164 RUE DES SAUGES,40300 PEYREHORADE
PY04010016,170 RUE DES SAUGES,40300 PEYREHORADE
PY04010017,178 RUE DES SAUGES,40300 PEYREHORADE
PY04010018,190 RUE DES SAUGES,40300 PEYREHORADE
PY04010019,242 RUE DE L'ARRIOU,40300 PEYREHORADE
PY04010020,220 RUE DES SAUGES,40300 PEYREHORADE
PY06010001,44 RUE DES IRIS,40300 PEYREHORADE
PY06010002,64 RUE DES IRIS,40300 PEYREHORADE
PY06010003,68 RUE DES IRIS,40300 PEYREHORADE
PY06010004,76 RUE DES IRIS,40300 PEYREHORADE
PY06010005,86 RUE DES IRIS,40300 PEYREHORADE
PY06010006,90 RUE DES IRIS,40300 PEYREHORADE
PY06010007,96 RUE DES IRIS,40300 PEYREHORADE
PY06010008,110 RUE DES IRIS,40300 PEYREHORADE
PY06010009,120 RUE DES IRIS,40300 PEYREHORADE
PY06010010,130 RUE DES IRIS,40300 PEYREHORADE
PY06010011,140 RUE DES IRIS,40300 PEYREHORADE
PY06010012,150 RUE DES IRIS,40300 PEYREHORADE
PY06010013,160 RUE DES IRIS,40300 PEYREHORADE
PY07010001,118 RUE DES ROSIERS,40300 PEYREHORADE
PY07010002,126 RUE DES ROSIERS,40300 PEYREHORADE
PY07010003,140 RUE DES ROSIERS,40300 PEYREHORADE
PY07010004,148 RUE DES ROSIERS,40300 PEYREHORADE
PY07010005,156 RUE DES ROSIERS,40300 PEYREHORADE
PY07010006,160 RUE DES ROSIERS,40300 PEYREHORADE
PY07010007,170 RUE DES ROSIERS,40300 PEYREHORADE
PY07010008,178 RUE DES ROSIERS,40300 PEYREHORADE
PY07010009,186 RUE DES ROSIERS,40300 PEYREHORADE
PY07010010,204 RUE DES ROSIERS,40300 PEYREHORADE
PY07010011,212 RUE DES ROSIERS,40300 PEYREHORADE
PY07010012,220 RUE DES ROSIERS,40300 PEYREHORADE
PY08010001,152 IMPASSE HALIHA,40300 PEYREHORADE
PY08010002,146 IMPASSE HALIHA,40300 PEYREHORADE
PY08010003,142 IMPASSE HALIHA,40300 PEYREHORADE
PY08010004,109 IMPASSE HALIHA,40300 PEYREHORADE
PY08010005,103 IMPASSE HALIHA,40300 PEYREHORADE
PY08010006,100 IMPASSE HALIHA,40300 PEYREHORADE
PY08010007,92 IMPASSE HALIHA,40300 PEYREHORADE
PY08010008,88 IMPASSE HALIHA,40300 PEYREHORADE
PY08010009,78 IMPASSE HALIHA,40300 PEYREHORADE
PY08010010,72 IMPASSE HALIHA,40300 PEYREHORADE
PY08010011,62 IMPASSE HALIHA,40300 PEYREHORADE
PY08010012,56 IMPASSE HALIHA,40300 PEYREHORADE
PY08010013,30 IMPASSE HALIHA,40300 PEYREHORADE
PY08010014,24 IMPASSE HALIHA,40300 PEYREHORADE
PY08010015,14 IMPASSE HALIHA,40300 PEYREHORADE
PY08010016,8 IMPASSE HALIHA,40300 PEYREHORADE
PY08010017,110 ALLEE DES MOULIOTS,40300 PEYREHORADE
PY08010018,100 ALLEE DES MOULIOTS,40300 PEYREHORADE
PY08010019,90 ALLEE DES MOULIOTS,40300 PEYREHORADE
PY08010020,80 ALLEE DES MOULIOTS,40300 PEYREHORADE
PY08010021,60 ALLEE DES MOULIOTS,40300 PEYREHORADE
PY08010022,50 ALLEE DES MOULIOTS,40300 PEYREHORADE
PY08010023,40 ALLEE DES MOULIOTS,40300 PEYREHORADE
PY08010024,30 ALLEE DES MOULIOTS,40300 PEYREHORADE
PY09010001,21 ALLEE DES MOULIOTS,40300 PEYREHORADE
PY09010002,ALLEE DES MOULIOTS,40300 PEYREHORADE
PY09010003,5 ALLEE DES MOULIOTS,40300 PEYREHORADE
PY09010004,544 ALLEE TACHOIRES,40300 PEYREHORADE
PY09010005,558 ALLEE TACHOIRES,40300 PEYREHORADE
PY09010006,157 RUE DES ERABLES,40300 PEYREHORADE
PY09010007,135 RUE DES ERABLES,40300 PEYREHORADE
PY09010008,117 RUE DES ERABLES,40300 PEYREHORADE
PY09010009,97 RUE DES ERABLES,40300 PEYREHORADE
PY09010010,100 RUE DES ERABLES,40300 PEYREHORADE
PY09010011,120 RUE DES ERABLES,40300 PEYREHORADE
PY09010012,142 RUE DES ERABLES,40300 PEYREHORADE
PY09010013,160 RUE DES ERABLES,40300 PEYREHORADE
PY10010001,20 IMPASSE DES KIWIS,40300 PEYREHORADE
PY10010002,30 IMPASSE DES KIWIS,40300 PEYREHORADE
PY10010003,40 IMPASSE DES KIWIS,40300 PEYREHORADE
PY10010004,60 IMPASSE DES KIWIS,40300 PEYREHORADE
PY10010005,70 IMPASSE DES KIWIS,40300 PEYREHORADE
PY10010006,80 IMPASSE DES KIWIS,40300 PEYREHORADE
PY10010007,100 IMPASSE DES KIWIS,40300 PEYREHORADE
PY10010008,110 IMPASSE DES KIWIS,40300 PEYREHORADE
PY10010009,120 IMPASSE DES KIWIS,40300 PEYREHORADE
PY10010010,140 IMPASSE DES KIWIS,40300 PEYREHORADE
PY10010011,150 IMPASSE DES KIWIS,40300 PEYREHORADE
PY10010012,170 IMPASSE DES KIWIS,40300 PEYREHORADE
PY10010013,180 IMPASSE DES KIWIS,40300 PEYREHORADE
PY10010014,190 IMPASSE DES KIWIS,40300 PEYREHORADE
PY10010015,200 IMPASSE DES KIWIS,40300 PEYREHORADE
PY11130013,160 PLACE DES RESIDENCES,40300 PEYREHORADE
PY11130014,150 PLACE DES RESIDENCES,40300 PEYREHORADE
PY14010001,116 RUE DES SAUGES,40300 PEYREHORADE
PZ01010001,16 RUE LASSERRE,40360 POMAREZ
PZ01010002,14 RUE LASSERRE,40360 POMAREZ
PZ01010003,38 RUE LASSERRE,40360 POMAREZ
PZ01010004,36 RUE LASSERRE,40360 POMAREZ
PZ01010005,56 RUE LASSERRE,40360 POMAREZ
PZ01010006,54 RUE LASSERRE,40360 POMAREZ
PZ01010007,78 RUE LASSERRE,40360 POMAREZ
PZ01010008,76 RUE LASSERRE,40360 POMAREZ
PZ01010009,98 RUE LASSERRE,40360 POMAREZ
PZ01010010,96 RUE LASSERRE,40360 POMAREZ
RG01010001,136 RUE DES MESANGES,40180 RIVIERE-SAAS-ET-GOURBY
RG01010002,160 RUE DES MESANGES,40180 RIVIERE-SAAS-ET-GOURBY
RG01010003,210 RUE DES MESANGES,40180 RIVIERE-SAAS-ET-GOURBY
RG01010004,232 RUE DES MESANGES,40180 RIVIERE-SAAS-ET-GOURBY
RG01010005,246 RUE DES MESANGES,40180 RIVIERE-SAAS-ET-GOURBY
RG01010006,221 ROUTE DE HOUSSAT,40180 RIVIERE-SAAS-ET-GOURBY
RG01010007,201 ROUTE DE HOUSSAT,40180 RIVIERE-SAAS-ET-GOURBY
RG01010008,187 ROUTE DE HOUSSAT,40180 RIVIERE-SAAS-ET-GOURBY
RG01010009,36 RUE DES MESANGES,40180 RIVIERE-SAAS-ET-GOURBY
RG01010010,52 RUE DES MESANGES,40180 RIVIERE-SAAS-ET-GOURBY
RG01010011,74 RUE DES MESANGES,40180 RIVIERE-SAAS-ET-GOURBY
RI02010001,1 HLM QUARTIER LE POUY,40370 RION-DES-LANDES
RI02010002,2 HLM QUARTIER LE POUY,40370 RION-DES-LANDES
RI02010003,3 HLM QUARTIER LE POUY,40370 RION-DES-LANDES
RI02010004,4 HLM QUARTIER LE POUY,40370 RION-DES-LANDES
RI02010005,5 HLM QUARTIER LE POUY,40370 RION-DES-LANDES
RI02010006,6 HLM QUARTIER LE POUY,40370 RION-DES-LANDES
RI02010007,7 HLM QUARTIER LE POUY,40370 RION-DES-LANDES
RI02010008,8 HLM QUARTIER LE POUY,40370 RION-DES-LANDES
RI02010009,9 HLM QUARTIER LE POUY,40370 RION-DES-LANDES
RI02010010,10 HLM QUARTIER LE POUY,40370 RION-DES-LANDES
RI02010011,11 HLM QUARTIER LE POUY,40370 RION-DES-LANDES
RI02010012,12 HLM QUARTIER LE POUY,40370 RION-DES-LANDES
RI02010013,13 HLM QUARTIER LE POUY,40370 RION-DES-LANDES
RI02010014,14 HLM QUARTIER LE POUY,40370 RION-DES-LANDES
RI02010015,15 HLM QUARTIER LE POUY,40370 RION-DES-LANDES
RI02010016,16 HLM QUARTIER LE POUY,40370 RION-DES-LANDES
RI02010017,17 HLM QUARTIER LE POUY,40370 RION-DES-LANDES
RI02010018,18 HLM QUARTIER LE POUY,40370 RION-DES-LANDES
RI02010019,19 HLM QUARTIER LE POUY,40370 RION-DES-LANDES
RI02010020,20 HLM QUARTIER LE POUY,40370 RION-DES-LANDES
RI02010021,21 HLM QUARTIER LE POUY,40370 RION-DES-LANDES
RI02010022,22 HLM QUARTIER LE POUY,40370 RION-DES-LANDES
RI02010023,23 HLM QUARTIER LE POUY,40370 RION-DES-LANDES
RI02010024,24 HLM QUARTIER LE POUY,40370 RION-DES-LANDES
RI02010025,25 HLM QUARTIER LE POUY,40370 RION-DES-LANDES
RI02010028,28 HLM QUARTIER LE POUY,40370 RION-DES-LANDES
RI02010029,29 HLM QUARTIER LE POUY,40370 RION-DES-LANDES
RI02010030,30 HLM QUARTIER LE POUY,40370 RION-DES-LANDES
RI03010001,65 RUE DE PELLETET,40370 RION-DES-LANDES
RI03010002,61 RUE DE PELLETET,40370 RION-DES-LANDES
RI03010003,20 RUE DES CHARPENTIERS,40370 RION-DES-LANDES
RI03010004,36 RUE DES CHARPENTIERS,40370 RION-DES-LANDES
RI03010005,60 RUE DES CHARPENTIERS,40370 RION-DES-LANDES
RI03010006,72 RUE DES CHARPENTIERS,40370 RION-DES-LANDES
RI03010008,126 RUE DES CHARPENTIERS,40370 RION-DES-LANDES
RI03010009,115 RUE DES CHARPENTIERS,40370 RION-DES-LANDES
RI03010010,107 RUE DES CHARPENTIERS,40370 RION-DES-LANDES
RI03010011,91 RUE DES CHARPENTIERS,40370 RION-DES-LANDES
RI03010012,79 RUE DES CHARPENTIERS,40370 RION-DES-LANDES
RI03010013,65 RUE DES CHARPENTIERS,40370 RION-DES-LANDES
RI03010014,53 RUE DES CHARPENTIERS,40370 RION-DES-LANDES
RI04010001,7 RUE OTTO ET HANS SIEBKE,40370 RION-DES-LANDES
RI04010002,31 RUE OTTO ET HANS SIEBKE,40370 RION-DES-LANDES
RI04010003,49 RUE OTTO ET HANS SIEBKE,40370 RION-DES-LANDES
RI04010004,65 RUE OTTO ET HANS SIEBKE,40370 RION-DES-LANDES
RI04010005,81 RUE OTTO ET HANS SIEBKE,40370 RION-DES-LANDES
RI04010006,123 RUE OTTO ET HANS SIEBKE,40370 RION-DES-LANDES
RI04010007,157 RUE OTTO ET HANS SIEBKE,40370 RION-DES-LANDES
RI04010008,28 RUE DES PYRENEES,40370 RION-DES-LANDES
RI04010009,10 RUE DES PYRENEES,40370 RION-DES-LANDES
RI04010010,756 AVENUE D ALBRET,40370 RION-DES-LANDES
RI04010011,92 RUE OTTO ET HANS SIEBKE,40370 RION-DES-LANDES
RI04010012,100 RUE OTTO ET HANS SIEBKE,40370 RION-DES-LANDES
RI04010013,132 RUE OTTO ET HANS SIEBKE,40370 RION-DES-LANDES
RI04010014,156 RUE OTTO ET HANS SIEBKE,40370 RION-DES-LANDES
RI04010015,28 RUE OTTO ET HANS SIEBKE,40370 RION-DES-LANDES
RI07010001,1 PLACE DE LA LIBERTE,40370 RION-DES-LANDES
RI07010002,2 PLACE DE LA LIBERTE,40370 RION-DES-LANDES
RI07010003,3 PLACE DE LA LIBERTE,40370 RION-DES-LANDES
RI07010004,4 PLACE DE LA LIBERTE,40370 RION-DES-LANDES
RI07010005,5 PLACE DE LA LIBERTE,40370 RION-DES-LANDES
RI07010006,6 ALLEE DES ARENES,40370 RION-DES-LANDES
RI07010007,7 ALLEE DES ARENES,40370 RION-DES-LANDES
RI07010008,8 ALLEE DES ARENES,40370 RION-DES-LANDES
RI07010009,9 ALLEE DES ARENES,40370 RION-DES-LANDES
RI07010010,10 ALLEE DES ARENES,40370 RION-DES-LANDES
RI07010011,11 ALLEE DES ARENES,40370 RION-DES-LANDES
RI07010012,12 ALLEE DES ARENES,40370 RION-DES-LANDES
RI07010013,1 ALLEE DES ARENES,40370 RION-DES-LANDES
RI07010014,2 ALLEE DES ARENES,40370 RION-DES-LANDES
RI07010015,3 ALLEE DES ARENES,40370 RION-DES-LANDES
RI07010016,4 ALLEE DES ARENES,40370 RION-DES-LANDES
RI08010001,25 HAMEAU D'ALBRET,40370 RION-DES-LANDES
RI08010002,11 HAMEAU D'ALBRET,40370 RION-DES-LANDES
RI08010003,22 HAMEAU D'ALBRET,40370 RION-DES-LANDES
RI08010004,34 HAMEAU D'ALBRET,40370 RION-DES-LANDES
RI08010005,38 HAMEAU D'ALBRET,40370 RION-DES-LANDES
RI08010006,44 HAMEAU D'ALBRET,40370 RION-DES-LANDES
RI08010007,48 HAMEAU D'ALBRET,40370 RION-DES-LANDES
RI09010001,18 RUE DES SOUCHETS,40370 RION-DES-LANDES
RI09010002,30 RUE DES SOUCHETS,40370 RION-DES-LANDES
RI09010003,36 RUE DES SOUCHETS,40370 RION-DES-LANDES
RI09010004,48 RUE DES SOUCHETS,40370 RION-DES-LANDES
RI09010005,54 RUE DES SOUCHETS,40370 RION-DES-LANDES
RI09010006,66 RUE DES SOUCHETS,40370 RION-DES-LANDES
RI09010007,102 RUE DES SOUCHETS,40370 RION-DES-LANDES
RI09010008,114 RUE DES SOUCHETS,40370 RION-DES-LANDES
RI09010009,120 RUE DES SOUCHETS,40370 RION-DES-LANDES
RI09010010,130 RUE DES SOUCHETS,40370 RION-DES-LANDES
RO01010001,21 RUE DU TONNELIER,40120 ROQUEFORT
RO01010002,31 RUE DU TONNELIER,40120 ROQUEFORT
RO01010003,43 RUE DU TONNELIER,40120 ROQUEFORT
RO01010004,55 RUE DU TONNELIER,40120 ROQUEFORT
RO01010005,77 RUE DU TONNELIER,40120 ROQUEFORT
RO01010006,91 RUE DU TONNELIER,40120 ROQUEFORT
RO01010007,117 RUE DU TONNELIER,40120 ROQUEFORT
RO01010008,127 RUE DU TONNELIER,40120 ROQUEFORT
RO01010009,128 RUE DU TONNELIER,40120 ROQUEFORT
RO01010010,118 RUE DU TONNELIER,40120 ROQUEFORT
RO01010011,104 RUE DU TONNELIER,40120 ROQUEFORT
RO01010012,90 RUE DU TONNELIER,40120 ROQUEFORT
RO01010013,66 RUE DU TONNELIER,40120 ROQUEFORT
RO01010014,50 RUE DU TONNELIER,40120 ROQUEFORT
RO01010015,32 RUE DU TONNELIER,40120 ROQUEFORT
RO01010016,20 RUE DU TONNELIER,40120 ROQUEFORT
SA01010001,1 IMPASSE DE LA SOURCE,40230 SAUBION
SA01010002,15 RUE DE LA FONTAINE,40230 SAUBION
SA01010003,9 RUE DE LA FONTAINE,40230 SAUBION
SA01010004,14 RUE DES PALOMBES,40230 SAUBION
SB01010001,197 RUE DU PETIT BOURG,40630 SABRES
SB01010002,189 RUE DU PETIT BOURG,40630 SABRES
SB01010003,33 IMPASSE DES ALOUETTES,40630 SABRES
SB01010004,19 IMPASSE DES ALOUETTES,40630 SABRES
SB01010005,123 RUE DU PETIT BOURG,40630 SABRES
SB01010006,115 RUE DU PETIT BOURG,40630 SABRES
SB01010007,13 IMPASSE CATIOTE,40630 SABRES
SB01010008,11 IMPASSE CATIOTE,40630 SABRES
SB01010009,114 RUE DU PETIT BOURG,40630 SABRES
SB01010010,122 RUE DU PETIT BOURG,40630 SABRES
SB01010011,138 RUE DU PETIT BOURG,40630 SABRES
SB01010012,146 RUE DU PETIT BOURG,40630 SABRES
SB01010013,160 RUE DU PETIT BOURG,40630 SABRES
SB01010014,174 RUE DU PETIT BOURG,40630 SABRES
SB01010015,188 RUE DU PETIT BOURG,40630 SABRES
SB02010001,1 IMPASSE PATOFLE,40630 SABRES
SB02010002,2 IMPASSE PATOFLE,40630 SABRES
SB02010003,3 IMPASSE PATOFLE,40630 SABRES
SB02010004,4 IMPASSE PATOFLE,40630 SABRES
SB02010005,5 IMPASSE PATOFLE,40630 SABRES
SB02010006,6 IMPASSE PATOFLE,40630 SABRES
SB02010007,7 IMPASSE PATOFLE,40630 SABRES
SB02010009,54 IMPASSE DES LAURIERS,40630 SABRES
SB02010010,85 IMPASSE DES LAURIERS,40630 SABRES
SB02010011,61 IMPASSE DES LAURIERS,40630 SABRES
SB03010001,1 RUE DU PEYRICAT,40630 SABRES
SB03010002,2 RUE DU PEYRICAT,40630 SABRES
SB03010003,3 RUE DU PEYRICAT,40630 SABRES
SB03010004,4 RUE DU PEYRICAT,40630 SABRES
SB03010005,5 RUE DU PEYRICAT,40630 SABRES
SB03010006,6 RUE DU PEYRICAT,40630 SABRES
SB03010007,7 RUE DU PEYRICAT,40630 SABRES
SB03010008,8 RUE DU PEYRICAT,40630 SABRES
SB03010009,9 RUE DU PEYRICAT,40630 SABRES
SB03010010,10 RUE DU PEYRICAT,40630 SABRES
SB03010011,11 RUE DU PEYRICAT,40630 SABRES
SB03010012,12 RUE DU PEYRICAT,40630 SABRES
SB03010013,13 RUE DU PEYRICAT,40630 SABRES
SB03010014,14 RUE DU PEYRICAT,40630 SABRES
SB03010015,15 RUE DU PEYRICAT,40630 SABRES
SB04010001,107 RUE DU PRESBYTERE,40630 SABRES
SB04010002,110 RUE DU PRESBYTERE,40630 SABRES
SB04010003,114 RUE DU PRESBYTERE,40630 SABRES
SB04010004,118 RUE DU PRESBYTERE,40630 SABRES
SB05010001,66 RUE DU CHATEAU D'EAU,40630 SABRES
SB05010002,67 RUE DU CHATEAU D'EAU,40630 SABRES
SB05010003,74 RUE DU CHATEAU D'EAU,40630 SABRES
SB05010004,78 RUE DU CHATEAU D'EAU,40630 SABRES
SB06010001,80 IMPASSE DE LA PRAIRIE,40630 SABRES
SB06010002,94 IMPASSE DE LA PRAIRIE,40630 SABRES
SB06010003,110 IMPASSE DE LA PRAIRIE,40630 SABRES
SB06010004,120 IMPASSE DE LA PRAIRIE,40630 SABRES
SB06010005,77 IMPASSE DE L ISLES,40630 SABRES
SB06010006,85 IMPASSE DE L ISLES,40630 SABRES
SB06010007,107 IMPASSE DE L ISLES,40630 SABRES
SB06010008,113 IMPASSE DE L ISLES,40630 SABRES
SC01010001,15 ROUTE DE TILON,40410 SAUGNACQ-ET-MURET
SC01010002,17 ROUTE DE TILON,40410 SAUGNACQ-ET-MURET
SC01010003,21 ROUTE DE TILON,40410 SAUGNACQ-ET-MURET
SC01010004,23 ROUTE DE TILON,40410 SAUGNACQ-ET-MURET
SC01010005,25 ROUTE DE TILON,40410 SAUGNACQ-ET-MURET
SC01010006,27 ROUTE DE TILON,40410 SAUGNACQ-ET-MURET
SC01010007,29 ROUTE DE TILON,40410 SAUGNACQ-ET-MURET
SC01010008,31 ROUTE DE TILON,40410 SAUGNACQ-ET-MURET
SC02010001,1 ALLEE DU CHAMP FERME,40410 SAUGNACQ-ET-MURET
SC02010002,2 ALLEE DU CHAMP FERME,40410 SAUGNACQ-ET-MURET
SC02010003,18 ALLEE DU CHAMP FERME,40410 SAUGNACQ-ET-MURET
SC02010004,17 ALLEE DU CHAMP FERME,40410 SAUGNACQ-ET-MURET
SC02010005,15 ALLEE DU CHAMP FERME,40410 SAUGNACQ-ET-MURET
SC02010006,16 ALLEE DU CHAMP FERME,40410 SAUGNACQ-ET-MURET
SC03010001,3 ALLEE DU CHAMP FERME,40410 SAUGNACQ-ET-MURET
SC03010002,4 ALLEE DU CHAMP FERME,40410 SAUGNACQ-ET-MURET
SC03010003,5 ALLEE DU CHAMP FERME,40410 SAUGNACQ-ET-MURET
SC03010004,6 ALLEE DU CHAMP FERME,40410 SAUGNACQ-ET-MURET
SC03010005,7 ALLEE DU CHAMP FERME,40410 SAUGNACQ-ET-MURET
SC03010006,8 ALLEE DU CHAMP FERME,40410 SAUGNACQ-ET-MURET
SC03010007,9 ALLEE DU CHAMP FERME,40410 SAUGNACQ-ET-MURET
SC03010008,19 ALLEE DU CHAMP FERME,40410 SAUGNACQ-ET-MURET
SC04010001,10 ALLEE DU CHAMP FERME,40410 SAUGNACQ-ET-MURET
SC05010001,2 RUE DE LA POSTE,40410 SAUGNACQ-ET-MURET
SC05010002,4 RUE DE LA POSTE,40410 SAUGNACQ-ET-MURET
SC05010003,6 RUE DE LA POSTE,40410 SAUGNACQ-ET-MURET
SC05010004,8 RUE DE LA POSTE,40410 SAUGNACQ-ET-MURET
SC05010005,10 RUE DE LA POSTE,40410 SAUGNACQ-ET-MURET
SC05010006,12 RUE DE LA POSTE,40410 SAUGNACQ-ET-MURET
SC05010007,14 RUE DE LA POSTE,40410 SAUGNACQ-ET-MURET
SC05010008,16 RUE DE LA POSTE,40410 SAUGNACQ-ET-MURET
SD02010001,33 RUE CAMILLE PRIOLEAU,40320 SAMADET
SD02010002,25 RUE CAMILLE PRIOLEAU,40320 SAMADET
SD02010003,111 RUE DE BUSCHWILLER,40320 SAMADET
SD02010004,24 RUE CAMILLE PRIOLEAU,40320 SAMADET
SD02010005,32 RUE CAMILLE PRIOLEAU,40320 SAMADET
SD02010006,78 RUE CAMILLE PRIOLEAU,40320 SAMADET
SE03010001,1 LOTISSEMENT LOUIS ARAGON,40500 SAINT-SEVER
SE03010002,2 LOTISSEMENT LOUIS ARAGON,40500 SAINT-SEVER
SE03010003,3 LOTISSEMENT LOUIS ARAGON,40500 SAINT-SEVER
SE03010004,4 LOTISSEMENT LOUIS ARAGON,40500 SAINT-SEVER
SE03010005,5 LOTISSEMENT LOUIS ARAGON,40500 SAINT-SEVER
SE03010006,6 LOTISSEMENT LOUIS ARAGON,40500 SAINT-SEVER
SE03010007,7 LOTISSEMENT LOUIS ARAGON,40500 SAINT-SEVER
SE03010008,8 LOTISSEMENT LOUIS ARAGON,40500 SAINT-SEVER
SE03010009,9 LOTISSEMENT LOUIS ARAGON,40500 SAINT-SEVER
SE03010010,10 LOTISSEMENT LOUIS ARAGON,40500 SAINT-SEVER
SE03010011,11 LOTISSEMENT LOUIS ARAGON,40500 SAINT-SEVER
SE03010012,12 LOTISSEMENT LOUIS ARAGON,40500 SAINT-SEVER
SE03010013,13 LOTISSEMENT LOUIS ARAGON,40500 SAINT-SEVER
SE03010014,14 LOTISSEMENT LOUIS ARAGON,40500 SAINT-SEVER
SE03010015,15 LOTISSEMENT LOUIS ARAGON,40500 SAINT-SEVER
SE03010016,16 LOTISSEMENT LOUIS ARAGON,40500 SAINT-SEVER
SE03010017,17 LOTISSEMENT LOUIS ARAGON,40500 SAINT-SEVER
SE03010018,18 LOTISSEMENT LOUIS ARAGON,40500 SAINT-SEVER
SE03010019,19 LOTISSEMENT LOUIS ARAGON,40500 SAINT-SEVER
SE03010020,20 LOTISSEMENT LOUIS ARAGON,40500 SAINT-SEVER
SE03010021,21 LOTISSEMENT LOUIS ARAGON,40500 SAINT-SEVER
SE03010022,22 LOTISSEMENT LOUIS ARAGON,40500 SAINT-SEVER
SE03010023,23 LOTISSEMENT LOUIS ARAGON,40500 SAINT-SEVER
SE03010024,24 LOTISSEMENT LOUIS ARAGON,40500 SAINT-SEVER
SE03010025,25 LOTISSEMENT LOUIS ARAGON,40500 SAINT-SEVER
SE03010026,26 LOTISSEMENT LOUIS ARAGON,40500 SAINT-SEVER
SE03010027,27 LOTISSEMENT LOUIS ARAGON,40500 SAINT-SEVER
SE03010028,28 LOTISSEMENT LOUIS ARAGON,40500 SAINT-SEVER
SE03010029,29 LOTISSEMENT LOUIS ARAGON,40500 SAINT-SEVER
SE03010030,30 LOTISSEMENT LOUIS ARAGON,40500 SAINT-SEVER
SE05010001,31 LOTISSEMENT GEORGES BRASSENS,40500 SAINT-SEVER
SE05010002,32 LOTISSEMENT GEORGES BRASSENS,40500 SAINT-SEVER
SE05010003,33 LOTISSEMENT GEORGES BRASSENS,40500 SAINT-SEVER
SE05010004,34 LOTISSEMENT GEORGES BRASSENS,40500 SAINT-SEVER
SE05010005,35 LOTISSEMENT GEORGES BRASSENS,40500 SAINT-SEVER
SE05010006,36 LOTISSEMENT GEORGES BRASSENS,40500 SAINT-SEVER
SE05010008,38 LOTISSEMENT GEORGES BRASSENS,40500 SAINT-SEVER
SE05010009,39 LOTISSEMENT GEORGES BRASSENS,40500 SAINT-SEVER
SE09010001,1 CARRE DES PLATANES,40500 SAINT-SEVER
SE09010002,2 CARRE DES PLATANES,40500 SAINT-SEVER
SE09010003,3 CARRE DES PLATANES,40500 SAINT-SEVER
SE09010004,4 CARRE DES PLATANES,40500 SAINT-SEVER
SE09010005,5 CARRE DES PLATANES,40500 SAINT-SEVER
SE09010006,6 CARRE DES PLATANES,40500 SAINT-SEVER
SE09010007,7 CARRE DES PLATANES,40500 SAINT-SEVER
SE09010008,8 CARRE DES PLATANES,40500 SAINT-SEVER
SE09010009,9 CARRE DES PLATANES,40500 SAINT-SEVER
SE09010010,10 CARRE DES PLATANES,40500 SAINT-SEVER
SE09010011,11 CARRE DES PLATANES,40500 SAINT-SEVER
SE10010001,1 CITE LE CAP,40500 SAINT-SEVER
SE10010002,2 CITE LE CAP,40500 SAINT-SEVER
SE10010003,3 CITE LE CAP,40500 SAINT-SEVER
SE10010004,4 CITE LE CAP,40500 SAINT-SEVER
SE10010005,5 CITE LE CAP,40500 SAINT-SEVER
SE10010006,6 CITE LE CAP,40500 SAINT-SEVER
SE10010007,7 CITE LE CAP,40500 SAINT-SEVER
SE10010008,8 CITE LE CAP,40500 SAINT-SEVER
SE10010009,9 CITE LE CAP,40500 SAINT-SEVER
SE10010010,10 CITE LE CAP,40500 SAINT-SEVER
SE10010011,11 CITE LE CAP,40500 SAINT-SEVER
SE10010012,12 CITE LE CAP,40500 SAINT-SEVER
SE10010013,13 CITE LE CAP,40500 SAINT-SEVER
SE10010014,14 CITE LE CAP,40500 SAINT-SEVER
SE10010015,15 CITE LE CAP,40500 SAINT-SEVER
SL01010001,21 RUE DE LALANNE,40300 SAINT-LON-LES-MINES
SL01010002,22 RUE DE LALANNE,40300 SAINT-LON-LES-MINES
SL01010003,23 RUE DE LALANNE,40300 SAINT-LON-LES-MINES
SL01010004,24 RUE DE LALANNE,40300 SAINT-LON-LES-MINES
SL01010005,25 RUE DE LALANNE,40300 SAINT-LON-LES-MINES
SL01010006,26 RUE DE LALANNE,40300 SAINT-LON-LES-MINES
SL01010007,27 RUE DE LALANNE,40300 SAINT-LON-LES-MINES
SL01010008,28 RUE DE LALANNE,40300 SAINT-LON-LES-MINES
SL03010001,1 RUE DE L'ARRIOU,40300 SAINT-LON-LES-MINES
SL03010002,2 RUE DE L'ARRIOU,40300 SAINT-LON-LES-MINES
SL03010003,3 RUE DE L'ARRIOU,40300 SAINT-LON-LES-MINES
SL03010004,4 RUE DE L'ARRIOU,40300 SAINT-LON-LES-MINES
SL03010005,5 RUE DE L'ARRIOU,40300 SAINT-LON-LES-MINES
SL03010006,6 RUE DE L'ARRIOU,40300 SAINT-LON-LES-MINES
SL03010007,7 RUE DE L'ARRIOU,40300 SAINT-LON-LES-MINES
SL03010008,8 RUE DE L'ARRIOU,40300 SAINT-LON-LES-MINES
SL03010009,9 RUE DE L'ARRIOU,40300 SAINT-LON-LES-MINES
SL03010010,10 RUE DE L'ARRIOU,40300 SAINT-LON-LES-MINES
SL03010011,11 RUE DE L'ARRIOU,40300 SAINT-LON-LES-MINES
SL03010012,12 RUE DE L'ARRIOU,40300 SAINT-LON-LES-MINES
SL03010013,13 RUE DE L'ARRIOU,40300 SAINT-LON-LES-MINES
SL03010014,14 RUE DE L'ARRIOU,40300 SAINT-LON-LES-MINES
SM01010001,26 ALLEE DES PINS,40230 SAINT-GEOURS-DE-MAREMNE
SM01010002,24 ALLEE DES PINS,40230 SAINT-GEOURS-DE-MAREMNE
SM01010003,22 ALLEE DES PINS,40230 SAINT-GEOURS-DE-MAREMNE
SM01010004,20 ALLEE DES PINS,40230 SAINT-GEOURS-DE-MAREMNE
SM01010005,18 ALLEE DES PINS,40230 SAINT-GEOURS-DE-MAREMNE
SM01010006,16 ALLEE DES PINS,40230 SAINT-GEOURS-DE-MAREMNE
SM01010007,14 ALLEE DES PINS,40230 SAINT-GEOURS-DE-MAREMNE
SM01010008,12 ALLEE DES PINS,40230 SAINT-GEOURS-DE-MAREMNE
SM01010009,10 ALLEE DES PINS,40230 SAINT-GEOURS-DE-MAREMNE
SM01010010,8 ALLEE DES PINS,40230 SAINT-GEOURS-DE-MAREMNE
SM01010011,6 ALLEE DES PINS,40230 SAINT-GEOURS-DE-MAREMNE
SM01010012,4 ALLEE DES PINS,40230 SAINT-GEOURS-DE-MAREMNE
SM01010013,2 ALLEE DES PINS,40230 SAINT-GEOURS-DE-MAREMNE
SM01010014,1 ALLEE DES PINS,40230 SAINT-GEOURS-DE-MAREMNE
SM01010015,3 ALLEE DES PINS,40230 SAINT-GEOURS-DE-MAREMNE
SM01010016,5 ALLEE DES PINS,40230 SAINT-GEOURS-DE-MAREMNE
SM01010017,7 ALLEE DES PINS,40230 SAINT-GEOURS-DE-MAREMNE
SM01010018,9 ALLEE DES PINS,40230 SAINT-GEOURS-DE-MAREMNE
SM01010019,11 ALLEE DES PINS,40230 SAINT-GEOURS-DE-MAREMNE
SM01010020,13 ALLEE DES PINS,40230 SAINT-GEOURS-DE-MAREMNE
SM01010021,15 ALLEE DES PINS,40230 SAINT-GEOURS-DE-MAREMNE
SM01010022,17 ALLEE DES PINS,40230 SAINT-GEOURS-DE-MAREMNE
SN01010001,55 RUE TUC DE LA GOURGUE,40460 SANGUINET
SN01010002,63 RUE TUC DE LA GOURGUE,40460 SANGUINET
SN01010003,71 RUE TUC DE LA GOURGUE,40460 SANGUINET
SN01010004,75 RUE TUC DE LA GOURGUE,40460 SANGUINET
SN01010005,87 RUE TUC DE LA GOURGUE,40460 SANGUINET
SN01010006,86 RUE TUC DE LA GOURGUE,40460 SANGUINET
SN01010007,70 RUE TUC DE LA GOURGUE,40460 SANGUINET
SN01010008,62 RUE TUC DE LA GOURGUE,40460 SANGUINET
SN02010001,59 TUC DU REGAIN,40460 SANGUINET
SN02010002,43 TUC DU REGAIN,40460 SANGUINET
SN02010003,25 TUC DU REGAIN,40460 SANGUINET
SN02010004,34 TUC DE GOURGUE,40460 SANGUINET
SN02010005,52 TUC DE GOURGUE,40460 SANGUINET
SN02010006,233 RUE DU PRE DE LA GOURGUE,40460 SANGUINET
SN02010007,221 RUE DU PRE DE LA GOURGUE,40460 SANGUINET
SN03010001,27 ALLEE DE LA FORGE,40460 SANGUINET
SN03010002,31 ALLEE DE LA FORGE,40460 SANGUINET
SN03010003,71 ALLEE DE LA FORGE,40460 SANGUINET
SN03010004,77 ALLEE DE LA FORGE,40460 SANGUINET
SN03010005,75 ALLEE DE LA FORGE,40460 SANGUINET
SN03010006,79 ALLEE DE LA FORGE,40460 SANGUINET
SN03010007,101 ALLEE DE LA FORGE,40460 SANGUINET
SN03010008,107 ALLEE DE LA FORGE,40460 SANGUINET
SN03010009,105 ALLEE DE LA FORGE,40460 SANGUINET
SN03010010,109 ALLEE DE LA FORGE,40460 SANGUINET
SO01010001,17 CITE DU POUY,40210 SOLFERINO
SO01010002,19 CITE DU POUY,40210 SOLFERINO
SO01010003,21 CITE DU POUY,40210 SOLFERINO
SO01010004,23 CITE DU POUY,40210 SOLFERINO
SO01010005,25 CITE DU POUY,40210 SOLFERINO
SP18010001,1 HAMEAU DU PETIT BELIOT,40990 SAINT-PAUL-LES-DAX
SP18010002,2 HAMEAU DU PETIT BELIOT,40990 SAINT-PAUL-LES-DAX
SP18010003,3 HAMEAU DU PETIT BELIOT,40990 SAINT-PAUL-LES-DAX
SP18010004,4 HAMEAU DU PETIT BELIOT,40990 SAINT-PAUL-LES-DAX
SP18010005,5 HAMEAU DU PETIT BELIOT,40990 SAINT-PAUL-LES-DAX
SP18010006,6 HAMEAU DU PETIT BELIOT,40990 SAINT-PAUL-LES-DAX
SP18010007,7 HAMEAU DU PETIT BELIOT,40990 SAINT-PAUL-LES-DAX
SP18010008,8 HAMEAU DU PETIT BELIOT,40990 SAINT-PAUL-LES-DAX
SP18010009,9 HAMEAU DU PETIT BELIOT,40990 SAINT-PAUL-LES-DAX
SP18010010,10 HAMEAU DU PETIT BELIOT,40990 SAINT-PAUL-LES-DAX
SP18010011,11 HAMEAU DU PETIT BELIOT,40990 SAINT-PAUL-LES-DAX
SP18010012,12 HAMEAU DU PETIT BELIOT,40990 SAINT-PAUL-LES-DAX
SP18010013,13 HAMEAU DU PETIT BELIOT,40990 SAINT-PAUL-LES-DAX
SP18010014,14 HAMEAU DU PETIT BELIOT,40990 SAINT-PAUL-LES-DAX
SP18010015,15 HAMEAU DU PETIT BELIOT,40990 SAINT-PAUL-LES-DAX
SP18010016,16 HAMEAU DU PETIT BELIOT,40990 SAINT-PAUL-LES-DAX
SP18010017,17 HAMEAU DU PETIT BELIOT,40990 SAINT-PAUL-LES-DAX
SP18010018,18 HAMEAU DU PETIT BELIOT,40990 SAINT-PAUL-LES-DAX
SP18010019,19 HAMEAU DU PETIT BELIOT,40990 SAINT-PAUL-LES-DAX
SP18010020,20 HAMEAU DU PETIT BELIOT,40990 SAINT-PAUL-LES-DAX
SP18010021,21 HAMEAU DU PETIT BELIOT,40990 SAINT-PAUL-LES-DAX
SP18010022,22 HAMEAU DU PETIT BELIOT,40990 SAINT-PAUL-LES-DAX
SP18010023,23 HAMEAU DU PETIT BELIOT,40990 SAINT-PAUL-LES-DAX
SP18010024,24 HAMEAU DU PETIT BELIOT,40990 SAINT-PAUL-LES-DAX
SP18010025,25 HAMEAU DU PETIT BELIOT,40990 SAINT-PAUL-LES-DAX
SP18010026,26 HAMEAU DU PETIT BELIOT,40990 SAINT-PAUL-LES-DAX
SP18010027,27 HAMEAU DU PETIT BELIOT,40990 SAINT-PAUL-LES-DAX
SP18010028,28 HAMEAU DU PETIT BELIOT,40990 SAINT-PAUL-LES-DAX
SP18010029,29 HAMEAU DU PETIT BELIOT,40990 SAINT-PAUL-LES-DAX
SP18010030,30 HAMEAU DU PETIT BELIOT,40990 SAINT-PAUL-LES-DAX
SP18010031,31 HAMEAU DU PETIT BELIOT,40990 SAINT-PAUL-LES-DAX
SP18010032,32 HAMEAU DU PETIT BELIOT,40990 SAINT-PAUL-LES-DAX
SP18010033,33 HAMEAU DU PETIT BELIOT,40990 SAINT-PAUL-LES-DAX
SP18010034,34 HAMEAU DU PETIT BELIOT,40990 SAINT-PAUL-LES-DAX
SP18010035,35 HAMEAU DU PETIT BELIOT,40990 SAINT-PAUL-LES-DAX
SP18010036,36 HAMEAU DU PETIT BELIOT,40990 SAINT-PAUL-LES-DAX
SP18010037,37 HAMEAU DU PETIT BELIOT,40990 SAINT-PAUL-LES-DAX
SP18010038,38 HAMEAU DU PETIT BELIOT,40990 SAINT-PAUL-LES-DAX
SP18010039,39 HAMEAU DU PETIT BELIOT,40990 SAINT-PAUL-LES-DAX
SP18010040,40 HAMEAU DU PETIT BELIOT,40990 SAINT-PAUL-LES-DAX
SP18010041,41 HAMEAU DU PETIT BELIOT,40990 SAINT-PAUL-LES-DAX
SP23010001,68 HAMEAU DE LA VIEILLE FERME,40990 SAINT-PAUL-LES-DAX
SP23010002,66 HAMEAU DE LA VIEILLE FERME,40990 SAINT-PAUL-LES-DAX
SP23010003,64 HAMEAU DE LA VIEILLE FERME,40990 SAINT-PAUL-LES-DAX
SP23010004,62 HAMEAU DE LA VIEILLE FERME,40990 SAINT-PAUL-LES-DAX
SP23010005,60 HAMEAU DE LA VIEILLE FERME,40990 SAINT-PAUL-LES-DAX
SP23010006,58 HAMEAU DE LA VIEILLE FERME,40990 SAINT-PAUL-LES-DAX
SP23010007,56 HAMEAU DE LA VIEILLE FERME,40990 SAINT-PAUL-LES-DAX
SP23010008,54 HAMEAU DE LA VIEILLE FERME,40990 SAINT-PAUL-LES-DAX
SP23010009,52 HAMEAU DE LA VIEILLE FERME,40990 SAINT-PAUL-LES-DAX
SP23010010,50 HAMEAU DE LA VIEILLE FERME,40990 SAINT-PAUL-LES-DAX
SP23010011,48 HAMEAU DE LA VIEILLE FERME,40990 SAINT-PAUL-LES-DAX
SP23010012,46 HAMEAU DE LA VIEILLE FERME,40990 SAINT-PAUL-LES-DAX
SP23010013,44 HAMEAU DE LA VIEILLE FERME,40990 SAINT-PAUL-LES-DAX
SP23010014,42 HAMEAU DE LA VIEILLE FERME,40990 SAINT-PAUL-LES-DAX
SP23010015,40 HAMEAU DE LA VIEILLE FERME,40990 SAINT-PAUL-LES-DAX
SP23010016,38 HAMEAU DE LA VIEILLE FERME,40990 SAINT-PAUL-LES-DAX
SP23010017,36 HAMEAU DE LA VIEILLE FERME,40990 SAINT-PAUL-LES-DAX
SP23010018,34 HAMEAU DE LA VIEILLE FERME,40990 SAINT-PAUL-LES-DAX
SP23010019,32 HAMEAU DE LA VIEILLE FERME,40990 SAINT-PAUL-LES-DAX
SP23010020,30 HAMEAU DE LA VIEILLE FERME,40990 SAINT-PAUL-LES-DAX
SP23010021,28 HAMEAU DE LA VIEILLE FERME,40990 SAINT-PAUL-LES-DAX
SP23010022,26 HAMEAU DE LA VIEILLE FERME,40990 SAINT-PAUL-LES-DAX
SP23010023,24 HAMEAU DE LA VIEILLE FERME,40990 SAINT-PAUL-LES-DAX
SP23010024,22 HAMEAU DE LA VIEILLE FERME,40990 SAINT-PAUL-LES-DAX
SP23010025,20 HAMEAU DE LA VIEILLE FERME,40990 SAINT-PAUL-LES-DAX
SP23010026,18 HAMEAU DE LA VIEILLE FERME,40990 SAINT-PAUL-LES-DAX
SP23010027,16 HAMEAU DE LA VIEILLE FERME,40990 SAINT-PAUL-LES-DAX
SP23010028,14 HAMEAU DE LA VIEILLE FERME,40990 SAINT-PAUL-LES-DAX
SP23010029,12 HAMEAU DE LA VIEILLE FERME,40990 SAINT-PAUL-LES-DAX
SP23010030,10 HAMEAU DE LA VIEILLE FERME,40990 SAINT-PAUL-LES-DAX
SP23010031,8 HAMEAU DE LA VIEILLE FERME,40990 SAINT-PAUL-LES-DAX
SP23010032,6 HAMEAU DE LA VIEILLE FERME,40990 SAINT-PAUL-LES-DAX
SP23010033,4 HAMEAU DE LA VIEILLE FERME,40990 SAINT-PAUL-LES-DAX
SP23010034,2 HAMEAU DE LA VIEILLE FERME,40990 SAINT-PAUL-LES-DAX
SR01010001,142 RUE DES PALOMBES,40430 SORE
SR01010002,140 RUE DES PALOMBES,40430 SORE
SR01010003,138 RUE DES PALOMBES,40430 SORE
SR01010004,136 RUE DES PALOMBES,40430 SORE
SR01010005,134 RUE DES PALOMBES,40430 SORE
SR02010001,65 RUE DES ROUQUETS,40430 SORE
SR02010002,67 RUE DES ROUQUETS,40430 SORE
SR02010003,71 RUE DES ROUQUETS,40430 SORE
SR02010004,69 RUE DES ROUQUETS,40430 SORE
SR02010005,73 RUE DES ROUQUETS,40430 SORE
SR02010006,75 RUE DES ROUQUETS,40430 SORE
SR03010001,165 RUE DE LA GROTTE,40430 SORE
SR03010002,170 RUE DE LA GROTTE,40430 SORE
SR03010003,183 RUE DE LA GROTTE,40430 SORE
SR03010004,220 RUE DE LA GROTTE,40430 SORE
SR03010005,191 RUE DE LA GROTTE,40430 SORE
SR03010006,205 RUE DE LA GROTTE,40430 SORE
SR03010007,217 RUE DE LA GROTTE,40430 SORE
SR03010009,254 RUE DE LA GROTTE,40430 SORE
SR03010010,270 RUE DE LA GROTTE,40430 SORE
SR03010012,291 RUE DE LA GROTTE,40430 SORE
SR04010008,233 RUE DE LA GROTTE,40430 SORE
SR04010011,273 RUE DE LA GROTTE,40430 SORE
SR05010013,331 RUE DE LA GROTTE,40430 SORE
SR05010014,333 RUE DE LA GROTTE,40430 SORE
SR05010015,337 RUE DE LA GROTTE,40430 SORE
SR05010017,343 RUE DE LA GROTTE,40430 SORE
SR05010018,345 RUE DE LA GROTTE,40430 SORE
ST02010001,2 PLACE DES CHEVREUILS,40140 SOUSTONS
ST02010002,4 PLACE DES CHEVREUILS,40140 SOUSTONS
ST02010003,6 PLACE DES CHEVREUILS,40140 SOUSTONS
ST02010004,8 PLACE DES CHEVREUILS,40140 SOUSTONS
ST02010005,10 PLACE DES CHEVREUILS,40140 SOUSTONS
ST02010006,12 PLACE DES CHEVREUILS,40140 SOUSTONS
ST02010007,14 PLACE DES CHEVREUILS,40140 SOUSTONS
ST02010008,16 PLACE DES CHEVREUILS,40140 SOUSTONS
ST02010009,18 PLACE DES CHEVREUILS,40140 SOUSTONS
ST02010010,20 PLACE DES CHEVREUILS,40140 SOUSTONS
ST02010011,22 PLACE DES CHEVREUILS,40140 SOUSTONS
ST02010012,24 PLACE DES CHEVREUILS,40140 SOUSTONS
ST02010013,26 PLACE DES CHEVREUILS,40140 SOUSTONS
ST02010014,30 PLACE DES CHEVREUILS,40140 SOUSTONS
ST02010015,5 ALLEE DES TOURTERELLES,40140 SOUSTONS
ST02010016,7 ALLEE DES TOURTERELLES,40140 SOUSTONS
ST02010017,9 ALLEE DES TOURTERELLES,40140 SOUSTONS
ST02010018,11 ALLEE DES TOURTERELLES,40140 SOUSTONS
ST02010019,13 ALLEE DES TOURTERELLES,40140 SOUSTONS
ST02010020,15 ALLEE DES TOURTERELLES,40140 SOUSTONS
ST03010002,4 CLOS DE PECHIQUE,40140 SOUSTONS
ST03010003,5 CLOS DE PECHIQUE,40140 SOUSTONS
ST03010004,7 CLOS DE PECHIQUE,40140 SOUSTONS
ST03010005,9 CLOS DE PECHIQUE,40140 SOUSTONS
ST03010006,6 CLOS DE PECHIQUE,40140 SOUSTONS
ST03010008,10 CLOS DE PECHIQUE,40140 SOUSTONS
ST03010009,12 CLOS DE PECHIQUE,40140 SOUSTONS
ST03010010,11 CLOS DE PECHIQUE,40140 SOUSTONS
ST03010011,13 CLOS DE PECHIQUE,40140 SOUSTONS
ST03010012,15 CLOS DE PECHIQUE,40140 SOUSTONS
ST03010014,16 CLOS DE PECHIQUE,40140 SOUSTONS
ST03010015,18 CLOS DE PECHIQUE,40140 SOUSTONS
ST03010017,17 CLOS DE PECHIQUE,40140 SOUSTONS
ST03010018,19 CLOS DE PECHIQUE,40140 SOUSTONS
ST03010019,1 CLOS DE PECHIQUE,40140 SOUSTONS
ST04010007,8 CLOS DE PECHIQUE,40140 SOUSTONS
ST04010013,14 CLOS DE PECHIQUE,40140 SOUSTONS
ST04010016,20 CLOS DE PECHIQUE,40140 SOUSTONS
ST05010001,20 SQUARE DU MERLOU,40140 SOUSTONS
ST05010002,21 SQUARE DU MERLOU,40140 SOUSTONS
ST05010003,22 SQUARE DU MERLOU,40140 SOUSTONS
ST05010004,23 SQUARE DU MERLOU,40140 SOUSTONS
ST05010005,24 SQUARE DU MERLOU,40140 SOUSTONS
ST05010006,1 SQUARE DU MERLOU,40140 SOUSTONS
ST05010007,2 SQUARE DU MERLOU,40140 SOUSTONS
ST05010008,3 SQUARE DU MERLOU,40140 SOUSTONS
ST05010009,4 SQUARE DU MERLOU,40140 SOUSTONS
ST05010010,5 SQUARE DU MERLOU,40140 SOUSTONS
ST05010011,6 SQUARE DU MERLOU,40140 SOUSTONS
ST05010012,7 SQUARE DU MERLOU,40140 SOUSTONS
ST05010013,8 SQUARE DU MERLOU,40140 SOUSTONS
ST05010014,9 SQUARE DU MERLOU,40140 SOUSTONS
ST05010015,10 SQUARE DU MERLOU,40140 SOUSTONS
ST05010016,11 SQUARE DU MERLOU,40140 SOUSTONS
ST05010017,12 SQUARE DU MERLOU,40140 SOUSTONS
ST05010018,13 SQUARE DU MERLOU,40140 SOUSTONS
ST05010019,14 SQUARE DU MERLOU,40140 SOUSTONS
ST05010020,15 SQUARE DU MERLOU,40140 SOUSTONS
ST05010021,16 SQUARE DU MERLOU,40140 SOUSTONS
ST05010022,17 SQUARE DU MERLOU,40140 SOUSTONS
ST05010023,18 SQUARE DU MERLOU,40140 SOUSTONS
ST05010024,19 SQUARE DU MERLOU,40140 SOUSTONS
SU01010001,6 RUE LACAVE,40180 SAUBUSSE
SU01010002,8 RUE LACAVE,40180 SAUBUSSE
SU01010003,10 RUE LACAVE,40180 SAUBUSSE
SU01010004,12 RUE LACAVE,40180 SAUBUSSE
SU01010005,14 RUE LACAVE,40180 SAUBUSSE
TN04010001,38 RUE DU 19 MARS 1962,40220 TARNOS
TN04010002,36 RUE DU 19 MARS 1962,40220 TARNOS
TN04010003,34 RUE DU 19 MARS 1962,40220 TARNOS
TN04010004,32 RUE DU 19 MARS 1962,40220 TARNOS
TN04010005,30 RUE DU 19 MARS 1962,40220 TARNOS
TN04010006,28 RUE DU 19 MARS 1962,40220 TARNOS
TN04010007,26 RUE DU 19 MARS 1962,40220 TARNOS
TN04010008,24 RUE DU 19 MARS 1962,40220 TARNOS
TN04010009,22 RUE DU 19 MARS 1962,40220 TARNOS
TN04010010,20 RUE DU 19 MARS 1962,40220 TARNOS
TN04010011,18 RUE DU 19 MARS 1962,40220 TARNOS
TN04010012,16 RUE DU 19 MARS 1962,40220 TARNOS
TN04010013,14 RUE DU 19 MARS 1962,40220 TARNOS
TN04010014,12 RUE DU 19 MARS 1962,40220 TARNOS
TN04010015,10 RUE DU 19 MARS 1962,40220 TARNOS
TN04010016,8 RUE DU 19 MARS 1962,40220 TARNOS
TN04010017,6 RUE DU 19 MARS 1962,40220 TARNOS
TN04010018,4 RUE DU 19 MARS 1962,40220 TARNOS
TN08010001,1 IMPASSE DE L'ARRIOU,40220 TARNOS
TN08010002,2 IMPASSE DE L'ARRIOU,40220 TARNOS
TN08010003,3 IMPASSE DE L'ARRIOU,40220 TARNOS
TN08010004,4 IMPASSE DE L'ARRIOU,40220 TARNOS
TN08010005,5 IMPASSE DE L'ARRIOU,40220 TARNOS
TN08010006,6 IMPASSE DE L'ARRIOU,40220 TARNOS
TN08010007,7 IMPASSE DE L'ARRIOU,40220 TARNOS
TN08010008,8 IMPASSE DE L'ARRIOU,40220 TARNOS
TN08010009,9 IMPASSE DE L'ARRIOU,40220 TARNOS
TN08010010,10 IMPASSE DE L'ARRIOU,40220 TARNOS
TN08010011,11 IMPASSE DE L'ARRIOU,40220 TARNOS
TN08010012,12 IMPASSE DE L'ARRIOU,40220 TARNOS
TN08010013,1 IMPASSE DE LA TEOULERE,40220 TARNOS
TN08010014,2 IMPASSE DE LA TEOULERE,40220 TARNOS
TN08010015,3 IMPASSE DE LA TEOULERE,40220 TARNOS
TN08010016,4 IMPASSE DE LA TEOULERE,40220 TARNOS
TN08010017,5 IMPASSE DE LA TEOULERE,40220 TARNOS
TN08010018,6 IMPASSE DE LA TEOULERE,40220 TARNOS
TN08010019,7 IMPASSE DE LA TEOULERE,40220 TARNOS
TN08010020,8 IMPASSE DE LA TEOULERE,40220 TARNOS
TN08010021,9 IMPASSE DE LA TEOULERE,40220 TARNOS
TN08010022,10 IMPASSE DE LA TEOULERE,40220 TARNOS
TN08010023,11 IMPASSE DE LA TEOULERE,40220 TARNOS
TN08010024,12 IMPASSE DE LA TEOULERE,40220 TARNOS
TN08010025,13 IMPASSE DE LA TEOULERE,40220 TARNOS
TN08010026,14 IMPASSE DE LA TEOULERE,40220 TARNOS
TN10010001,19 RUE EDITH PIAF,40220 TARNOS
TN10010002,17 RUE EDITH PIAF,40220 TARNOS
TN10010003,15 RUE EDITH PIAF,40220 TARNOS
TN10010004,13 RUE EDITH PIAF,40220 TARNOS
TN10010005,11 RUE EDITH PIAF,40220 TARNOS
TN10010006,9 RUE EDITH PIAF,40220 TARNOS
TN10010007,7 RUE EDITH PIAF,40220 TARNOS
TN10010008,5 RUE EDITH PIAF,40220 TARNOS
TN10010009,3 RUE EDITH PIAF,40220 TARNOS
TN10010010,1 RUE EDITH PIAF,40220 TARNOS
TN10010011,18 RUE EDITH PIAF,40220 TARNOS
TN10010012,16 RUE EDITH PIAF,40220 TARNOS
TN10010013,14 RUE EDITH PIAF,40220 TARNOS
TN10010014,12 RUE EDITH PIAF,40220 TARNOS
TN10010015,10 RUE EDITH PIAF,40220 TARNOS
TN10010016,8 RUE EDITH PIAF,40220 TARNOS
TN10010017,6 RUE EDITH PIAF,40220 TARNOS
TN10010018,4 RUE EDITH PIAF,40220 TARNOS
TN10010019,2 BIS RUE EDITH PIAF,40220 TARNOS
TN10010020,2 RUE EDITH PIAF,40220 TARNOS
TN10010021,2 RUE DU VIEUX PIANO,40220 TARNOS
TN10010022,4 RUE DU VIEUX PIANO,40220 TARNOS
TN10010023,6 RUE DU VIEUX PIANO,40220 TARNOS
TN10010024,8 RUE DU VIEUX PIANO,40220 TARNOS
TN10010025,10 RUE DU VIEUX PIANO,40220 TARNOS
TN10010026,12 RUE DU VIEUX PIANO,40220 TARNOS
TN10010027,14 RUE DU VIEUX PIANO,40220 TARNOS
TN10010028,16 RUE DU VIEUX PIANO,40220 TARNOS
TN10010029,14 BIS RUE DU VIEUX PIANO,40220 TARNOS
TN10010030,16 BIS RUE DU VIEUX PIANO,40220 TARNOS
TN13010001,1 ALLEE LEO FERRE,40220 TARNOS
TN13010002,3 ALLEE LEO FERRE,40220 TARNOS
TN13010003,5 ALLEE LEO FERRE,40220 TARNOS
TN13010004,7 ALLEE LEO FERRE,40220 TARNOS
TN13010005,9 ALLEE LEO FERRE,40220 TARNOS
TN13010006,11 ALLEE LEO FERRE,40220 TARNOS
TN13010007,13 ALLEE LEO FERRE,40220 TARNOS
TN13010008,15 ALLEE LEO FERRE,40220 TARNOS
TN13010009,17 ALLEE LEO FERRE,40220 TARNOS
TN13010010,19 ALLEE LEO FERRE,40220 TARNOS
TN13010011,21 ALLEE LEO FERRE,40220 TARNOS
TN13010012,23 ALLEE LEO FERRE,40220 TARNOS
TN13010013,25 ALLEE LEO FERRE,40220 TARNOS
TN13010014,27 ALLEE LEO FERRE,40220 TARNOS
TN13010015,29 ALLEE LEO FERRE,40220 TARNOS
TN13010016,31 ALLEE LEO FERRE,40220 TARNOS
TN13010017,33 ALLEE LEO FERRE,40220 TARNOS
TN13010018,22 ALLEE LEO FERRE,40220 TARNOS
TN13010019,24 ALLEE LEO FERRE,40220 TARNOS
TN13010020,26 ALLEE LEO FERRE,40220 TARNOS
TN13010021,28 ALLEE LEO FERRE,40220 TARNOS
TN13010022,30 ALLEE LEO FERRE,40220 TARNOS
TN13010023,32 ALLEE LEO FERRE,40220 TARNOS
TN13010024,2 ALLEE LEO FERRE,40220 TARNOS
TN13010025,4 ALLEE LEO FERRE,40220 TARNOS
TN13010026,6 ALLEE LEO FERRE,40220 TARNOS
TN13010027,8 ALLEE LEO FERRE,40220 TARNOS
TN13010028,10 ALLEE LEO FERRE,40220 TARNOS
TN13010029,12 ALLEE LEO FERRE,40220 TARNOS
TN13010030,14 ALLEE LEO FERRE,40220 TARNOS
TN13010031,16 ALLEE LEO FERRE,40220 TARNOS
TN13010032,18 ALLEE LEO FERRE,40220 TARNOS
TN13010033,20 ALLEE LEO FERRE,40220 TARNOS
TN15010001,125 AVENUE LENINE,40220 TARNOS
TR01010001,23 IMPASSE CHINAN,40630 TRENSACQ
TR01010002,33 IMPASSE CHINAN,40630 TRENSACQ
TR01010003,41 IMPASSE CHINAN,40630 TRENSACQ
TR01010005,62 IMPASSE CHINAN,40630 TRENSACQ
TR01010006,44 IMPASSE CHINAN,40630 TRENSACQ
TT04010003,253 RUE DOCTEUR CALMETTE,40400 TARTAS
VB02010001,1 RUE PAUL VERLAINE,40480 VIEUX-BOUCAU-LES-BAINS
VB02010002,3 RUE PAUL VERLAINE,40480 VIEUX-BOUCAU-LES-BAINS
VB02010003,5 RUE PAUL VERLAINE,40480 VIEUX-BOUCAU-LES-BAINS
VB02010004,7 RUE PAUL VERLAINE,40480 VIEUX-BOUCAU-LES-BAINS
VB02010005,9 RUE PAUL VERLAINE,40480 VIEUX-BOUCAU-LES-BAINS
VB02010006,1 RUE CHARLES BAUDELAIRE,40480 VIEUX-BOUCAU-LES-BAINS
VB02010007,3 RUE CHARLES BAUDELAIRE,40480 VIEUX-BOUCAU-LES-BAINS
VB02010009,7 RUE CHARLES BAUDELAIRE,40480 VIEUX-BOUCAU-LES-BAINS
VB03010011,2 RUE EDMOND ROSTAND,40480 VIEUX-BOUCAU-LES-BAINS
VB03010012,4 RUE EDMOND ROSTAND,40480 VIEUX-BOUCAU-LES-BAINS
VB03010015,8 RUE EDMOND ROSTAND,40480 VIEUX-BOUCAU-LES-BAINS
VB03010016,2 RUE PIERRE LOTI,40480 VIEUX-BOUCAU-LES-BAINS
VB03010017,4 RUE PIERRE LOTI,40480 VIEUX-BOUCAU-LES-BAINS
VB03010018,6 RUE PIERRE LOTI,40480 VIEUX-BOUCAU-LES-BAINS
VB03010019,8 RUE PIERRE LOTI,40480 VIEUX-BOUCAU-LES-BAINS
VB03010020,10 RUE PIERRE LOTI,40480 VIEUX-BOUCAU-LES-BAINS
VI03010001,RUE DE LA BANIERE LOGT NO 1,40230 SAINT-VINCENT-DE-TYROSSE
VI03010002,RUE DE LA BANIERE LOGT NO 2,40230 SAINT-VINCENT-DE-TYROSSE
VI03010003,RUE DE LA BANIERE LOGT NO 3,40230 SAINT-VINCENT-DE-TYROSSE
VI03010004,RUE DE LA CITE,40230 SAINT-VINCENT-DE-TYROSSE
VI03010005,RUE DE LA BANIERE LOGT NO 5,40230 SAINT-VINCENT-DE-TYROSSE
VI03010006,RUE DE LA BANIERE LOGT NO 6,40230 SAINT-VINCENT-DE-TYROSSE
VI03010007,RUE DE LA BANIERE LOGT NO 7,40230 SAINT-VINCENT-DE-TYROSSE
VI03010008,RUE DE LA BANIERE LOGT NO 8,40230 SAINT-VINCENT-DE-TYROSSE
VI03010010,RUE DE LA BANIERE LOGT NO 10,40230 SAINT-VINCENT-DE-TYROSSE
VI03010011,RUE DE LA BANIERE LOGT NO 11,40230 SAINT-VINCENT-DE-TYROSSE
VI03010012,RUE DE LA BANIERE LOGT NO 12,40230 SAINT-VINCENT-DE-TYROSSE
VI03010013,IMPASSE DU BLASON LOGT NO 13,40230 SAINT-VINCENT-DE-TYROSSE
VI03010014,IMPASSE DU BLASON LOGT NO 14,40230 SAINT-VINCENT-DE-TYROSSE
VI03010015,IMPASSE DU BLASON LOGT NO 15,40230 SAINT-VINCENT-DE-TYROSSE
VI03010016,IMPASSE DU BLASON LOGT NO 16,40230 SAINT-VINCENT-DE-TYROSSE
VI03010017,IMPASSE DU BLASON LOGT NO 17,40230 SAINT-VINCENT-DE-TYROSSE
VI03010018,IMPASSE DU BLASON LOGT NO 18,40230 SAINT-VINCENT-DE-TYROSSE
VI03010019,IMPASSE DU BLASON LOGT NO 19,40230 SAINT-VINCENT-DE-TYROSSE
VI03010020,IMPASSE DU BLASON LOGT NO 20,40230 SAINT-VINCENT-DE-TYROSSE
VI03010021,IMPASSE DU BLASON LOGT NO 21,40230 SAINT-VINCENT-DE-TYROSSE
VI03010022,IMPASSE DU BLASON LOGT NO 22,40230 SAINT-VINCENT-DE-TYROSSE
VI04010001,1 RUE BAYOLLE,40230 SAINT-VINCENT-DE-TYROSSE
VI04010002,2 RUE BAYOLLE,40230 SAINT-VINCENT-DE-TYROSSE
VI04010003,3 RUE BAYOLLE,40230 SAINT-VINCENT-DE-TYROSSE
VI04010004,4 RUE BAYOLLE,40230 SAINT-VINCENT-DE-TYROSSE
VI04010005,5 RUE DE L'AOUILHE,40230 SAINT-VINCENT-DE-TYROSSE
VI04010006,6 RUE DE L'AOUILHE,40230 SAINT-VINCENT-DE-TYROSSE
VI04010007,7 RUE DE L'AOUILHE,40230 SAINT-VINCENT-DE-TYROSSE
VI04010008,8 RUE DE L'AOUILHE,40230 SAINT-VINCENT-DE-TYROSSE
VI04010009,9 RUE CANTERE,40230 SAINT-VINCENT-DE-TYROSSE
VI04010010,10 RUE CANTERE,40230 SAINT-VINCENT-DE-TYROSSE
VI04010012,12 RUE CANTERE,40230 SAINT-VINCENT-DE-TYROSSE
VI04010013,13 RUE CANTERE,40230 SAINT-VINCENT-DE-TYROSSE
VI04010014,14 RUE DE L'AOUILHE,40230 SAINT-VINCENT-DE-TYROSSE
VI04010015,15 RUE DE L'AOUILHE,40230 SAINT-VINCENT-DE-TYROSSE
VI04010016,16 RUE DE L'AOUILHE,40230 SAINT-VINCENT-DE-TYROSSE
VI04010017,17 RUE DE L'AOUILHE,40230 SAINT-VINCENT-DE-TYROSSE
VI04010018,18 RUE DE L'AOUILHE,40230 SAINT-VINCENT-DE-TYROSSE
VI04010019,19 RUE DE L'AOUILHE,40230 SAINT-VINCENT-DE-TYROSSE
VI04010020,20 RUE DE L'AOUILHE,40230 SAINT-VINCENT-DE-TYROSSE
VI04010021,21 RUE CANTERE,40230 SAINT-VINCENT-DE-TYROSSE
VI04010023,23 RUE CANTERE,40230 SAINT-VINCENT-DE-TYROSSE
VI04010025,25 RUE DE L'AOUILHE,40230 SAINT-VINCENT-DE-TYROSSE
VI04010026,26 RUE DE L'AOUILHE,40230 SAINT-VINCENT-DE-TYROSSE
VI04010029,29 RUE DE L'AOUILHE,40230 SAINT-VINCENT-DE-TYROSSE
VI04010030,30 RUE DE L'AOUILHE,40230 SAINT-VINCENT-DE-TYROSSE
VI05010002,41 RUE DES GENETS,40230 SAINT-VINCENT-DE-TYROSSE
VI05010003,43 RUE DES GENETS,40230 SAINT-VINCENT-DE-TYROSSE
VI05010004,45 RUE DES GENETS,40230 SAINT-VINCENT-DE-TYROSSE
VI05010005,47 RUE DES GENETS,40230 SAINT-VINCENT-DE-TYROSSE
VI05010007,33 RUE DES COQUELICOTS,40230 SAINT-VINCENT-DE-TYROSSE
VI05010009,29 RUE DES COQUELICOTS,40230 SAINT-VINCENT-DE-TYROSSE
VI05010010,27 RUE DES COQUELICOTS,40230 SAINT-VINCENT-DE-TYROSSE
VI05010012,23 RUE DES COQUELICOTS,40230 SAINT-VINCENT-DE-TYROSSE
VI05010013,21 RUE DES COQUELICOTS,40230 SAINT-VINCENT-DE-TYROSSE
VI05010015,17 RUE DES COQUELICOTS,40230 SAINT-VINCENT-DE-TYROSSE
VI05010016,15 RUE DES COQUELICOTS,40230 SAINT-VINCENT-DE-TYROSSE
VI05010017,11 RUE DES COQUELICOTS,40230 SAINT-VINCENT-DE-TYROSSE
VI05010018,9 RUE DES COQUELICOTS,40230 SAINT-VINCENT-DE-TYROSSE
VI05010019,7 RUE DES COQUELICOTS,40230 SAINT-VINCENT-DE-TYROSSE
VI05010020,5 RUE DES COQUELICOTS,40230 SAINT-VINCENT-DE-TYROSSE
VI05010021,3 RUE DES COQUELICOTS,40230 SAINT-VINCENT-DE-TYROSSE
VI05010022,1 RUE DES COQUELICOTS,40230 SAINT-VINCENT-DE-TYROSSE
VI05010023,16 RUE DES COQUELICOTS,40230 SAINT-VINCENT-DE-TYROSSE
VI05010024,14 RUE DES COQUELICOTS,40230 SAINT-VINCENT-DE-TYROSSE
VI05010025,12 RUE DES COQUELICOTS,40230 SAINT-VINCENT-DE-TYROSSE
VI05010026,10 RUE DES COQUELICOTS,40230 SAINT-VINCENT-DE-TYROSSE
VI05010029,4 RUE DES COQUELICOTS,40230 SAINT-VINCENT-DE-TYROSSE
VI05010030,2 RUE DES COQUELICOTS,40230 SAINT-VINCENT-DE-TYROSSE
VI06010001,3 AVENUE DU RESINIER,40230 SAINT-VINCENT-DE-TYROSSE
VI06010002,5 AVENUE DU RESINIER,40230 SAINT-VINCENT-DE-TYROSSE
VI06010003,1 IMPASSE DU HAPCHOT,40230 SAINT-VINCENT-DE-TYROSSE
VI06010005,6 IMPASSE DU HAPCHOT,40230 SAINT-VINCENT-DE-TYROSSE
VI06010006,4 IMPASSE DU HAPCHOT,40230 SAINT-VINCENT-DE-TYROSSE
VI06010007,2 IMPASSE DU HAPCHOT,40230 SAINT-VINCENT-DE-TYROSSE
VI06010008,7 AVENUE DU RESINIER,40230 SAINT-VINCENT-DE-TYROSSE
VI06010009,9 AVENUE DU RESINIER,40230 SAINT-VINCENT-DE-TYROSSE
VI06010010,11 AVENUE DU RESINIER,40230 SAINT-VINCENT-DE-TYROSSE
VI06010011,15 AVENUE DU RESINIER,40230 SAINT-VINCENT-DE-TYROSSE
VI06010012,17 AVENUE DU RESINIER,40230 SAINT-VINCENT-DE-TYROSSE
VI06010013,19 AVENUE DU RESINIER,40230 SAINT-VINCENT-DE-TYROSSE
VI06010014,21 AVENUE DU RESINIER,40230 SAINT-VINCENT-DE-TYROSSE
VI06010016,25 AVENUE DU RESINIER,40230 SAINT-VINCENT-DE-TYROSSE
VI06010017,27 AVENUE DU RESINIER,40230 SAINT-VINCENT-DE-TYROSSE
VI06010018,1 IMPASSE DU BAREUSQUIT,40230 SAINT-VINCENT-DE-TYROSSE
VI06010019,3 IMPASSE DU BAREUSQUIT,40230 SAINT-VINCENT-DE-TYROSSE
VI06010020,5 IMPASSE DU BAREUSQUIT,40230 SAINT-VINCENT-DE-TYROSSE
VI06010021,4 IMPASSE DU BAREUSQUIT,40230 SAINT-VINCENT-DE-TYROSSE
VI06010022,2 IMPASSE DU BAREUSQUIT,40230 SAINT-VINCENT-DE-TYROSSE
VI06010023,16 AVENUE DU RESINIER,40230 SAINT-VINCENT-DE-TYROSSE
VI06010024,14 AVENUE DU RESINIER,40230 SAINT-VINCENT-DE-TYROSSE
VI06010025,12 AVENUE DU RESINIER,40230 SAINT-VINCENT-DE-TYROSSE
VI06010026,10 AVENUE DU RESINIER,40230 SAINT-VINCENT-DE-TYROSSE
VI06010027,8 AVENUE DU RESINIER,40230 SAINT-VINCENT-DE-TYROSSE
VI06010028,6 AVENUE DU RESINIER,40230 SAINT-VINCENT-DE-TYROSSE
VI06010029,4 AVENUE DU RESINIER,40230 SAINT-VINCENT-DE-TYROSSE
VI06010030,2 AVENUE DU RESINIER,40230 SAINT-VINCENT-DE-TYROSSE
VI07010001,1 ALLEE DES PRIMEVERES,40230 SAINT-VINCENT-DE-TYROSSE
VI07010003,3 ALLEE DES PRIMEVERES,40230 SAINT-VINCENT-DE-TYROSSE
VI07010007,7 ALLEE DES PRIMEVERES,40230 SAINT-VINCENT-DE-TYROSSE
VI07010009,9 ALLEE DES PRIMEVERES,40230 SAINT-VINCENT-DE-TYROSSE
VI07010011,11 ALLEE DES PRIMEVERES,40230 SAINT-VINCENT-DE-TYROSSE
VI07010013,13 ALLEE DES PRIMEVERES,40230 SAINT-VINCENT-DE-TYROSSE
VI07010015,15 ALLEE DES PRIMEVERES,40230 SAINT-VINCENT-DE-TYROSSE
VI07010017,17 ALLEE DES PRIMEVERES,40230 SAINT-VINCENT-DE-TYROSSE
VI07010018,18 ALLEE DES PRIMEVERES,40230 SAINT-VINCENT-DE-TYROSSE
VI08010019,19 ALLEE DES PRIMEVERES,40230 SAINT-VINCENT-DE-TYROSSE
VI08010020,20 ALLEE DES PRIMEVERES,40230 SAINT-VINCENT-DE-TYROSSE
VI08010021,21 ALLEE DES PRIMEVERES,40230 SAINT-VINCENT-DE-TYROSSE
VI08010022,22 ALLEE DES PRIMEVERES,40230 SAINT-VINCENT-DE-TYROSSE
VI08010023,23 ALLEE DES PRIMEVERES,40230 SAINT-VINCENT-DE-TYROSSE
VI08010024,24 ALLEE DES PRIMEVERES,40230 SAINT-VINCENT-DE-TYROSSE
VI08010025,25 ALLEE DES PRIMEVERES,40230 SAINT-VINCENT-DE-TYROSSE
VI08010026,26 ALLEE DES PRIMEVERES,40230 SAINT-VINCENT-DE-TYROSSE
VI08010027,27 ALLEE DES PRIMEVERES,40230 SAINT-VINCENT-DE-TYROSSE
VI08010028,28 ALLEE DES PRIMEVERES,40230 SAINT-VINCENT-DE-TYROSSE
VI08010029,29 ALLEE DES PRIMEVERES,40230 SAINT-VINCENT-DE-TYROSSE
VI08010030,30 ALLEE DES PRIMEVERES,40230 SAINT-VINCENT-DE-TYROSSE
VI08010031,31 ALLEE DES PRIMEVERES,40230 SAINT-VINCENT-DE-TYROSSE
VI08010032,32 ALLEE DES PRIMEVERES,40230 SAINT-VINCENT-DE-TYROSSE
VI08010033,33 ALLEE DES PRIMEVERES,40230 SAINT-VINCENT-DE-TYROSSE
VI08010034,34 ALLEE DES PRIMEVERES,40230 SAINT-VINCENT-DE-TYROSSE
VI13010001,1 HAMEAU DE LUCATET,40230 SAINT-VINCENT-DE-TYROSSE
VI13010002,3 HAMEAU DE LUCATET,40230 SAINT-VINCENT-DE-TYROSSE
VI13010003,6 HAMEAU DE LUCATET,40230 SAINT-VINCENT-DE-TYROSSE
VI13010004,10 HAMEAU DE LUCATET,40230 SAINT-VINCENT-DE-TYROSSE
VI13010005,12 HAMEAU DE LUCATET,40230 SAINT-VINCENT-DE-TYROSSE
VI14010001,14 AVENUE DU HITTAU,40230 SAINT-VINCENT-DE-TYROSSE
VI14010002,15 AVENUE DU STADE,40230 SAINT-VINCENT-DE-TYROSSE
VI14010003,16 AVENUE DU HITTAU,40230 SAINT-VINCENT-DE-TYROSSE
VI14010004,17 AVENUE DU STADE,40230 SAINT-VINCENT-DE-TYROSSE
VI14010005,18 AVENUE DU HITTAU,40230 SAINT-VINCENT-DE-TYROSSE
VI14010006,20 AVENUE DU HITTAU,40230 SAINT-VINCENT-DE-TYROSSE
VM06010004,15 RUE DU 8 MAI 1945,40190 VILLENEUVE-DE-MARSAN
YC02010001,12 RUE DES GENETS,40160 YCHOUX
YC02010002,10 RUE DES GENETS,40160 YCHOUX
YC02010003,8 RUE DES GENETS,40160 YCHOUX
YC02010004,6 RUE DES GENETS,40160 YCHOUX
YC02010005,4 RUE DES GENETS,40160 YCHOUX
YC02010006,2 RUE DES GENETS,40160 YCHOUX
YC02010007,1 RUE DES GENETS,40160 YCHOUX
YC02010008,3 RUE DES GENETS,40160 YCHOUX
YC02010010,7 RUE DES GENETS,40160 YCHOUX
YC02010011,9 RUE DES GENETS,40160 YCHOUX
YC02010012,11 RUE DES GENETS,40160 YCHOUX
YC02010013,13 RUE DES GENETS,40160 YCHOUX
YC02010014,15 RUE DES GENETS,40160 YCHOUX
YC02010015,17 RUE DES GENETS,40160 YCHOUX
YC03010016,14 RUE DES GENETS,40160 YCHOUX
YC03010017,14 BIS RUE DES GENETS,40160 YCHOUX
YC03010018,18 RUE DES GENETS,40160 YCHOUX
YC03010019,18 BIS RUE DES GENETS,40160 YCHOUX
YC03010020,20 RUE DES GENETS,40160 YCHOUX
YC03010021,20 BIS RUE DES GENETS,40160 YCHOUX
YC03010022,16 BIS RUE DES GENETS,40160 YCHOUX
YC03010023,16 RUE DES GENETS,40160 YCHOUX
YC03010024,19 RUE DES GENETS,40160 YCHOUX
YC03010025,19 BIS RUE DES GENETS,40160 YCHOUX
YC03010026,21 RUE DES GENETS,40160 YCHOUX
YC03010027,23 RUE DES GENETS,40160 YCHOUX
YC03010028,23 BIS RUE DES GENETS,40160 YCHOUX
YC03010029,25 RUE DES GENETS,40160 YCHOUX
YC03010030,25 BIS RUE DES GENETS,40160 YCHOUX
YC04010001,16A RUE DES CHARDONNERETS,40160 YCHOUX
YC04010002,16B RUE DES CHARDONNERETS,40160 YCHOUX
YC04010003,16C RUE DES CHARDONNERETS,40160 YCHOUX
YC04010004,2 TER RUE DES ARBOUSIERS,40160 YCHOUX
YC04010005,2 BIS RUE DES ARBOUSIERS,40160 YCHOUX
YC04010006,1 RUE DES ARBOUSIERS,40160 YCHOUX
YC04010007,3 RUE DES ARBOUSIERS,40160 YCHOUX
YG01010001,3 RUE ROSE DES VENTS,40110 YGOS-SAINT-SATURNIN
YG01010002,5 RUE ROSE DES VENTS,40110 YGOS-SAINT-SATURNIN
YG01010003,9 RUE ROSE DES VENTS,40110 YGOS-SAINT-SATURNIN
YG01010005,20 RUE ROSE DES VENTS,40110 YGOS-SAINT-SATURNIN
YG01010007,14 RUE ROSE DES VENTS,40110 YGOS-SAINT-SATURNIN
YG01010008,10 RUE ROSE DES VENTS,40110 YGOS-SAINT-SATURNIN
YG01010009,6 RUE ROSE DES VENTS,40110 YGOS-SAINT-SATURNIN
YG01010010,4 RUE ROSE DES VENTS,40110 YGOS-SAINT-SATURNIN
YG03010001,31 IMPASSE DES HIRONDELLES,40110 YGOS-SAINT-SATURNIN
YG03010002,35 IMPASSE DES HIRONDELLES,40110 YGOS-SAINT-SATURNIN
YG03010003,51 IMPASSE DES HIRONDELLES,40110 YGOS-SAINT-SATURNIN
YG03010004,55 IMPASSE DES HIRONDELLES,40110 YGOS-SAINT-SATURNIN
YG03010005,81 IMPASSE DES HIRONDELLES,40110 YGOS-SAINT-SATURNIN
YG03010006,85 IMPASSE DES HIRONDELLES,40110 YGOS-SAINT-SATURNIN
YG03010007,84 IMPASSE DES HIRONDELLES,40110 YGOS-SAINT-SATURNIN
YG03010008,80 IMPASSE DES HIRONDELLES,40110 YGOS-SAINT-SATURNIN
YG03010009,54 IMPASSE DES HIRONDELLES,40110 YGOS-SAINT-SATURNIN
YG03010010,50 IMPASSE DES HIRONDELLES,40110 YGOS-SAINT-SATURNIN
YG03010011,34 IMPASSE DES HIRONDELLES,40110 YGOS-SAINT-SATURNIN
YG03010012,30 IMPASSE DES HIRONDELLES,40110 YGOS-SAINT-SATURNIN
