ADRESSE_3,ADRESSE_4
354 ROUTE DE SORE,40430 ARGELOUSE
370 ROUTE DE SORE,40430 ARGELOUSE
408 ROUTE DE SORE,40430 ARGELOUSE
416 ROUTE DE SORE,40430 ARGELOUSE
69 AVENUE DE BORDEAUX,40800 AIRE-SUR-L'ADOUR
69 BIS AVENUE DE BORDEAUX,40800 AIRE-SUR-L'ADOUR
71 AVENUE DE BORDEAUX,40800 AIRE-SUR-L'ADOUR
71 BIS AVENUE DE BORDEAUX,40800 AIRE-SUR-L'ADOUR
73 AVENUE DE BORDEAUX,40800 AIRE-SUR-L'ADOUR
73 BIS AVENUE DE BORDEAUX,40800 AIRE-SUR-L'ADOUR
75 AVENUE DE BORDEAUX,40800 AIRE-SUR-L'ADOUR
75 BIS AVENUE DE BORDEAUX,40800 AIRE-SUR-L'ADOUR
96 CHEMIN DE PERROT,40800 AIRE-SUR-L'ADOUR
114 CHEMIN DE PERROT,40800 AIRE-SUR-L'ADOUR
126 CHEMIN DE PERROT,40800 AIRE-SUR-L'ADOUR
140 CHEMIN DE PERROT,40800 AIRE-SUR-L'ADOUR
168 CHEMIN DE PERROT,40800 AIRE-SUR-L'ADOUR
170 CHEMIN DE PERROT,40800 AIRE-SUR-L'ADOUR
65 RUE DU SOUVENIR FRANCAIS,40800 AIRE-SUR-L'ADOUR
67 RUE DU SOUVENIR FRANCAIS,40800 AIRE-SUR-L'ADOUR
61 RUE DU SOUVENIR FRANCAIS,40800 AIRE-SUR-L'ADOUR
63 RUE DU SOUVENIR FRANCAIS,40800 AIRE-SUR-L'ADOUR
59 RUE DU SOUVENIR FRANCAIS,40800 AIRE-SUR-L'ADOUR
57 RUE DU SOUVENIR FRANCAIS,40800 AIRE-SUR-L'ADOUR
58 RUE DU SOUVENIR FRANCAIS,40800 AIRE-SUR-L'ADOUR
60 RUE DU SOUVENIR FRANCAIS,40800 AIRE-SUR-L'ADOUR
62 RUE DU SOUVENIR FRANCAIS,40800 AIRE-SUR-L'ADOUR
64 RUE DU SOUVENIR FRANCAIS,40800 AIRE-SUR-L'ADOUR
66 RUE DU SOUVENIR FRANCAIS,40800 AIRE-SUR-L'ADOUR
68 RUE DU SOUVENIR FRANCAIS,40800 AIRE-SUR-L'ADOUR
70 RUE DU SOUVENIR FRANCAIS,40800 AIRE-SUR-L'ADOUR
72 RUE DU SOUVENIR FRANCAIS,40800 AIRE-SUR-L'ADOUR
74 RUE DU SOUVENIR FRANCAIS,40800 AIRE-SUR-L'ADOUR
76 RUE DU SOUVENIR FRANCAIS,40800 AIRE-SUR-L'ADOUR
250 CHEMIN DE PERROT,40800 AIRE-SUR-L'ADOUR
242 CHEMIN DE PERROT,40800 AIRE-SUR-L'ADOUR
56 RUE DU SOUVENIR FRANCAIS,40800 AIRE-SUR-L'ADOUR
54 RUE DU SOUVENIR FRANCAIS,40800 AIRE-SUR-L'ADOUR
44 RUE DU SOUVENIR FRANCAIS,40800 AIRE-SUR-L'ADOUR
39 RUE DU SOUVENIR FRANCAIS,40800 AIRE-SUR-L'ADOUR
41 RUE DU SOUVENIR FRANCAIS,40800 AIRE-SUR-L'ADOUR
47 RUE DU SOUVENIR FRANCAIS,40800 AIRE-SUR-L'ADOUR
49 RUE DU SOUVENIR FRANCAIS,40800 AIRE-SUR-L'ADOUR
51 RUE DU SOUVENIR FRANCAIS,40800 AIRE-SUR-L'ADOUR
53 RUE DU SOUVENIR FRANCAIS,40800 AIRE-SUR-L'ADOUR
55 RUE DU SOUVENIR FRANCAIS,40800 AIRE-SUR-L'ADOUR
50 AVENUE DE BORDEAUX,40800 AIRE-SUR-L'ADOUR
50 BIS AVENUE DE BORDEAUX,40800 AIRE-SUR-L'ADOUR
52 AVENUE DE BORDEAUX,40800 AIRE-SUR-L'ADOUR
52 BIS AVENUE DE BORDEAUX,40800 AIRE-SUR-L'ADOUR
54 AVENUE DE BORDEAUX,40800 AIRE-SUR-L'ADOUR
54 BIS AVENUE DE BORDEAUX,40800 AIRE-SUR-L'ADOUR
56 AVENUE DE BORDEAUX,40800 AIRE-SUR-L'ADOUR
56 BIS AVENUE DE BORDEAUX,40800 AIRE-SUR-L'ADOUR
790 RUE GRACIAN,40990 ANGOUME
800 RUE GRACIAN,40990 ANGOUME
817 RUE GRACIAN,40990 ANGOUME
820 RUE GRACIAN,40990 ANGOUME
115 RUE DES SACULES,40110 ARENGOSSE
117 RUE DES SACULES,40110 ARENGOSSE
119 RUE DES SACULES,40110 ARENGOSSE
121 RUE DES SACULES,40110 ARENGOSSE
123 RUE DES SACULES,40110 ARENGOSSE
125 RUE DES SACULES,40110 ARENGOSSE
3 CITE PEBOS,40250 SAINT-AUBIN
1 CITE PEBOS,40250 SAINT-AUBIN
2 CITE PEBOS,40250 SAINT-AUBIN
10 CITE PEBOS,40250 SAINT-AUBIN
4 CITE PEBOS,40250 SAINT-AUBIN
9 CITE PEBOS,40250 SAINT-AUBIN
6 CITE PEBOS,40250 SAINT-AUBIN
7 CITE PEBOS,40250 SAINT-AUBIN
5 CITE PEBOS,40250 SAINT-AUBIN
8 CITE PEBOS,40250 SAINT-AUBIN
7 ALLEE DES CHENES - ARJUZANX,40110 MORCENX-LA-NOUVELLE
8 ALLEE DES CHENES - ARJUZANX,40110 MORCENX-LA-NOUVELLE
9 ALLEE DES CHENES - ARJUZANX,40110 MORCENX-LA-NOUVELLE
40 PLACE ARISTIDE BRIAND,40140 AZUR
51 RUE DU GNOY,40140 AZUR
55 RUE DU GNOY,40140 AZUR
71 RUE DU GNOY,40140 AZUR
75 RUE DU GNOY,40140 AZUR
85 RUE DU GNOY,40140 AZUR
91 RUE DU GNOY,40140 AZUR
42 ALLEE DES JARDINS,40140 AZUR
50 ALLEE DES JARDINS,40140 AZUR
70 ALLEE DES JARDINS,40140 AZUR
76 ALLEE DES JARDINS,40140 AZUR
88 ALLEE DES JARDINS,40140 AZUR
94 ALLEE DES JARDINS,40140 AZUR
9 RUE JULES FERRY,40140 AZUR
11 RUE JULES FERRY,40140 AZUR
67 RUE DE HOURIE,40180 BENESSE-LES-DAX
69 RUE DE HOURIE,40180 BENESSE-LES-DAX
83 RUE DE HOURIE,40180 BENESSE-LES-DAX
76 RUE DE HOURIE,40180 BENESSE-LES-DAX
78 RUE DE HOURIE,40180 BENESSE-LES-DAX
122 CHEMIN DE ST VINCENT,40410 BELHADE
144 CHEMIN DE ST VINCENT,40410 BELHADE
164 CHEMIN DE ST VINCENT,40410 BELHADE
1 CITE GASTON A,40170 BIAS
2 CITE GASTON A,40170 BIAS
3 CITE GASTON A,40170 BIAS
4 CITE GASTON A,40170 BIAS
5 CITE GASTON A,40170 BIAS
6 CITE GASTON A,40170 BIAS
7 CITE GASTON A,40170 BIAS
8 CITE GASTON A,40170 BIAS
9 CITE GASTON A,40170 BIAS
10 CITE GASTON A,40170 BIAS
11 CITE GASTON A,40170 BIAS
12 CITE GASTON B,40170 BIAS
13 CITE GASTON B,40170 BIAS
14 CITE GASTON B,40170 BIAS
15 CITE GASTON B,40170 BIAS
42 LOTISSEMENT GAYOTTE HLM,40300 BELUS
44 LOTISSEMENT GAYOTTE HLM,40300 BELUS
46 LOTISSEMENT GAYOTTE HLM,40300 BELUS
48 LOTISSEMENT GAYOTTE HLM,40300 BELUS
50 LOTISSEMENT GAYOTTE HLM,40300 BELUS
42 RUE DU THYM,40600 BISCARROSSE
74 RUE DU THYM,40600 BISCARROSSE
98 RUE DU THYM,40600 BISCARROSSE
97 RUE DU THYM,40600 BISCARROSSE
364 AVENUE JEAN BOUIN,40600 BISCARROSSE
440 AVENUE JEAN BOUIN,40600 BISCARROSSE
7 ALLEE FRANCIS POULENC,40600 BISCARROSSE
21 ALLEE FRANCIS POULENC,40600 BISCARROSSE
25 ALLEE FRANCIS POULENC,40600 BISCARROSSE
43 ALLEE FRANCIS POULENC,40600 BISCARROSSE
48 ALLEE FRANCIS POULENC,40600 BISCARROSSE
4 ALLEE FRANCIS POULENC,40600 BISCARROSSE
1 IMPASSE DES PERDRIX,40600 BISCARROSSE
3 IMPASSE DES PERDRIX,40600 BISCARROSSE
4 IMPASSE DES PERDRIX,40600 BISCARROSSE
5 IMPASSE DES PERDRIX,40600 BISCARROSSE
6 IMPASSE DES PERDRIX,40600 BISCARROSSE
8 IMPASSE DES PERDRIX,40600 BISCARROSSE
10 IMPASSE DES PERDRIX,40600 BISCARROSSE
1 RUE DE LA SOLIDARITE,40600 BISCARROSSE
2 RUE DE LA SOLIDARITE,40600 BISCARROSSE
3 RUE DE LA SOLIDARITE,40600 BISCARROSSE
4 RUE DE LA SOLIDARITE,40600 BISCARROSSE
5 RUE DE LA SOLIDARITE,40600 BISCARROSSE
6 RUE DE LA SOLIDARITE,40600 BISCARROSSE
7 RUE DE LA SOLIDARITE,40600 BISCARROSSE
8 RUE DE LA SOLIDARITE,40600 BISCARROSSE
9 RUE DE LA SOLIDARITE,40600 BISCARROSSE
10 RUE DE LA SOLIDARITE,40600 BISCARROSSE
11 RUE DE LA SOLIDARITE,40600 BISCARROSSE
12 RUE DE LA SOLIDARITE,40600 BISCARROSSE
13 RUE DE LA SOLIDARITE,40600 BISCARROSSE
14 RUE DE LA SOLIDARITE,40600 BISCARROSSE
15 RUE DE LA SOLIDARITE,40600 BISCARROSSE
16 RUE DE LA SOLIDARITE,40600 BISCARROSSE
17 RUE DE LA SOLIDARITE,40600 BISCARROSSE
18 RUE DE LA SOLIDARITE,40600 BISCARROSSE
19 RUE DE LA SOLIDARITE,40600 BISCARROSSE
20 RUE DE LA SOLIDARITE,40600 BISCARROSSE
21 RUE DE LA SOLIDARITE,40600 BISCARROSSE
22 RUE DE LA SOLIDARITE,40600 BISCARROSSE
23 RUE DE LA SOLIDARITE,40600 BISCARROSSE
24 RUE DE LA SOLIDARITE,40600 BISCARROSSE
25 RUE DE LA SOLIDARITE,40600 BISCARROSSE
26 RUE DE LA SOLIDARITE,40600 BISCARROSSE
27 RUE DE LA SOLIDARITE,40600 BISCARROSSE
28 RUE DE LA SOLIDARITE,40600 BISCARROSSE
29 RUE DE LA SOLIDARITE,40600 BISCARROSSE
30 RUE DE LA SOLIDARITE,40600 BISCARROSSE
31 RUE DE LA SOLIDARITE,40600 BISCARROSSE
32 RUE DE LA SOLIDARITE,40600 BISCARROSSE
33 RUE DE LA SOLIDARITE,40600 BISCARROSSE
34 RUE DE LA SOLIDARITE,40600 BISCARROSSE
35 RUE DE LA SOLIDARITE,40600 BISCARROSSE
36 RUE DE LA SOLIDARITE,40600 BISCARROSSE
3 RUE BAS ARMAGNAC,40130 CAPBRETON
4 RUE BAS ARMAGNAC,40130 CAPBRETON
5 RUE BAS ARMAGNAC,40130 CAPBRETON
6 RUE BAS ARMAGNAC,40130 CAPBRETON
7 RUE BAS ARMAGNAC,40130 CAPBRETON
8 IMPASSE ROXANE,40130 CAPBRETON
10 RUE BAS ARMAGNAC,40130 CAPBRETON
11 RUE BAS ARMAGNAC,40130 CAPBRETON
16 IMPASSE ROXANE,40130 CAPBRETON
17 IMPASSE ROXANE,40130 CAPBRETON
19 RUE EDMOND ROSTAND,40130 CAPBRETON
20 IMPASSE ROXANE,40130 CAPBRETON
21 IMPASSE ROXANE,40130 CAPBRETON
23 IMPASSE ROXANE,40130 CAPBRETON
24 IMPASSE ROXANE,40130 CAPBRETON
25 RUE EDMOND ROSTAND,40130 CAPBRETON
27 RUE EDMOND ROSTAND,40130 CAPBRETON
28 RUE EDMOND ROSTAND,40130 CAPBRETON
30 RUE EDMOND ROSTAND,40130 CAPBRETON
1 RUE DE LA PEPINIERE,40130 CAPBRETON
2 RUE DE LA PEPINIERE,40130 CAPBRETON
3 RUE DE LA PEPINIERE,40130 CAPBRETON
4 RUE DE LA PEPINIERE,40130 CAPBRETON
5 RUE DE LA PEPINIERE,40130 CAPBRETON
6 RUE DE LA PEPINIERE,40130 CAPBRETON
7 RUE DE LA PEPINIERE,40130 CAPBRETON
8 RUE DE LA PEPINIERE,40130 CAPBRETON
245 IMPASSE DE L'ETANG,40090 CERE
453 RUE DE L'ECUREUIL,40090 CERE
475 RUE DE L'ECUREUIL,40090 CERE
31 RUE DE LA PAMPA,40090 CERE
33 RUE DE LA PAMPA,40090 CERE
33 IMPASSE DU PRESBYTERE,40210 COMMENSACQ
36 IMPASSE DU PRESBYTERE,40210 COMMENSACQ
149 RUE DES MULETIERS,40260 CASTETS
40 RUE DES MULETIERS,40260 CASTETS
52 RUE DES MULETIERS,40260 CASTETS
68 RUE DES MULETIERS,40260 CASTETS
82 RUE DES MULETIERS,40260 CASTETS
92 RUE DES MULETIERS,40260 CASTETS
106 RUE DES MULETIERS,40260 CASTETS
139 RUE DES MULETIERS,40260 CASTETS
125 RUE DES MULETIERS,40260 CASTETS
95 RUE DES MULETIERS,40260 CASTETS
91 RUE DES MULETIERS,40260 CASTETS
49 RUE DES MULETIERS,40260 CASTETS
43 RUE DES MULETIERS,40260 CASTETS
31 RUE DES MULETIERS,40260 CASTETS
21 RUE DES MULETIERS,40260 CASTETS
78 RUE DES GEMMEURS,40260 CASTETS
88 RUE DES GEMMEURS,40260 CASTETS
102 RUE DES GEMMEURS,40260 CASTETS
112 RUE DES GEMMEURS,40260 CASTETS
126 RUE DES GEMMEURS,40260 CASTETS
144 RUE DES GEMMEURS,40260 CASTETS
180 RUE DES GEMMEURS,40260 CASTETS
194 RUE DES GEMMEURS,40260 CASTETS
216 RUE DES GEMMEURS,40260 CASTETS
228 RUE DES GEMMEURS,40260 CASTETS
233 RUE DES GEMMEURS,40260 CASTETS
219 RUE DES GEMMEURS,40260 CASTETS
213 RUE DES GEMMEURS,40260 CASTETS
193 RUE DES GEMMEURS,40260 CASTETS
185 RUE DES GEMMEURS,40260 CASTETS
9 RUE CLEMENT ADER,40100 DAX
7 RUE CLEMENT ADER,40100 DAX
5 RUE CLEMENT ADER,40100 DAX
3 RUE CLEMENT ADER,40100 DAX
1 RUE CLEMENT ADER,40100 DAX
2 RUE HELENE BOUCHER,40100 DAX
4 RUE HELENE BOUCHER,40100 DAX
6 RUE HELENE BOUCHER,40100 DAX
8 RUE HELENE BOUCHER,40100 DAX
10 RUE HELENE BOUCHER,40100 DAX
12 RUE HELENE BOUCHER,40100 DAX
14 RUE HELENE BOUCHER,40100 DAX
16 RUE HELENE BOUCHER,40100 DAX
1 RUE DES ALOUETTES,40100 DAX
3 RUE DES ALOUETTES,40100 DAX
5 RUE DES ALOUETTES,40100 DAX
7 RUE DES ALOUETTES,40100 DAX
9 RUE DES ALOUETTES,40100 DAX
11 RUE DES ALOUETTES,40100 DAX
13 RUE DES ALOUETTES,40100 DAX
15 RUE DES ALOUETTES,40100 DAX
17 RUE DES ALOUETTES,40100 DAX
19 RUE DES ALOUETTES,40100 DAX
20 PLACE DE L'AVIATION,40100 DAX
18 PLACE DE L'AVIATION,40100 DAX
16 PLACE DE L'AVIATION,40100 DAX
14 PLACE DE L'AVIATION,40100 DAX
12 PLACE DE L'AVIATION,40100 DAX
10 PLACE DE L'AVIATION,40100 DAX
8 PLACE DE L'AVIATION,40100 DAX
6 PLACE DE L'AVIATION,40100 DAX
4 PLACE DE L'AVIATION,40100 DAX
2 PLACE DE L'AVIATION,40100 DAX
1 RUE DES AILES,40100 DAX
3 RUE DES AILES,40100 DAX
5 RUE DES AILES,40100 DAX
7 RUE DES AILES,40100 DAX
9 RUE DES AILES,40100 DAX
11 RUE DES AILES,40100 DAX
13 RUE DES AILES,40100 DAX
15 RUE DES AILES,40100 DAX
17 RUE DES AILES,40100 DAX
19 RUE DES AILES,40100 DAX
21 RUE DES AILES,40100 DAX
23 RUE DES AILES,40100 DAX
1 RUE BLERIOT,40100 DAX
3 RUE BLERIOT,40100 DAX
5 RUE BLERIOT,40100 DAX
7 RUE BLERIOT,40100 DAX
9 RUE BLERIOT,40100 DAX
11 RUE BLERIOT,40100 DAX
13 RUE BLERIOT,40100 DAX
15 RUE BLERIOT,40100 DAX
17 RUE BLERIOT,40100 DAX
19 RUE BLERIOT,40100 DAX
21 RUE BLERIOT,40100 DAX
23 RUE BLERIOT,40100 DAX
25 RUE BLERIOT,40100 DAX
7 RUE DE LA PERLE,40100 DAX
8 RUE LAMARTINE,40100 DAX
4 RUE LAMARTINE,40100 DAX
2 RUE LAMARTINE,40100 DAX
93 RUE DE LA CROIX BLANCHE,40100 DAX
97 RUE DE LA CROIX BLANCHE,40100 DAX
99 RUE DE LA CROIX BLANCHE,40100 DAX
1 RUE ALEXANDRE DUMAS,40100 DAX
2 RUE ALEXANDRE DUMAS,40100 DAX
3 RUE ALEXANDRE DUMAS,40100 DAX
4 RUE ALEXANDRE DUMAS,40100 DAX
5 RUE ALEXANDRE DUMAS,40100 DAX
6 RUE ALEXANDRE DUMAS,40100 DAX
7 RUE ALEXANDRE DUMAS,40100 DAX
8 RUE ALEXANDRE DUMAS,40100 DAX
9 RUE ALEXANDRE DUMAS,40100 DAX
10 RUE ALEXANDRE DUMAS,40100 DAX
11 RUE ALEXANDRE DUMAS,40100 DAX
12 RUE ALEXANDRE DUMAS,40100 DAX
13 RUE ALEXANDRE DUMAS,40100 DAX
14 RUE ALEXANDRE DUMAS,40100 DAX
15 RUE ALEXANDRE DUMAS,40100 DAX
16 RUE ALEXANDRE DUMAS,40100 DAX
17 RUE ALEXANDRE DUMAS,40100 DAX
18 RUE ALEXANDRE DUMAS,40100 DAX
19 RUE ALEXANDRE DUMAS,40100 DAX
20 RUE ALEXANDRE DUMAS,40100 DAX
21 RUE ALEXANDRE DUMAS,40100 DAX
22 RUE ALEXANDRE DUMAS,40100 DAX
23 RUE ALEXANDRE DUMAS,40100 DAX
24 RUE ALEXANDRE DUMAS,40100 DAX
25 RUE ALEXANDRE DUMAS,40100 DAX
26 RUE ALEXANDRE DUMAS,40100 DAX
1 RUE DES TULIPES,40100 DAX
2 RUE DES TULIPES,40100 DAX
3 RUE DES TULIPES,40100 DAX
4 RUE DES TULIPES,40100 DAX
5 RUE DES TULIPES,40100 DAX
6 RUE DES TULIPES,40100 DAX
7 RUE DES TULIPES,40100 DAX
8 RUE DES TULIPES,40100 DAX
10 RUE DES TULIPES,40100 DAX
12 RUE DES TULIPES,40100 DAX
3 RUE DES VERGNES,40100 DAX
5 RUE DES VERGNES,40100 DAX
7 RUE DES VERGNES,40100 DAX
8 RUE DES VERGNES,40100 DAX
9 RUE DES VERGNES,40100 DAX
10 RUE DES VERGNES,40100 DAX
11 RUE DES VERGNES,40100 DAX
12 RUE DES VERGNES,40100 DAX
RUE DES VERGNES,40100 DAX
14 RUE DES VERGNES,40100 DAX
15 RUE DES VERGNES,40100 DAX
16 RUE DES VERGNES,40100 DAX
17 RUE DES VERGNES,40100 DAX
18 RUE DES VERGNES,40100 DAX
19 RUE DES VERGNES,40100 DAX
20 RUE DES VERGNES,40100 DAX
21 RUE DES VERGNES,40100 DAX
22 RUE DES VERGNES,40100 DAX
24 RUE DES VERGNES,40100 DAX
26 RUE DES VERGNES,40100 DAX
28 RUE DES VERGNES,40100 DAX
30 RUE DES VERGNES,40100 DAX
32 RUE DES VERGNES,40100 DAX
34 RUE DES VERGNES,40100 DAX
32 RUE DES NARCISSES,40100 DAX
34 RUE DES NARCISSES,40100 DAX
36 RUE DES NARCISSES,40100 DAX
38 RUE DES NARCISSES,40100 DAX
1 RUE DES JONQUILLES,40100 DAX
3 RUE DES JONQUILLES,40100 DAX
5 RUE DES JONQUILLES,40100 DAX
7 RUE DES JONQUILLES,40100 DAX
9 RUE DES JONQUILLES,40100 DAX
11 RUE DES JONQUILLES,40100 DAX
13 RUE DES JONQUILLES,40100 DAX
15 RUE DES JONQUILLES,40100 DAX
17 RUE DES JONQUILLES,40100 DAX
19 RUE DES JONQUILLES,40100 DAX
21 RUE DES JONQUILLES,40100 DAX
23 RUE DES JONQUILLES,40100 DAX
18 ALLEE DES PRIMEVERES,40100 DAX
20 ALLEE DES PRIMEVERES,40100 DAX
22 ALLEE DES PRIMEVERES,40100 DAX
8 ALLEE DES CAMELIAS,40100 DAX
10 ALLEE DES CAMELIAS,40100 DAX
12 ALLEE DES CAMELIAS,40100 DAX
23 RUE MAURICE UTRILLO,40100 DAX
25 RUE MAURICE UTRILLO,40100 DAX
27 RUE MAURICE UTRILLO,40100 DAX
30 RUE MAURICE UTRILLO,40100 DAX
32 RUE MAURICE UTRILLO,40100 DAX
33 RUE MAURICE UTRILLO,40100 DAX
34 RUE MAURICE UTRILLO,40100 DAX
36 RUE MAURICE UTRILLO,40100 DAX
38 RUE MAURICE UTRILLO,40100 DAX
40 RUE MAURICE UTRILLO,40100 DAX
42 RUE MAURICE UTRILLO,40100 DAX
1 RUE GEORGES BRASSENS,40100 DAX
2 RUE GEORGES BRASSENS,40100 DAX
3 RUE GEORGES BRASSENS,40100 DAX
4 RUE GEORGES BRASSENS,40100 DAX
6 RUE GEORGES BRASSENS,40100 DAX
8 RUE GEORGES BRASSENS,40100 DAX
10 RUE GEORGES BRASSENS,40100 DAX
12 RUE GEORGES BRASSENS,40100 DAX
14 RUE GEORGES BRASSENS,40100 DAX
16 RUE GEORGES BRASSENS,40100 DAX
18 RUE GEORGES BRASSENS,40100 DAX
20 RUE GEORGES BRASSENS,40100 DAX
22 RUE GEORGES BRASSENS,40100 DAX
24 RUE GEORGES BRASSENS,40100 DAX
26 RUE GEORGES BRASSENS,40100 DAX
28 RUE GEORGES BRASSENS,40100 DAX
30 RUE GEORGES BRASSENS,40100 DAX
32 RUE GEORGES BRASSENS,40100 DAX
34 RUE GEORGES BRASSENS,40100 DAX
36 RUE GEORGES BRASSENS,40100 DAX
38 RUE GEORGES BRASSENS,40100 DAX
40 RUE GEORGES BRASSENS,40100 DAX
42 RUE GEORGES BRASSENS,40100 DAX
11 RUE MAURICE UTRILLO,40100 DAX
13 RUE MAURICE UTRILLO,40100 DAX
15 RUE MAURICE UTRILLO,40100 DAX
17 RUE MAURICE UTRILLO,40100 DAX
19 RUE MAURICE UTRILLO,40100 DAX
29 RUE MAURICE UTRILLO,40100 DAX
31 RUE MAURICE UTRILLO,40100 DAX
35 RUE MAURICE UTRILLO,40100 DAX
43 RUE PIERRE FRESNAY,40100 DAX
45 RUE PIERRE FRESNAY,40100 DAX
15 RUE SAINT EXUPERY,40100 DAX
13 RUE SAINT EXUPERY,40100 DAX
11 RUE SAINT EXUPERY,40100 DAX
9 RUE SAINT EXUPERY,40100 DAX
7 RUE SAINT EXUPERY,40100 DAX
5 RUE SAINT EXUPERY,40100 DAX
27 RUE PIERRE LATECOERE,40100 DAX
25 RUE PIERRE LATECOERE,40100 DAX
23 RUE PIERRE LATECOERE,40100 DAX
21 RUE PIERRE LATECOERE,40100 DAX
19 RUE PIERRE LATECOERE,40100 DAX
2 RUE DES ALOUETTES,40100 DAX
4 RUE DES ALOUETTES,40100 DAX
6 RUE DES ALOUETTES,40100 DAX
8 RUE DES ALOUETTES,40100 DAX
17 RUE PIERRE LATECOERE,40100 DAX
15 RUE PIERRE LATECOERE,40100 DAX
13 RUE PIERRE LATECOERE,40100 DAX
11 RUE PIERRE LATECOERE,40100 DAX
9 RUE PIERRE LATECOERE,40100 DAX
7 RUE PIERRE LATECOERE,40100 DAX
5 RUE PIERRE LATECOERE,40100 DAX
3 RUE PIERRE LATECOERE,40100 DAX
1 RUE PIERRE LATECOERE,40100 DAX
2 RUE BLERIOT,40100 DAX
4 RUE BLERIOT,40100 DAX
6 RUE BLERIOT,40100 DAX
8 RUE BLERIOT,40100 DAX
10 RUE BLERIOT,40100 DAX
12 RUE BLERIOT,40100 DAX
14 RUE BLERIOT,40100 DAX
16 RUE BLERIOT,40100 DAX
18 RUE BLERIOT,40100 DAX
20 RUE BLERIOT,40100 DAX
22 RUE BLERIOT,40100 DAX
24 RUE BLERIOT,40100 DAX
26 RUE BLERIOT,40100 DAX
28 RUE BLERIOT,40100 DAX
30 RUE BLERIOT,40100 DAX
21 BOULEVARD LEON LESPARRE,40100 DAX
23 BOULEVARD LEON LESPARRE,40100 DAX
25 BOULEVARD LEON LESPARRE,40100 DAX
27 BOULEVARD LEON LESPARRE,40100 DAX
29 BOULEVARD LEON LESPARRE,40100 DAX
31 BOULEVARD LEON LESPARRE,40100 DAX
2 BOULEVARD DARCET,40100 DAX
4 BOULEVARD DARCET,40100 DAX
6 BOULEVARD DARCET,40100 DAX
8 BOULEVARD DARCET,40100 DAX
10 BOULEVARD DARCET,40100 DAX
12 BOULEVARD DARCET,40100 DAX
14 RUE DE LA CITE DU GOND,40100 DAX
16 RUE DE LA CITE DU GOND,40100 DAX
18 RUE DE LA CITE DU GOND,40100 DAX
20 RUE DE LA CITE DU GOND,40100 DAX
22 RUE DE LA CITE DU GOND,40100 DAX
24 RUE DE LA CITE DU GOND,40100 DAX
1 PLACE LEON LESPPARRE,40100 DAX
2 PLACE LEON LESPPARRE,40100 DAX
3 PLACE LEON LESPPARRE,40100 DAX
4 PLACE LEON LESPPARRE,40100 DAX
5 PLACE LEON LESPPARRE,40100 DAX
6 PLACE LEON LESPPARRE,40100 DAX
7 PLACE LEON LESPPARRE,40100 DAX
8 PLACE LEON LESPPARRE,40100 DAX
9 PLACE LEON LESPPARRE,40100 DAX
10 PLACE LEON LESPPARRE,40100 DAX
12 PLACE LEON LESPPARRE,40100 DAX
7 BOULEVARD LEON LESPARRE,40100 DAX
2 BOULEVARD LEON LESPARRE,40100 DAX
9 BOULEVARD LEON LESPARRE,40100 DAX
4 BOULEVARD LEON LESPARRE,40100 DAX
11 BOULEVARD LEON LESPARRE,40100 DAX
6 BOULEVARD LEON LESPARRE,40100 DAX
8 BOULEVARD LEON LESPARRE,40100 DAX
64 BOULEVARD LEON LESPARRE,40100 DAX
66 BOULEVARD LEON LESPARRE,40100 DAX
68 BOULEVARD LEON LESPARRE,40100 DAX
70 BOULEVARD LEON LESPARRE,40100 DAX
72 BOULEVARD LEON LESPARRE,40100 DAX
74 BOULEVARD LEON LESPARRE,40100 DAX
76 BOULEVARD LEON LESPARRE,40100 DAX
78 BOULEVARD LEON LESPARRE,40100 DAX
25 RUE DES GRILLONS,40100 DAX
27 RUE DES GRILLONS,40100 DAX
29 RUE DES GRILLONS,40100 DAX
31 RUE DES GRILLONS,40100 DAX
33 RUE DES GRILLONS,40100 DAX
11 RUE DE LA CITE DU GOND,40100 DAX
13 RUE DE LA CITE DU GOND,40100 DAX
15 RUE DE LA CITE DU GOND,40100 DAX
17 RUE DE LA CITE DU GOND,40100 DAX
19 RUE DE LA CITE DU GOND,40100 DAX
21 RUE DE LA CITE DU GOND,40100 DAX
13 PLACE LEON LESPPARRE,40100 DAX
14 PLACE LEON LESPPARRE,40100 DAX
15 PLACE LEON LESPPARRE,40100 DAX
16 PLACE LEON LESPPARRE,40100 DAX
17 PLACE LEON LESPPARRE,40100 DAX
18 PLACE LEON LESPPARRE,40100 DAX
19 PLACE LEON LESPPARRE,40100 DAX
20 PLACE LEON LESPPARRE,40100 DAX
21 PLACE LEON LESPPARRE,40100 DAX
22 PLACE LEON LESPPARRE,40100 DAX
13 BOULEVARD LEON LESPARRE,40100 DAX
15 BOULEVARD LEON LESPARRE,40100 DAX
17 BOULEVARD LEON LESPARRE,40100 DAX
19 BOULEVARD LEON LESPARRE,40100 DAX
38 BOULEVARD LEON LESPARRE,40100 DAX
40 BOULEVARD LEON LESPARRE,40100 DAX
42 BOULEVARD LEON LESPARRE,40100 DAX
44 BOULEVARD LEON LESPARRE,40100 DAX
46 BOULEVARD LEON LESPARRE,40100 DAX
48 BOULEVARD LEON LESPARRE,40100 DAX
2 RUE DE LA CITE DU GOND,40100 DAX
4 RUE DE LA CITE DU GOND,40100 DAX
6 RUE DE LA CITE DU GOND,40100 DAX
8 RUE DE LA CITE DU GOND,40100 DAX
10 RUE DE LA CITE DU GOND,40100 DAX
12 RUE DE LA CITE DU GOND,40100 DAX
20 BOULEVARD LEON LESPARRE,40100 DAX
22 BOULEVARD LEON LESPARRE,40100 DAX
24 BOULEVARD LEON LESPARRE,40100 DAX
26 BOULEVARD LEON LESPARRE,40100 DAX
28 BOULEVARD LEON LESPARRE,40100 DAX
30 BOULEVARD LEON LESPARRE,40100 DAX
32 BOULEVARD LEON LESPARRE,40100 DAX
34 BOULEVARD LEON LESPARRE,40100 DAX
36 BOULEVARD LEON LESPARRE,40100 DAX
50 BOULEVARD LEON LESPARRE,40100 DAX
52 BOULEVARD LEON LESPARRE,40100 DAX
5 RUE DES GRILLONS,40100 DAX
7 RUE DES GRILLONS,40100 DAX
9 RUE DES GRILLONS,40100 DAX
11 RUE DES GRILLONS,40100 DAX
13 RUE DES GRILLONS,40100 DAX
15 RUE DES GRILLONS,40100 DAX
17 RUE DES GRILLONS,40100 DAX
19 RUE DES GRILLONS,40100 DAX
21 RUE DES GRILLONS,40100 DAX
10 BOULEVARD LEON LESPARRE,40100 DAX
12 BOULEVARD LEON LESPARRE,40100 DAX
14 BOULEVARD LEON LESPARRE,40100 DAX
16 BOULEVARD LEON LESPARRE,40100 DAX
18 BOULEVARD LEON LESPARRE,40100 DAX
54 BOULEVARD LEON LESPARRE,40100 DAX
56 BOULEVARD LEON LESPARRE,40100 DAX
58 BOULEVARD LEON LESPARRE,40100 DAX
60 BOULEVARD LEON LESPARRE,40100 DAX
62 BOULEVARD LEON LESPARRE,40100 DAX
23 RUE DES GRILLONS,40100 DAX
14 BOULEVARD DARCET,40100 DAX
16 BOULEVARD DARCET,40100 DAX
18 BOULEVARD DARCET,40100 DAX
1 RUE DE LA CITE DU GOND,40100 DAX
3 RUE DE LA CITE DU GOND,40100 DAX
5 RUE DE LA CITE DU GOND,40100 DAX
7 RUE DE LA CITE DU GOND,40100 DAX
9 RUE DE LA CITE DU GOND,40100 DAX
1 RUE DES ABEILLES,40100 DAX
3 RUE DES ABEILLES,40100 DAX
5 RUE DES ABEILLES,40100 DAX
7 RUE DES ABEILLES,40100 DAX
9 RUE DES ABEILLES,40100 DAX
11 RUE DES ABEILLES,40100 DAX
13 RUE DES ABEILLES,40100 DAX
15 RUE DES ABEILLES,40100 DAX
17 RUE DES ABEILLES,40100 DAX
19 RUE DES ABEILLES,40100 DAX
23 RUE DES ABEILLES,40100 DAX
21 RUE DES ABEILLES,40100 DAX
1 RUE DES CIGALES,40100 DAX
3 RUE DES CIGALES,40100 DAX
5 RUE DES CIGALES,40100 DAX
7 RUE DES CIGALES,40100 DAX
9 RUE DES CIGALES,40100 DAX
11 RUE DES CIGALES,40100 DAX
13 RUE DES CIGALES,40100 DAX
15 RUE DES CIGALES,40100 DAX
17 RUE DES CIGALES,40100 DAX
19 RUE DES CIGALES,40100 DAX
21 RUE DES CIGALES,40100 DAX
23 RUE DES CIGALES,40100 DAX
25 RUE DES CIGALES,40100 DAX
27 RUE DES CIGALES,40100 DAX
29 RUE DES CIGALES,40100 DAX
31 RUE DES CIGALES,40100 DAX
22 RUE DE BIARRITZ,40100 DAX
24 RUE DE BIARRITZ,40100 DAX
20 RUE CLEMENT ADER,40100 DAX
22 RUE CLEMENT ADER,40100 DAX
24 RUE CLEMENT ADER,40100 DAX
2 PLACE DES GAZELLES,40100 DAX
4 PLACE DES GAZELLES,40100 DAX
6 PLACE DES GAZELLES,40100 DAX
7 PLACE DES GAZELLES,40100 DAX
9 PLACE DES GAZELLES,40100 DAX
11 PLACE DES GAZELLES,40100 DAX
20 PLACE DES GAZELLES,40100 DAX
22 PLACE DES GAZELLES,40100 DAX
8 PLACE DES GAZELLES,40100 DAX
10 PLACE DES GAZELLES,40100 DAX
12 PLACE DES GAZELLES,40100 DAX
14 PLACE DES GAZELLES,40100 DAX
16 PLACE DES GAZELLES,40100 DAX
18 PLACE DES GAZELLES,40100 DAX
1 PLACE DES GAZELLES,40100 DAX
3 PLACE DES GAZELLES,40100 DAX
5 PLACE DES GAZELLES,40100 DAX
32 RUE BLERIOT,40100 DAX
34 RUE BLERIOT,40100 DAX
36 RUE BLERIOT,40100 DAX
38 RUE BLERIOT,40100 DAX
40 RUE BLERIOT,40100 DAX
42 RUE BLERIOT,40100 DAX
44 RUE BLERIOT,40100 DAX
46 RUE BLERIOT,40100 DAX
48 RUE BLERIOT,40100 DAX
50 RUE BLERIOT,40100 DAX
52 RUE BLERIOT,40100 DAX
54 RUE BLERIOT,40100 DAX
56 RUE BLERIOT,40100 DAX
2 RUE CLEMENT ADER,40100 DAX
4 RUE CLEMENT ADER,40100 DAX
6 RUE CLEMENT ADER,40100 DAX
8 RUE CLEMENT ADER,40100 DAX
10 RUE CLEMENT ADER,40100 DAX
12 RUE CLEMENT ADER,40100 DAX
14 RUE CLEMENT ADER,40100 DAX
16 RUE CLEMENT ADER,40100 DAX
18 RUE CLEMENT ADER,40100 DAX
26 RUE CLEMENT ADER,40100 DAX
28 RUE CLEMENT ADER,40100 DAX
30 RUE CLEMENT ADER,40100 DAX
32 RUE CLEMENT ADER,40100 DAX
34 RUE CLEMENT ADER,40100 DAX
36 RUE CLEMENT ADER,40100 DAX
38 RUE CLEMENT ADER,40100 DAX
40 RUE CLEMENT ADER,40100 DAX
26 RUE CAZADE,40100 DAX
102 AVENUE DES TUILERIES,40100 DAX
102 BIS AVENUE DES TUILERIES,40100 DAX
104 AVENUE DES TUILERIES,40100 DAX
106 AVENUE DES TUILERIES,40100 DAX
108 AVENUE DES TUILERIES,40100 DAX
65 RUE JEAN D'ARCET,40700 DOAZIT
67 RUE JEAN D'ARCET,40700 DOAZIT
69 RUE JEAN D'ARCET,40700 DOAZIT
71 RUE JEAN D'ARCET,40700 DOAZIT
261 RUE JEAN D'ARCET,40700 DOAZIT
259 RUE JEAN D'ARCET,40700 DOAZIT
257 RUE JEAN D'ARCET,40700 DOAZIT
255 RUE JEAN D'ARCET,40700 DOAZIT
253 RUE JEAN D'ARCET,40700 DOAZIT
251 RUE JEAN D'ARCET,40700 DOAZIT
249 RUE JEAN D'ARCET,40700 DOAZIT
247 RUE JEAN D'ARCET,40700 DOAZIT
147 RUE JEAN D'ARCET,40700 DOAZIT
141 RUE JEAN D'ARCET,40700 DOAZIT
196 RUE JEAN D'ARCET,40700 DOAZIT
206 RUE JEAN D'ARCET,40700 DOAZIT
212 RUE JEAN D'ARCET,40700 DOAZIT
220 RUE JEAN D'ARCET,40700 DOAZIT
222 RUE JEAN D'ARCET,40700 DOAZIT
226 RUE JEAN D'ARCET,40700 DOAZIT
29 LE CLOS DE LA BRANE,40200 SAINTE-EULALIE-EN-BORN
41 LE CLOS DE LA BRANE,40200 SAINTE-EULALIE-EN-BORN
49 LE CLOS DE LA BRANE,40200 SAINTE-EULALIE-EN-BORN
46 LE CLOS DE LA BRANE,40200 SAINTE-EULALIE-EN-BORN
54 RUE DES PALOMBES,40200 SAINTE-EULALIE-EN-BORN
60 RUE DES PALOMBES,40200 SAINTE-EULALIE-EN-BORN
92 RUE DES PALOMBES,40200 SAINTE-EULALIE-EN-BORN
96 RUE DES PALOMBES,40200 SAINTE-EULALIE-EN-BORN
104 RUE DES PALOMBES,40200 SAINTE-EULALIE-EN-BORN
100 RUE DES PALOMBES,40200 SAINTE-EULALIE-EN-BORN
101 RUE DES PALOMBES,40200 SAINTE-EULALIE-EN-BORN
105 RUE DES PALOMBES,40200 SAINTE-EULALIE-EN-BORN
93 RUE DES PALOMBES,40200 SAINTE-EULALIE-EN-BORN
97 RUE DES PALOMBES,40200 SAINTE-EULALIE-EN-BORN
171 RUE DES PALOMBES,40200 SAINTE-EULALIE-EN-BORN
195 RUE DES PALOMBES,40200 SAINTE-EULALIE-EN-BORN
197 RUE DES PALOMBES,40200 SAINTE-EULALIE-EN-BORN
217 RUE DES PALOMBES,40200 SAINTE-EULALIE-EN-BORN
172 RUE DES PALOMBES,40200 SAINTE-EULALIE-EN-BORN
162 RUE DES PALOMBES,40200 SAINTE-EULALIE-EN-BORN
156 RUE DES PALOMBES,40200 SAINTE-EULALIE-EN-BORN
174 RUE DES PALOMBES,40200 SAINTE-EULALIE-EN-BORN
164 RUE DES PALOMBES,40200 SAINTE-EULALIE-EN-BORN
158 RUE DES PALOMBES,40200 SAINTE-EULALIE-EN-BORN
142 RUE DES PALOMBES,40200 SAINTE-EULALIE-EN-BORN
132 RUE DES PALOMBES,40200 SAINTE-EULALIE-EN-BORN
126 RUE DES PALOMBES,40200 SAINTE-EULALIE-EN-BORN
144 RUE DES PALOMBES,40200 SAINTE-EULALIE-EN-BORN
134 RUE DES PALOMBES,40200 SAINTE-EULALIE-EN-BORN
128 RUE DES PALOMBES,40200 SAINTE-EULALIE-EN-BORN
151 RUE SAINT EUTROPE,40200 SAINTE-EULALIE-EN-BORN
153 RUE SAINT EUTROPE,40200 SAINTE-EULALIE-EN-BORN
155 RUE SAINT EUTROPE,40200 SAINTE-EULALIE-EN-BORN
157 RUE SAINT EUTROPE,40200 SAINTE-EULALIE-EN-BORN
45 ALLEE DOUS PINS,40190 SAINTE-FOY
47 ALLEE DOUS PINS,40190 SAINTE-FOY
51 ALLEE DOUS PINS,40190 SAINTE-FOY
53 ALLEE DOUS PINS,40190 SAINTE-FOY
11 ALLEE DES ACACIAS - GARROSSE,40110 MORCENX-LA-NOUVELLE
25 ALLEE DES ACACIAS - GARROSSE,40110 MORCENX-LA-NOUVELLE
39 ALLEE DES ACACIAS - GARROSSE,40110 MORCENX-LA-NOUVELLE
47 ALLEE DES ACACIAS - GARROSSE,40110 MORCENX-LA-NOUVELLE
48 ALLEE DES ACACIAS - GARROSSE,40110 MORCENX-LA-NOUVELLE
40 ALLEE DES ACACIAS - GARROSSE,40110 MORCENX-LA-NOUVELLE
26 ALLEE DES ACACIAS - GARROSSE,40110 MORCENX-LA-NOUVELLE
12 ALLEE DES ACACIAS - GARROSSE,40110 MORCENX-LA-NOUVELLE
18 LOT DE L'HOPITAL,40310 GABARRET
24 LOT DE L'HOPITAL,40310 GABARRET
46 LOT DE L'HOPITAL,40310 GABARRET
52 LOT DE L'HOPITAL,40310 GABARRET
19 LOT DE L'HOPITAL,40310 GABARRET
25 LOT DE L'HOPITAL,40310 GABARRET
47 LOT DE L'HOPITAL,40310 GABARRET
51 LOT DE L'HOPITAL,40310 GABARRET
89 CHEMIN DE LA LANNE,40310 GABARRET
75 CHEMIN DE LA LANNE,40310 GABARRET
61 CHEMIN DE LA LANNE,40310 GABARRET
8 IMPASSE DU SOUVENIR FRANCAIS,40310 GABARRET
12 IMPASSE DU SOUVENIR FRANCAIS,40310 GABARRET
20 IMPASSE DU SOUVENIR FRANCAIS,40310 GABARRET
38 IMPASSE DU SOUVENIR FRANCAIS,40310 GABARRET
42 IMPASSE DU SOUVENIR FRANCAIS,40310 GABARRET
60 IMPASSE DU SOUVENIR FRANCAIS,40310 GABARRET
1 CITE DES AUGUSTINS,40320 GEAUNE
2 CITE DES AUGUSTINS,40320 GEAUNE
3 CITE DES AUGUSTINS,40320 GEAUNE
4 CITE DES AUGUSTINS,40320 GEAUNE
5 CITE DES AUGUSTINS,40320 GEAUNE
6 CITE DES AUGUSTINS,40320 GEAUNE
7 CITE DES AUGUSTINS,40320 GEAUNE
8 CITE DES AUGUSTINS,40320 GEAUNE
9 CITE DES AUGUSTINS,40320 GEAUNE
10 CITE DES AUGUSTINS,40320 GEAUNE
11 CITE DES AUGUSTINS,40320 GEAUNE
12 CITE DES AUGUSTINS,40320 GEAUNE
13 CITE DES AUGUSTINS,40320 GEAUNE
14 CITE DES AUGUSTINS,40320 GEAUNE
15 CITE DES AUGUSTINS,40320 GEAUNE
16 CITE DES AUGUSTINS,40320 GEAUNE
214 ALLEE DU CANENCA,40090 GAILLERES
216 ALLEE DU CANENCA,40090 GAILLERES
266 ALLEE DU CANENCA,40090 GAILLERES
274 ALLEE DU CANENCA,40090 GAILLERES
286 ALLEE DU CANENCA,40090 GAILLERES
296 ALLEE DU CANENCA,40090 GAILLERES
302 ALLEE DU CANENCA,40090 GAILLERES
312 ALLEE DU CANENCA,40090 GAILLERES
51 ALLEE DE LA PLACERE,40090 GELOUX
71 ALLEE DE LA PLACERE,40090 GELOUX
70 ALLEE DE LA PLACERE,40090 GELOUX
50 ALLEE DE LA PLACERE,40090 GELOUX
177 RUE DE L'ECOLE,40420 GAREIN
229 RUE DE L'ECOLE,40420 GAREIN
231 RUE DE L'ECOLE,40420 GAREIN
149 CHEMIN DE CHITOTE,40420 GAREIN
94 CHEMIN DE CHITOTE,40420 GAREIN
113 CHEMIN DE CHITOTE,40420 GAREIN
101 CHEMIN DE CHITOTE,40420 GAREIN
390 CHEMIN DE LAGRAULA,40420 GAREIN
388 CHEMIN DE LAGRAULA,40420 GAREIN
346 CHEMIN DE LAGRAULA,40420 GAREIN
344 CHEMIN DE LAGRAULA,40420 GAREIN
318 CHEMIN DE LAGRAULA,40420 GAREIN
308 CHEMIN DE LAGRAULA,40420 GAREIN
14 LOT DU CLOS DU VIGNAOU,40180 GOOS
15 LOT DU CLOS DU VIGNAOU,40180 GOOS
16 LOT DU CLOS DU VIGNAOU,40180 GOOS
17 LOT DU CLOS DU VIGNAOU,40180 GOOS
2 IMPASSE DU RUISSEAU,40270 GRENADE-SUR-L'ADOUR
4 IMPASSE DU RUISSEAU,40270 GRENADE-SUR-L'ADOUR
6 IMPASSE DU RUISSEAU,40270 GRENADE-SUR-L'ADOUR
8 IMPASSE DU RUISSEAU,40270 GRENADE-SUR-L'ADOUR
1 IMPASSE DU RUISSEAU,40270 GRENADE-SUR-L'ADOUR
3 IMPASSE DU RUISSEAU,40270 GRENADE-SUR-L'ADOUR
5 IMPASSE DU RUISSEAU,40270 GRENADE-SUR-L'ADOUR
21 BIS AVENUE DES CASSAYRES,40270 GRENADE-SUR-L'ADOUR
21 AVENUE DES CASSAYRES,40270 GRENADE-SUR-L'ADOUR
41 RUE DES JARDINS,40160 GASTES
43 RUE DES JARDINS,40160 GASTES
45 RUE DES JARDINS,40160 GASTES
47 RUE DES JARDINS,40160 GASTES
20 IMPASSE DES BOIS,40290 HABAS
230 RUE DE LAHOURCADE,40290 HABAS
212 RUE DE LAHOURCADE,40290 HABAS
194 RUE DE LAHOURCADE,40290 HABAS
29 IMPASSE DES ROSES,40290 HABAS
114 RUE DE LAHOURCADE,40290 HABAS
144 RUE DE LAHOURCADE,40290 HABAS
103 RUE DE LAHOURCADE,40290 HABAS
67 RUE DE LAHOURCADE,40290 HABAS
27 RUE DU SOLEIL D'OR,40700 HAGETMAU
25 RUE DU SOLEIL D'OR,40700 HAGETMAU
23 RUE DU SOLEIL D'OR,40700 HAGETMAU
21 RUE DU SOLEIL D'OR,40700 HAGETMAU
19 RUE DU SOLEIL D'OR,40700 HAGETMAU
2 PORTE D'AQUITAINE,40700 HAGETMAU
4 PORTE D'AQUITAINE,40700 HAGETMAU
6 PORTE D'AQUITAINE,40700 HAGETMAU
1 PORTE D'AQUITAINE,40700 HAGETMAU
3 PORTE D'AQUITAINE,40700 HAGETMAU
5 PORTE D'AQUITAINE,40700 HAGETMAU
63 RUE DU SOLEIL D'OR,40700 HAGETMAU
61 RUE DU SOLEIL D'OR,40700 HAGETMAU
59 RUE DU SOLEIL D'OR,40700 HAGETMAU
57 RUE DU SOLEIL D'OR,40700 HAGETMAU
55 RUE DU SOLEIL D'OR,40700 HAGETMAU
53 RUE DU SOLEIL D'OR,40700 HAGETMAU
45 RUE DU SOLEIL D'OR,40700 HAGETMAU
43 RUE DU SOLEIL D'OR,40700 HAGETMAU
41 RUE DU SOLEIL D'OR,40700 HAGETMAU
39 RUE DU SOLEIL D'OR,40700 HAGETMAU
37 RUE DU SOLEIL D'OR,40700 HAGETMAU
35 RUE DU SOLEIL D'OR,40700 HAGETMAU
33 RUE DU SOLEIL D'OR,40700 HAGETMAU
70 RUE DU SOLEIL D'OR,40700 HAGETMAU
68 RUE DU SOLEIL D'OR,40700 HAGETMAU
66 RUE DU SOLEIL D'OR,40700 HAGETMAU
64 RUE DU SOLEIL D'OR,40700 HAGETMAU
62 RUE DU SOLEIL D'OR,40700 HAGETMAU
60 RUE DU SOLEIL D'OR,40700 HAGETMAU
21 RUE DES PYRENEES,40700 HAGETMAU
19 RUE DES PYRENEES,40700 HAGETMAU
17 RUE DES PYRENEES,40700 HAGETMAU
15 RUE DES PYRENEES,40700 HAGETMAU
13 RUE DES PYRENEES,40700 HAGETMAU
11 RUE DES PYRENEES,40700 HAGETMAU
9 RUE DES PYRENEES,40700 HAGETMAU
7 RUE DES PYRENEES,40700 HAGETMAU
5 RUE DES PYRENEES,40700 HAGETMAU
3 RUE DES PYRENEES,40700 HAGETMAU
1 RUE DES PYRENEES,40700 HAGETMAU
2 RUE DU SOLEIL D'OR,40700 HAGETMAU
4 RUE DU SOLEIL D'OR,40700 HAGETMAU
6 RUE DU SOLEIL D'OR,40700 HAGETMAU
8 RUE DU SOLEIL D'OR,40700 HAGETMAU
10 RUE DU SOLEIL D'OR,40700 HAGETMAU
12 RUE DU SOLEIL D'OR,40700 HAGETMAU
14 RUE DU SOLEIL D'OR,40700 HAGETMAU
16 RUE DU SOLEIL D'OR,40700 HAGETMAU
18 RUE DU SOLEIL D'OR,40700 HAGETMAU
20 RUE DU SOLEIL D'OR,40700 HAGETMAU
22 RUE DU SOLEIL D'OR,40700 HAGETMAU
24 RUE DU SOLEIL D'OR,40700 HAGETMAU
26 RUE DU SOLEIL D'OR,40700 HAGETMAU
60 ROUTE DES TUCS APT N°1,40230 SAINT-JEAN-DE-MARSACQ
60 ROUTE DES TUCS APT N°2,40230 SAINT-JEAN-DE-MARSACQ
60 ROUTE DES TUCS APT N°3,40230 SAINT-JEAN-DE-MARSACQ
60 ROUTE DES TUCS APT N°4,40230 SAINT-JEAN-DE-MARSACQ
60 ROUTE DES TUCS APT N°5,40230 SAINT-JEAN-DE-MARSACQ
60 ROUTE DES TUCS APT N°6,40230 SAINT-JEAN-DE-MARSACQ
60 ROUTE DES TUCS APT N°7,40230 SAINT-JEAN-DE-MARSACQ
60 ROUTE DES TUCS APT N°8,40230 SAINT-JEAN-DE-MARSACQ
15 IMPASSE DE LO CABIROU,40230 SAINT-JEAN-DE-MARSACQ
17 IMPASSE DE LO CABIROU,40230 SAINT-JEAN-DE-MARSACQ
18 IMPASSE DE LO CABIROU,40230 SAINT-JEAN-DE-MARSACQ
7 ROUTE DE LA PALOMA,40230 SAINT-JEAN-DE-MARSACQ
90 ROUTE DE L'ABELHA,40230 SAINT-JEAN-DE-MARSACQ
68 ROUTE DE L'ABHELA,40230 SAINT-JEAN-DE-MARSACQ
148 ROUTE DE LA PALOMA,40230 SAINT-JEAN-DE-MARSACQ
128 ROUTE DE LA PALOMA,40230 SAINT-JEAN-DE-MARSACQ
120 ROUTE DE LA PALOMA,40230 SAINT-JEAN-DE-MARSACQ
53 ROUTE DE LA PALOMA,40230 SAINT-JEAN-DE-MARSACQ
83 ROUTE DE LA PALOMA,40230 SAINT-JEAN-DE-MARSACQ
89 ROUTE DE LA PALOMA,40230 SAINT-JEAN-DE-MARSACQ
113 ROUTE DE LA PALOMA,40230 SAINT-JEAN-DE-MARSACQ
16 IMPASSE DE LO CABIROU,40230 SAINT-JEAN-DE-MARSACQ
13 ROUTE DE LA PALOMA,40230 SAINT-JEAN-DE-MARSACQ
33 ROUTE DE LA PALOMA,40230 SAINT-JEAN-DE-MARSACQ
107 ROUTE DE LA PALOMA,40230 SAINT-JEAN-DE-MARSACQ
126 RUE DES IRIS,40170 SAINT-JULIEN-EN-BORN
184 RUE DES IRIS,40170 SAINT-JULIEN-EN-BORN
212 RUE DES IRIS,40170 SAINT-JULIEN-EN-BORN
215 RUE DES IRIS,40170 SAINT-JULIEN-EN-BORN
203 RUE DES IRIS,40170 SAINT-JULIEN-EN-BORN
163 RUE DES IRIS,40170 SAINT-JULIEN-EN-BORN
145 RUE DES IRIS,40170 SAINT-JULIEN-EN-BORN
135 RUE DES IRIS,40170 SAINT-JULIEN-EN-BORN
9 LOTISSEMENT DE RIBERE,40240 LABASTIDE-D'ARMAGNAC
9BIS LOTISSEMENT DE RIBERE,40240 LABASTIDE-D'ARMAGNAC
9TER LOTISSEMENT DE RIBERE,40240 LABASTIDE-D'ARMAGNAC
11 LOTISSEMENT DE RIBERE,40240 LABASTIDE-D'ARMAGNAC
11B S LOTISSEMENT DE RIBERE,40240 LABASTIDE-D'ARMAGNAC
11 RUE DU 8 MAI 1945,40300 LABATUT
21 RUE DU 8 MAI 1945,40300 LABATUT
51 RUE DU 8 MAI 1945,40300 LABATUT
63 RUE DU 8 MAI 1945,40300 LABATUT
95 RUE DU 8 MAI 1945,40300 LABATUT
107 RUE DU 8 MAI 1945,40300 LABATUT
139 RUE DU 8 MAI 1945,40300 LABATUT
122 RUE DU 8 MAI 1945,40300 LABATUT
100 RUE DU 8 MAI 1945,40300 LABATUT
76 RUE DU 8 MAI 1945,40300 LABATUT
50 RUE DU 8 MAI 1945,40300 LABATUT
236 RUE DE LEMBEYE,40300 LABATUT
53 IMPASSE LEMBEYE,40300 LABATUT
83 IMPASSE LEMBEYE,40300 LABATUT
91 IMPASSE LEMBEYE,40300 LABATUT
136 IMPASSE LEMBEYE,40300 LABATUT
152 IMPASSE LEMBEYE,40300 LABATUT
180 IMPASSE LEMBEYE,40300 LABATUT
186 IMPASSE LEMBEYE,40300 LABATUT
206 IMPASSE LEMBEYE,40300 LABATUT
215 IMPASSE LEMBEYE,40300 LABATUT
10A RUE DU 19 MARS 1962,40300 LABATUT
10B RUE DU 19 MARS 1962,40300 LABATUT
10C RUE DU 19 MARS 1962,40300 LABATUT
10D RUE DU 19 MARS 1962,40300 LABATUT
10E RUE DU 19 MARS 1962,40300 LABATUT
121 ALLEE DES ERABLES,40120 LENCOUACQ
139 ALLEE DES ERABLES,40120 LENCOUACQ
161 ALLEE DES ERABLES,40120 LENCOUACQ
177 ALLEE DES ERABLES,40120 LENCOUACQ
201 ALLEE DES ERABLES,40120 LENCOUACQ
160 ALLEE DES ERABLES,40120 LENCOUACQ
246 RUE DES FEVIERS,40550 LEON
248 RUE DES FEVIERS,40550 LEON
250 RUE DES FEVIERS,40550 LEON
252 RUE DES FEVIERS,40550 LEON
130 RUE ST JEAN,40420 LABRIT
116 RUE SAINT JEAN,40420 LABRIT
60 RUE SAINT JEAN,40420 LABRIT
58 RUE SAINT JEAN,40420 LABRIT
52 RUE SAINT JEAN,40420 LABRIT
36 RUE SAINT JEAN,40420 LABRIT
32 RUE SAINT JEAN,40420 LABRIT
30 RUE SAINT JEAN,40420 LABRIT
1 HAMEAU DE FISLIES,40240 LOSSE
2 HAMEAU DE FISLIES,40240 LOSSE
3 HAMEAU DE FISLIES,40240 LOSSE
4 HAMEAU DE FISLIES,40240 LOSSE
5 HAMEAU DE FISLIES,40240 LOSSE
6 HAMEAU DE FISLIES,40240 LOSSE
7 HAMEAU DE FISLIES,40240 LOSSE
8 HAMEAU DE FISLIES,40240 LOSSE
9 HAMEAU DE FISLIES,40240 LOSSE
10 HAMEAU DE FISLIES,40240 LOSSE
11 HAMEAU DE FISLIES,40240 LOSSE
12 HAMEAU DE FISLIES,40240 LOSSE
314 RUE DES DUNES,40260 LESPERON
316 RUE DES DUNES,40260 LESPERON
51 ALLEE DES AJONCS,40260 LESPERON
256 RUE DES DUNES,40260 LESPERON
254 RUE DES DUNES,40260 LESPERON
56 ALLEE DES AJONCS,40260 LESPERON
54 ALLEE DES AJONCS,40260 LESPERON
226 RUE DES DUNES,40260 LESPERON
224 RUE DES DUNES,40260 LESPERON
128 RUE DES DUNES,40260 LESPERON
81 ALLEE DES GIROLLES,40260 LESPERON
79 ALLEE DES GIROLLES,40260 LESPERON
91 ALLEE DES GIROLLES,40260 LESPERON
180 RUE DES CHENES,40260 LESPERON
176 RUE DES CHENES,40260 LESPERON
170 RUE DES CHENES,40260 LESPERON
174 RUE DES CHENES,40260 LESPERON
31 ROUTE DES ASSOCIATIONS,40260 LESPERON
33 ROUTE DES ASSOCIATIONS,40260 LESPERON
35 ROUTE DES ASSOCIATIONS,40260 LESPERON
37 ROUTE DES ASSOCIATIONS,40260 LESPERON
1 RUE DES MARRONNIERS,40465 LALUQUE
2 RUE DES MARRONNIERS,40465 LALUQUE
3 ALLEE DES ERABLES,40465 LALUQUE
4 ALLEE DES ERABLES,40465 LALUQUE
5 RUE DES MARRONNIERS,40465 LALUQUE
6 RUE DES MARRONNIERS,40465 LALUQUE
7 ALLEE DES ERABLES,40465 LALUQUE
8 ALLEE DES ERABLES,40465 LALUQUE
17 IMPASSE DES GRIVES,40210 LABOUHEYRE
23 IMPASSE DES GRIVES,40210 LABOUHEYRE
31 IMPASSE DES GRIVES,40210 LABOUHEYRE
33 IMPASSE DES GRIVES,40210 LABOUHEYRE
39 IMPASSE DES GRIVES,40210 LABOUHEYRE
53 IMPASSE DES GRIVES,40210 LABOUHEYRE
56 IMPASSE DES GRIVES,40210 LABOUHEYRE
48 IMPASSE DES GRIVES,40210 LABOUHEYRE
331 RUE DES PALOMBES,40210 LABOUHEYRE
351 RUE DES PALOMBES,40210 LABOUHEYRE
381 RUE DES PALOMBES,40210 LABOUHEYRE
387 RUE DES PALOMBES,40210 LABOUHEYRE
399 RUE DES PALOMBES,40210 LABOUHEYRE
27 IMPASSE DES VANNEAUX,40210 LABOUHEYRE
43 IMPASSE DES VANNEAUX,40210 LABOUHEYRE
42 IMPASSE DES VANNEAUX,40210 LABOUHEYRE
26 IMPASSE DES VANNEAUX,40210 LABOUHEYRE
20 IMPASSE DES VANNEAUX,40210 LABOUHEYRE
102 IMPASSE DES ALOUETTES,40210 LABOUHEYRE
94 IMPASSE DES ALOUETTES,40210 LABOUHEYRE
92 IMPASSE DES ALOUETTES,40210 LABOUHEYRE
88 IMPASSE DES ALOUETTES,40210 LABOUHEYRE
84 IMPASSE DES ALOUETTES,40210 LABOUHEYRE
72 IMPASSE DES ALOUETTES,40210 LABOUHEYRE
60 IMPASSE DES ALOUETTES,40210 LABOUHEYRE
54 IMPASSE DES ALOUETTES,40210 LABOUHEYRE
50 IMPASSE DES ALOUETTES,40210 LABOUHEYRE
40 IMPASSE DES ALOUETTES,40210 LABOUHEYRE
26 IMPASSE DES ALOUETTES,40210 LABOUHEYRE
18 IMPASSE DES ALOUETTES,40210 LABOUHEYRE
80 IMPASSE DES RAMIERS,40210 LABOUHEYRE
78 IMPASSE DES RAMIERS,40210 LABOUHEYRE
72 IMPASSE DES RAMIERS,40210 LABOUHEYRE
70 IMPASSE DES RAMIERS,40210 LABOUHEYRE
56 IMPASSE DES RAMIERS,40210 LABOUHEYRE
50 IMPASSE DES RAMIERS,40210 LABOUHEYRE
48 IMPASSE DES RAMIERS,40210 LABOUHEYRE
44 IMPASSE DES RAMIERS,40210 LABOUHEYRE
28 IMPASSE DES RAMIERS,40210 LABOUHEYRE
20 IMPASSE DES RAMIERS,40210 LABOUHEYRE
1557 RUE DE LA GRANDE LANDE,40210 LABOUHEYRE
1551 RUE DE LA GRANDE LANDE,40210 LABOUHEYRE
1529 RUE DE LA GRANDE LANDE,40210 LABOUHEYRE
1525 RUE DE LA GRANDE LANDE,40210 LABOUHEYRE
26 RUE PIERRE DE COUBERTIN,40210 LABOUHEYRE
32 RUE PIERRE DE COUBERTIN,40210 LABOUHEYRE
52 RUE PIERRE DE COUBERTIN,40210 LABOUHEYRE
56 RUE PIERRE DE COUBERTIN,40210 LABOUHEYRE
126 RUE PIERRE DE COUBERTIN,40210 LABOUHEYRE
132 RUE PIERRE DE COUBERTIN,40210 LABOUHEYRE
152 RUE PIERRE DE COUBERTIN,40210 LABOUHEYRE
156 RUE PIERRE DE COUBERTIN,40210 LABOUHEYRE
137 RUE PIERRE DE COUBERTIN,40210 LABOUHEYRE
117 RUE PIERRE DE COUBERTIN,40210 LABOUHEYRE
107 RUE PIERRE DE COUBERTIN,40210 LABOUHEYRE
18 IMPASSE ROLAND GARROS,40210 LABOUHEYRE
26 IMPASSE ROLAND GARROS,40210 LABOUHEYRE
44 IMPASSE ROLAND GARROS,40210 LABOUHEYRE
50 IMPASSE ROLAND GARROS,40210 LABOUHEYRE
64 RUE LEO LAGRANGE,40210 LABOUHEYRE
74 RUE LEO LAGRANGE,40210 LABOUHEYRE
94 RUE LEO LAGRANGE,40210 LABOUHEYRE
100 RUE LEO LAGRANGE,40210 LABOUHEYRE
115 RUE LEO LAGRANGE,40210 LABOUHEYRE
105 RUE LEO LAGRANGE,40210 LABOUHEYRE
89 RUE LEO LAGRANGE,40210 LABOUHEYRE
79 RUE LEO LAGRANGE,40210 LABOUHEYRE
47 RUE LEO LAGRANGE,40210 LABOUHEYRE
41 RUE LEO LAGRANGE,40210 LABOUHEYRE
21 RUE LEO LAGRANGE,40210 LABOUHEYRE
15 RUE LEO LAGRANGE,40210 LABOUHEYRE
1449 RUE DE LA GRANDE LANDE,40210 LABOUHEYRE
1445 RUE DE LA GRANDE LANDE,40210 LABOUHEYRE
1425 RUE DE LA GRANDE LANDE,40210 LABOUHEYRE
1419 RUE DE LA GRANDE LANDE,40210 LABOUHEYRE
1387 RUE DE LA GRANDE LANDE,40210 LABOUHEYRE
1383 RUE DE LA GRANDE LANDE,40210 LABOUHEYRE
1361 RUE DE LA GRANDE LANDE,40210 LABOUHEYRE
1357 RUE DE LA GRANDE LANDE,40210 LABOUHEYRE
43 IMPASSE CHARLES DESPIAU,40210 LABOUHEYRE
45 IMPASSE CHARLES DESPIAU,40210 LABOUHEYRE
53 IMPASSE CHARLES DESPIAU,40210 LABOUHEYRE
55 IMPASSE CHARLES DESPIAU,40210 LABOUHEYRE
57 IMPASSE CHARLES DESPIAU,40210 LABOUHEYRE
52 IMPASSE CHARLES DESPIAU,40210 LABOUHEYRE
50 IMPASSE CHARLES DESPIAU,40210 LABOUHEYRE
46 IMPASSE CHARLES DESPIAU,40210 LABOUHEYRE
24 IMPASSE CHARLES DESPIAU,40210 LABOUHEYRE
22 IMPASSE CHARLES DESPIAU,40210 LABOUHEYRE
150 RUE GUIRAUTON,40210 LABOUHEYRE
148 RUE GUIRAUTON,40210 LABOUHEYRE
146 RUE GUIRAUTON,40210 LABOUHEYRE
144 RUE GUIRAUTON,40210 LABOUHEYRE
128 RUE GUIRAUTON,40210 LABOUHEYRE
126 RUE GUIRAUTON,40210 LABOUHEYRE
124 RUE GUIRAUTON,40210 LABOUHEYRE
122 RUE GUIRAUTON,40210 LABOUHEYRE
76 RUE DE LA GUILLAUMATTE,40210 LABOUHEYRE
62 RUE DE LA GUILLAUMATTE,40210 LABOUHEYRE
16 IMPASSE DE LA GUILLAUMATTE,40210 LABOUHEYRE
34 IMPASSE DE LA GUILLAUMATTE,40210 LABOUHEYRE
44 IMPASSE DE LA GUILLAUMATTE,40210 LABOUHEYRE
52 IMPASSE DE LA GUILLAUMATTE,40210 LABOUHEYRE
54 IMPASSE DE LA GUILLAUMATTE,40210 LABOUHEYRE
58 IMPASSE DE LA GUILLAUMATTE,40210 LABOUHEYRE
60 IMPASSE DE LA GUILLAUMATTE,40210 LABOUHEYRE
72 IMPASSE DE LA GUILLAUMATTE,40210 LABOUHEYRE
119 IMPASSE DE LA GUILLAUMATTE,40210 LABOUHEYRE
111 IMPASSE DE LA GUILLAUMATTE,40210 LABOUHEYRE
101 IMPASSE DE LA GUILLAUMATTE,40210 LABOUHEYRE
95 IMPASSE DE LA GUILLAUMATTE,40210 LABOUHEYRE
77 IMPASSE DE LA GUILLAUMATTE,40210 LABOUHEYRE
61 IMPASSE DE LA GUILLAUMATTE,40210 LABOUHEYRE
196 RUE DES CHEVREUILS,40210 LABOUHEYRE
176 RUE DES CHEVREUILS,40210 LABOUHEYRE
170 RUE DES CHEVREUILS,40210 LABOUHEYRE
152 RUE DES CHEVREUILS,40210 LABOUHEYRE
61 RUE DU CERF,40210 LABOUHEYRE
51 RUE DU CERF,40210 LABOUHEYRE
39 RUE DU CERF,40210 LABOUHEYRE
23 RUE DU CERF,40210 LABOUHEYRE
47 RUE DU PIN FRANC,40210 LABOUHEYRE
49 RUE DU PIN FRANC,40210 LABOUHEYRE
59 RUE JEAN CHARLES DE BORDA,40210 LABOUHEYRE
279 RUE JEAN D'ARCET,40210 LABOUHEYRE
287 RUE JEAN D'ARCET,40210 LABOUHEYRE
233 RUE DU PIN FRANC,40210 LABOUHEYRE
243 RUE DU PIN FRANC,40210 LABOUHEYRE
114 RUE FERDINAND BERNEDE,40210 LABOUHEYRE
288 RUE DES MAGNOLIAS,40210 LABOUHEYRE
282 RUE DES MAGNOLIAS,40210 LABOUHEYRE
286 RUE DES MAGNOLIAS,40210 LABOUHEYRE
284 RUE DES MAGNOLIAS,40210 LABOUHEYRE
223 RUE DES MARCASSINS,40210 LABOUHEYRE
225 RUE DES MARCASSINS,40210 LABOUHEYRE
227 RUE DES MARCASSINS,40210 LABOUHEYRE
229 RUE DES MARCASSINS,40210 LABOUHEYRE
46 RUE DES FURETS,40210 LABOUHEYRE
44 RUE DES FURETS,40210 LABOUHEYRE
42 RUE DES FURETS,40210 LABOUHEYRE
40 RUE DES FURETS,40210 LABOUHEYRE
142 RUE DES FURETS,40210 LABOUHEYRE
21 ALLEE DES CHENES,40420 LE SEN
47 ALLEE DES CHENES,40420 LE SEN
46 ALLEE DES CHENES,40420 LE SEN
16 ALLEE DES CHENES,40420 LE SEN
73 ALLEE DES CHENES,40420 LE SEN
93 ALLEE DES CHENES,40420 LE SEN
99 ALLEE DES CHENES,40420 LE SEN
105 ALLEE DES CHENES,40420 LE SEN
107 ALLEE DES CHENES,40420 LE SEN
8 RUE DES ALBIZZIAS,40410 LIPOSTHEY
12 RUE DES ALBIZZIAS,40410 LIPOSTHEY
38 RUE DES ALBIZZIAS,40410 LIPOSTHEY
42 RUE DES ALBIZZIAS,40410 LIPOSTHEY
64 RUE DES ALBIZZIAS,40410 LIPOSTHEY
68 RUE DES ALBIZZIAS,40410 LIPOSTHEY
19 PLACE DES HIRONDELLES,40410 LIPOSTHEY
29 PLACE DES HIRONDELLES,40410 LIPOSTHEY
31 PLACE DES HIRONDELLES,40410 LIPOSTHEY
32 PLACE DES HIRONDELLES,40410 LIPOSTHEY
30 PLACE DES HIRONDELLES,40410 LIPOSTHEY
3 PLACE DU DOCTEUR HARRIBEY,40210 LUE
4 PLACE DU DOCTEUR HARRIBEY,40210 LUE
18 ROND POINT DES ECUREUILS,40260 LINXE
16 ROND POINT DES ECUREUILS,40260 LINXE
14 ROND POINT DES ECUREUILS,40260 LINXE
12 ROND POINT DES ECUREUILS,40260 LINXE
10 ROND POINT DES ECUREUILS,40260 LINXE
6 ROND POINT DES ECUREUILS,40260 LINXE
4 ROND POINT DES ECUREUILS,40260 LINXE
2 ROND POINT DES ECUREUILS,40260 LINXE
1 CITE ALEXIS LALOI,40260 LINXE
3 CITE ALEXIS LALOI,40260 LINXE
5 CITE ALEXIS LALOI,40260 LINXE
7 CITE ALEXIS LALOI,40260 LINXE
9 CITE ALEXIS LALOI,40260 LINXE
11 CITE ALEXIS LALOI,40260 LINXE
20 RUE DES MORILLES,40260 LINXE
24 RUE DES MORILLES,40260 LINXE
22 RUE DES MORILLES,40260 LINXE
26 RUE DES MORILLES,40260 LINXE
16 RUE DES MORILLES,40260 LINXE
12 RUE DES MORILLES,40260 LINXE
18 RUE DES MORILLES,40260 LINXE
14 RUE DES MORILLES,40260 LINXE
2D RUE DE LA PALINETA,40260 LINXE
2C RUE DE LA PALINETA,40260 LINXE
2B RUE DE LA PALINETA,40260 LINXE
2A RUE DE LA PALINETA,40260 LINXE
1 IMPASSE DEU BARCO,40260 LINXE
3 IMPASSE DEU BARCO,40260 LINXE
8 IMPASSE DEU BARCO,40260 LINXE
6 IMPASSE DEU BARCO,40260 LINXE
4 IMPASSE DEU BARCO,40260 LINXE
2 IMPASSE DEU BARCO,40260 LINXE
10 IMPASSE DEU BARCO,40260 LINXE
12 IMPASSE DEU BARCO,40260 LINXE
14 IMPASSE DEU BARCO,40260 LINXE
16 IMPASSE DEU BARCO,40260 LINXE
18 IMPASSE DEU BARCO,40260 LINXE
20 IMPASSE DEU BARCO,40260 LINXE
22 IMPASSE DEU BARCO,40260 LINXE
24 IMPASSE DEU BARCO,40260 LINXE
5 IMPASSE DEU BARCO,40260 LINXE
7 IMPASSE DEU BARCO,40260 LINXE
4 RUE DE L'AHOUNTIQUE,40430 LUXEY
6 RUE DE L'AHOUNTIQUE,40430 LUXEY
8 RUE DE L'AHOUNTIQUE,40430 LUXEY
10 RUE DE L'AHOUNTIQUE,40430 LUXEY
12 RUE DE L'AHOUNTIQUE,40430 LUXEY
2 RUE DU DOCTEUR HENRI FERBOS,40430 LUXEY
2 IMPASSE PAULA LAOUE,40430 LUXEY
4 IMPASSE PAULA LAOUE,40430 LUXEY
6 IMPASSE PAULA LAOUE,40430 LUXEY
55 RUE BLANCHE BARON,40430 LUXEY
67 RUE BLANCHE BARON,40430 LUXEY
79 RUE BLANCHE BARON,40430 LUXEY
81 RUE BLANCHE BARON,40430 LUXEY
87 RUE BLANCHE BARON,40430 LUXEY
97 ALLEE DE DORADE,40380 MONTFORT-EN-CHALOSSE
99 ALLEE DE DORADE,40380 MONTFORT-EN-CHALOSSE
103 ALLEE DE DORADE,40380 MONTFORT-EN-CHALOSSE
105 ALLEE DE DORADE,40380 MONTFORT-EN-CHALOSSE
115 ALLEE DE DORADE,40380 MONTFORT-EN-CHALOSSE
117 ALLEE DE DORADE,40380 MONTFORT-EN-CHALOSSE
170 ALLEE DE DORADE,40380 MONTFORT-EN-CHALOSSE
168 ALLEE DE DORADE,40380 MONTFORT-EN-CHALOSSE
166 ALLEE DE DORADE,40380 MONTFORT-EN-CHALOSSE
164 ALLEE DE DORADE,40380 MONTFORT-EN-CHALOSSE
86 RUE DE VERDUN,40380 MONTFORT-EN-CHALOSSE
82 RUE DE VERDUN,40380 MONTFORT-EN-CHALOSSE
72 RUE DE VERDUN,40380 MONTFORT-EN-CHALOSSE
20 RUE DE LA PAIX,40380 MONTFORT-EN-CHALOSSE
40 ROUTE DE LOUBERE,40090 SAINT-MARTIN-D'ONEY
42 ROUTE DE LOUBERE,40090 SAINT-MARTIN-D'ONEY
44 ROUTE DE LOUBERE,40090 SAINT-MARTIN-D'ONEY
46 ROUTE DE LOUBERE,40090 SAINT-MARTIN-D'ONEY
48 ROUTE DE LOUBERE,40090 SAINT-MARTIN-D'ONEY
50 ROUTE DE LOUBERE,40090 SAINT-MARTIN-D'ONEY
31 IMPASSE DU STADE,40090 SAINT-MARTIN-D'ONEY
33 IMPASSE DU STADE,40090 SAINT-MARTIN-D'ONEY
35 IMPASSE DU STADE,40090 SAINT-MARTIN-D'ONEY
37 IMPASSE DU STADE,40090 SAINT-MARTIN-D'ONEY
20 RUE QUITTERIE,40090 SAINT-MARTIN-D'ONEY
18 RUE QUITTERIE,40090 SAINT-MARTIN-D'ONEY
16 RUE QUITTERIE,40090 SAINT-MARTIN-D'ONEY
14 RUE QUITTERIE,40090 SAINT-MARTIN-D'ONEY
12 RUE QUITTERIE,40090 SAINT-MARTIN-D'ONEY
10 RUE QUITTERIE,40090 SAINT-MARTIN-D'ONEY
8 RUE QUITTERIE,40090 SAINT-MARTIN-D'ONEY
6 RUE QUITTERIE,40090 SAINT-MARTIN-D'ONEY
4 RUE QUITTERIE,40090 SAINT-MARTIN-D'ONEY
2 RUE QUITTERIE,40090 SAINT-MARTIN-D'ONEY
1 IMPASSE DES ALOUETTES,40140 MAGESCQ
3 IMPASSE DES ALOUETTES,40140 MAGESCQ
5 IMPASSE DES ALOUETTES,40140 MAGESCQ
7 IMPASSE DES ALOUETTES,40140 MAGESCQ
2 IMPASSE DES ORTOLANS,40140 MAGESCQ
4 IMPASSE DES ORTOLANS,40140 MAGESCQ
1 IMPASSE DES ORTOLANS,40140 MAGESCQ
3 IMPASSE DES ORTOLANS,40140 MAGESCQ
5 IMPASSE DES ORTOLANS,40140 MAGESCQ
7 IMPASSE DES ORTOLANS,40140 MAGESCQ
8 RUE D'OLD ORCHARD,40200 MIMIZAN
10 RUE D'OLD ORCHARD,40200 MIMIZAN
12 RUE D'OLD ORCHARD,40200 MIMIZAN
16 RUE D'OLD ORCHARD,40200 MIMIZAN
18 RUE D'OLD ORCHARD,40200 MIMIZAN
8 BIS RUE D'OLD ORCHARD,40200 MIMIZAN
10 BIS RUE D'OLD ORCHARD,40200 MIMIZAN
12 BIS RUE D'OLD ORCHARD,40200 MIMIZAN
14 BIS RUE D'OLD ORCHARD,40200 MIMIZAN
16 BIS RUE D'OLD ORCHARD,40200 MIMIZAN
18 BIS RUE D'OLD ORCHARD,40200 MIMIZAN
472 RUE CAPITAINE R BONNEMAIRE,40000 MONT-DE-MARSAN
459 RUE CAPITAINE R BONNEMAIRE,40000 MONT-DE-MARSAN
448 RUE CAPITAINE R BONNEMAIRE,40000 MONT-DE-MARSAN
427 RUE CAPITAINE R BONNEMAIRE,40000 MONT-DE-MARSAN
418 RUE CAPITAINE R BONNEMAIRE,40000 MONT-DE-MARSAN
389 RUE CAPITAINE R BONNEMAIRE,40000 MONT-DE-MARSAN
53 RUE ADJUDANT SIOT,40000 MONT-DE-MARSAN
353 RUE CAPITAINE R BONNEMAIRE,40000 MONT-DE-MARSAN
74 RUE ADJUDANT SIOT,40000 MONT-DE-MARSAN
293 RUE CAPITAINE R BONNEMAIRE,40000 MONT-DE-MARSAN
62 RUE ADJUDANT SIOT,40000 MONT-DE-MARSAN
17 RUE FERDINAND BERNEDE,40000 MONT-DE-MARSAN
28 RUE ADJUDANT SIOT,40000 MONT-DE-MARSAN
215 RUE CAPITAINE R BONNEMAIRE,40000 MONT-DE-MARSAN
16 RUE ADJUDANT SIOT,40000 MONT-DE-MARSAN
207 RUE CAPITAINE R BONNEMAIRE,40000 MONT-DE-MARSAN
368 AVENUE CAPITAINE R BONNEMAIRE,40000 MONT-DE-MARSAN
201 RUE CAPITAINE R BONNEMAIRE,40000 MONT-DE-MARSAN
356 RUE CAPITAINE R BONNEMAIRE,40000 MONT-DE-MARSAN
193 RUE CAPITAINE R BONNEMAIRE,40000 MONT-DE-MARSAN
318 RUE CAPITAINE R BONNEMAIRE,40000 MONT-DE-MARSAN
89 RUE CAPITAINE R BONNEMAIRE,40000 MONT-DE-MARSAN
306 RUE CAPITAINE R BONNEMAIRE,40000 MONT-DE-MARSAN
91 RUE CAPITAINE R BONNEMAIRE,40000 MONT-DE-MARSAN
266 RUE CAPITAINE R BONNEMAIRE,40000 MONT-DE-MARSAN
93 RUE CAPITAINE R BONNEMAIRE,40000 MONT-DE-MARSAN
260 RUE CAPITAINE R BONNEMAIRE,40000 MONT-DE-MARSAN
95 RUE CAPITAINE R BONNEMAIRE,40000 MONT-DE-MARSAN
232 RUE CAPITAINE R BONNEMAIRE,40000 MONT-DE-MARSAN
41 RUE CAPITAINE R BONNEMAIRE,40000 MONT-DE-MARSAN
230 RUE CAPITAINE R BONNEMAIRE,40000 MONT-DE-MARSAN
43 RUE CAPITAINE R BONNEMAIRE,40000 MONT-DE-MARSAN
178 RUE CAPITAINE R BONNEMAIRE,40000 MONT-DE-MARSAN
45 RUE CAPITAINE R BONNEMAIRE,40000 MONT-DE-MARSAN
170 RUE CAPITAINE R BONNEMAIRE,40000 MONT-DE-MARSAN
47 RUE CAPITAINE R BONNEMAIRE,40000 MONT-DE-MARSAN
164 RUE CAPITAINE R BONNEMAIRE,40000 MONT-DE-MARSAN
25 RUE CAPITAINE R BONNEMAIRE,40000 MONT-DE-MARSAN
156 RUE CAPITAINE R BONNEMAIRE,40000 MONT-DE-MARSAN
1 IMPASSE CAPITAINE R BONNEMAIRE,40000 MONT-DE-MARSAN
3 IMPASSE CAPITAINE R BONNEMAIRE,40000 MONT-DE-MARSAN
5 IMPASSE CAPITAINE R BONNEMAIRE,40000 MONT-DE-MARSAN
7 IMPASSE CAPITAINE R BONNEMAIRE,40000 MONT-DE-MARSAN
283 RUE ADJUDANT SIOT,40000 MONT-DE-MARSAN
293 RUE ADJUDANT SIOT,40000 MONT-DE-MARSAN
303 RUE ADJUDANT SIOT,40000 MONT-DE-MARSAN
309 RUE ADJUDANT SIOT,40000 MONT-DE-MARSAN
282 RUE ADJUDANT SIOT,40000 MONT-DE-MARSAN
304 RUE ADJUDANT SIOT,40000 MONT-DE-MARSAN
308 RUE ADJUDANT SIOT,40000 MONT-DE-MARSAN
324 RUE ADJUDANT SIOT,40000 MONT-DE-MARSAN
463 AVENUE MARTYRS RESISTANCE,40000 MONT-DE-MARSAN
463A AVENUE MARTYRS RESISTANCE,40000 MONT-DE-MARSAN
467B AVENUE MARTYRS RESISTANCE,40000 MONT-DE-MARSAN
463B AVENUE MARTYRS RESISTANCE,40000 MONT-DE-MARSAN
3 IMPASSE MARTYRS RESISTANCE,40000 MONT-DE-MARSAN
1 IMPASSE MARTYRS RESISTANCE,40000 MONT-DE-MARSAN
3A IMPASSE MARTYRS RESISTANCE,40000 MONT-DE-MARSAN
1A IMPASSE MARTYRS RESISTANCE,40000 MONT-DE-MARSAN
3B IMPASSE MARTYRS RESISTANCE,40000 MONT-DE-MARSAN
1B IMPASSE MARTYRS RESISTANCE,40000 MONT-DE-MARSAN
7 IMPASSE MARTYRS RESISTANCE,40000 MONT-DE-MARSAN
5 IMPASSE MARTYRS RESISTANCE,40000 MONT-DE-MARSAN
7A IMPASSE MARTYRS RESISTANCE,40000 MONT-DE-MARSAN
5A IMPASSE MARTYRS DE LA RESISTAN,40000 MONT-DE-MARSAN
7B IMPASSE MARTYRS DE LA RESISTAN,40000 MONT-DE-MARSAN
5B IMPASSE MARTYRS DE LA RESISTAN,40000 MONT-DE-MARSAN
11 IMPASSE MARTYRS RESISTANCE,40000 MONT-DE-MARSAN
9 IMPASSE MARTYRS RESISTANCE,40000 MONT-DE-MARSAN
11A IMPASSE MARTYRS DE LA RESISTAN,40000 MONT-DE-MARSAN
9A IMPASSE MARTYRS DE LA RESISTAN,40000 MONT-DE-MARSAN
11B IMPASSE MARTYRS DE LA RESISTAN,40000 MONT-DE-MARSAN
9B IMPASSE MARTYRS DE LA RESISTAN,40000 MONT-DE-MARSAN
57 RUE CAPITAINE R BONNEMAIRE,40000 MONT-DE-MARSAN
127 RUE CAPITAINE R BONNEMAIRE,40000 MONT-DE-MARSAN
147 RUE CAPITAINE R BONNEMAIRE,40000 MONT-DE-MARSAN
155 RUE CAPITAINE R BONNEMAIRE,40000 MONT-DE-MARSAN
175 RUE CAPITAINE R BONNEMAIRE,40000 MONT-DE-MARSAN
1 RUE FERDINAND BERNEDE,40000 MONT-DE-MARSAN
3 RUE FERDINAND BERNEDE,40000 MONT-DE-MARSAN
5 RUE FERDINAND BERNEDE,40000 MONT-DE-MARSAN
7 RUE FERDINAND BERNEDE,40000 MONT-DE-MARSAN
9 RUE FERDINAND BERNEDE,40000 MONT-DE-MARSAN
11 RUE FERDINAND BERNEDE,40000 MONT-DE-MARSAN
13 RUE FERDINAND BERNEDE,40000 MONT-DE-MARSAN
15 RUE FERDINAND BERNEDE,40000 MONT-DE-MARSAN
233 RUE CAPITAINE R BONNEMAIRE,40000 MONT-DE-MARSAN
386 RUE CAPITAINE R BONNEMAIRE,40000 MONT-DE-MARSAN
376 RUE CAPITAINE R BONNEMAIRE,40000 MONT-DE-MARSAN
340 RUE CAPITAINE R BONNEMAIRE,40000 MONT-DE-MARSAN
328 RUE CAPITAINE R BONNEMAIRE,40000 MONT-DE-MARSAN
292 RUE CAPITAINE R BONNEMAIRE,40000 MONT-DE-MARSAN
272 RUE CAPITAINE R BONNEMAIRE,40000 MONT-DE-MARSAN
208 RUE CAPITAINE R BONNEMAIRE,40000 MONT-DE-MARSAN
198 RUE CAPITAINE R BONNEMAIRE,40000 MONT-DE-MARSAN
182 RUE CAPITAINE R BONNEMAIRE,40000 MONT-DE-MARSAN
1 IMPASSE FRANCIS JAMMES,40000 MONT-DE-MARSAN
3 IMPASSE FRANCIS JAMMES,40000 MONT-DE-MARSAN
5 IMPASSE FRANCIS JAMMES,40000 MONT-DE-MARSAN
8 IMPASSE FRANCIS JAMMES,40000 MONT-DE-MARSAN
6 IMPASSE FRANCIS JAMMES,40000 MONT-DE-MARSAN
4 IMPASSE FRANCIS JAMMES,40000 MONT-DE-MARSAN
2 IMPASSE FRANCIS JAMMES,40000 MONT-DE-MARSAN
4 RUE CHARLES BARTALOT,40000 MONT-DE-MARSAN
6 RUE CHARLES BARTALOT,40000 MONT-DE-MARSAN
8 RUE CHARLES BARTALOT,40000 MONT-DE-MARSAN
10 RUE CHARLES BARTALOT,40000 MONT-DE-MARSAN
12 RUE CHARLES BARTALOT,40000 MONT-DE-MARSAN
14 RUE CHARLES BARTALOT,40000 MONT-DE-MARSAN
16 RUE CHARLES BARTALOT,40000 MONT-DE-MARSAN
2 RUE DES LYS,40000 MONT-DE-MARSAN
4 RUE DES LYS,40000 MONT-DE-MARSAN
6 RUE DES LYS,40000 MONT-DE-MARSAN
8 RUE DES LYS,40000 MONT-DE-MARSAN
10 RUE DES LYS,40000 MONT-DE-MARSAN
12 RUE DES LYS,40000 MONT-DE-MARSAN
14 RUE DES LYS,40000 MONT-DE-MARSAN
16 RUE DES LYS,40000 MONT-DE-MARSAN
18 RUE DES LYS,40000 MONT-DE-MARSAN
20 RUE DES LYS,40000 MONT-DE-MARSAN
22 RUE DES LYS,40000 MONT-DE-MARSAN
24 RUE DES LYS,40000 MONT-DE-MARSAN
26 RUE DES LYS,40000 MONT-DE-MARSAN
28 RUE DES LYS,40000 MONT-DE-MARSAN
30 RUE DES LYS,40000 MONT-DE-MARSAN
32 RUE DES LYS,40000 MONT-DE-MARSAN
34 RUE DES LYS,40000 MONT-DE-MARSAN
36 RUE DES LYS,40000 MONT-DE-MARSAN
38 RUE DES LYS,40000 MONT-DE-MARSAN
40 RUE DES LYS,40000 MONT-DE-MARSAN
31 RUE DES LYS,40000 MONT-DE-MARSAN
29 RUE DES LYS,40000 MONT-DE-MARSAN
27 RUE DES LYS,40000 MONT-DE-MARSAN
25 RUE DES LYS,40000 MONT-DE-MARSAN
23 RUE DES LYS,40000 MONT-DE-MARSAN
21 RUE DES LYS,40000 MONT-DE-MARSAN
19 RUE DES LYS,40000 MONT-DE-MARSAN
17 RUE DES LYS,40000 MONT-DE-MARSAN
15 RUE DES LYS,40000 MONT-DE-MARSAN
13 RUE DES LYS,40000 MONT-DE-MARSAN
2 IMPASSE DES GRIVES,40000 MONT-DE-MARSAN
4 IMPASSE DES GRIVES,40000 MONT-DE-MARSAN
6 IMPASSE DES GRIVES,40000 MONT-DE-MARSAN
8 IMPASSE DES GRIVES,40000 MONT-DE-MARSAN
10 IMPASSE DES GRIVES,40000 MONT-DE-MARSAN
12 IMPASSE DES GRIVES,40000 MONT-DE-MARSAN
14 IMPASSE DES GRIVES,40000 MONT-DE-MARSAN
16 IMPASSE DES GRIVES,40000 MONT-DE-MARSAN
15 IMPASSE DES GRIVES,40000 MONT-DE-MARSAN
13 IMPASSE DES GRIVES,40000 MONT-DE-MARSAN
11 IMPASSE DES GRIVES,40000 MONT-DE-MARSAN
9 IMPASSE DES GRIVES,40000 MONT-DE-MARSAN
7 IMPASSE DES GRIVES,40000 MONT-DE-MARSAN
5 IMPASSE DES GRIVES,40000 MONT-DE-MARSAN
3 IMPASSE DES GRIVES,40000 MONT-DE-MARSAN
1 IMPASSE DES GRIVES,40000 MONT-DE-MARSAN
11 RUE DES LYS,40000 MONT-DE-MARSAN
9 RUE DES LYS,40000 MONT-DE-MARSAN
7 RUE DES LYS,40000 MONT-DE-MARSAN
5 RUE DES LYS,40000 MONT-DE-MARSAN
3 RUE DES LYS,40000 MONT-DE-MARSAN
1 RUE DES LYS,40000 MONT-DE-MARSAN
2 IMPASSE DES CIGOGNES,40000 MONT-DE-MARSAN
4 IMPASSE DES CIGOGNES,40000 MONT-DE-MARSAN
6 IMPASSE DES CIGOGNES,40000 MONT-DE-MARSAN
8 IMPASSE DES CIGOGNES,40000 MONT-DE-MARSAN
13 IMPASSE DES CIGOGNES,40000 MONT-DE-MARSAN
11 IMPASSE DES CIGOGNES,40000 MONT-DE-MARSAN
9 IMPASSE DES CIGOGNES,40000 MONT-DE-MARSAN
7 IMPASSE DES CIGOGNES,40000 MONT-DE-MARSAN
5 IMPASSE DES CIGOGNES,40000 MONT-DE-MARSAN
3 IMPASSE DES CIGOGNES,40000 MONT-DE-MARSAN
1 IMPASSE DES CIGOGNES,40000 MONT-DE-MARSAN
11 IMPASSE DE MAJOURAOU,40000 MONT-DE-MARSAN
13 IMPASSE DE MAJOURAOU,40000 MONT-DE-MARSAN
15 IMPASSE DE MAJOURAOU,40000 MONT-DE-MARSAN
17 IMPASSE DE MAJOURAOU,40000 MONT-DE-MARSAN
19 IMPASSE DE MAJOURAOU,40000 MONT-DE-MARSAN
21 IMPASSE DE MAJOURAOU,40000 MONT-DE-MARSAN
23 IMPASSE DE MAJOURAOU,40000 MONT-DE-MARSAN
1 IMPASSE DE MAJOURAOU,40000 MONT-DE-MARSAN
3 IMPASSE DE MAJOURAOU,40000 MONT-DE-MARSAN
5 IMPASSE DE MAJOURAOU,40000 MONT-DE-MARSAN
7 IMPASSE DE MAJOURAOU,40000 MONT-DE-MARSAN
9 IMPASSE DE MAJOURAOU,40000 MONT-DE-MARSAN
25 IMPASSE DE MAJOURAOU,40000 MONT-DE-MARSAN
27 IMPASSE DE MAJOURAOU,40000 MONT-DE-MARSAN
29 IMPASSE DE MAJOURAOU,40000 MONT-DE-MARSAN
31 IMPASSE DE MAJOURAOU,40000 MONT-DE-MARSAN
33 IMPASSE DE MAJOURAOU,40000 MONT-DE-MARSAN
35 IMPASSE DE MAJOURAOU,40000 MONT-DE-MARSAN
37 IMPASSE DE MAJOURAOU,40000 MONT-DE-MARSAN
39 IMPASSE DE MAJOURAOU,40000 MONT-DE-MARSAN
41 IMPASSE DE MAJOURAOU,40000 MONT-DE-MARSAN
43 IMPASSE DE MAJOURAOU,40000 MONT-DE-MARSAN
45 IMPASSE DE MAJOURAOU,40000 MONT-DE-MARSAN
47 IMPASSE DE MAJOURAOU,40000 MONT-DE-MARSAN
59 IMPASSE MAJOURAOU,40000 MONT-DE-MARSAN
61 IMPASSE MAJOURAOU,40000 MONT-DE-MARSAN
63 IMPASSE MAJOURAOU,40000 MONT-DE-MARSAN
65 IMPASSE MAJOURAOU,40000 MONT-DE-MARSAN
67 IMPASSE MAJOURAOU,40000 MONT-DE-MARSAN
69 IMPASSE MAJOURAOU,40000 MONT-DE-MARSAN
71 IMPASSE MAJOURAOU,40000 MONT-DE-MARSAN
49 IMPASSE MAJOURAOU,40000 MONT-DE-MARSAN
51 IMPASSE MAJOURAOU,40000 MONT-DE-MARSAN
53 IMPASSE MAJOURAOU,40000 MONT-DE-MARSAN
55 IMPASSE MAJOURAOU,40000 MONT-DE-MARSAN
57 IMPASSE MAJOURAOU,40000 MONT-DE-MARSAN
73 IMPASSE MAJOURAOU,40000 MONT-DE-MARSAN
75 IMPASSE MAJOURAOU,40000 MONT-DE-MARSAN
77 IMPASSE MAJOURAOU,40000 MONT-DE-MARSAN
79 IMPASSE MAJOURAOU,40000 MONT-DE-MARSAN
81 IMPASSE MAJOURAOU,40000 MONT-DE-MARSAN
83 IMPASSE MAJOURAOU,40000 MONT-DE-MARSAN
85 IMPASSE MAJOURAOU,40000 MONT-DE-MARSAN
87 IMPASSE MAJOURAOU,40000 MONT-DE-MARSAN
89 IMPASSE MAJOURAOU,40000 MONT-DE-MARSAN
91 IMPASSE MAJOURAOU,40000 MONT-DE-MARSAN
93 IMPASSE MAJOURAOU,40000 MONT-DE-MARSAN
95 IMPASSE MAJOURAOU,40000 MONT-DE-MARSAN
97 IMPASSE MAJOURAOU,40000 MONT-DE-MARSAN
99 IMPASSE MAJOURAOU,40000 MONT-DE-MARSAN
8 RUE DU MARASSOT,40000 MONT-DE-MARSAN
10 RUE DE MARASSOT,40000 MONT-DE-MARSAN
12 RUE DE MARASSOT,40000 MONT-DE-MARSAN
4 RUE EMMANUEL DELBOUSQUET,40000 MONT-DE-MARSAN
7 RUE DE MARASSOT,40000 MONT-DE-MARSAN
9 RUE DE MARASSOT,40000 MONT-DE-MARSAN
3 IMPASSE DE MARASSOT,40000 MONT-DE-MARSAN
5 IMPASSE DE MARASSOT,40000 MONT-DE-MARSAN
7 IMPASSE DE MARASSOT,40000 MONT-DE-MARSAN
9 IMPASSE DU MARASSOT,40000 MONT-DE-MARSAN
8 IMPASSE DE MARASSOT,40000 MONT-DE-MARSAN
6 IMPASSE DE MARASSOT,40000 MONT-DE-MARSAN
4 IMPASSE DE MARASSOT,40000 MONT-DE-MARSAN
11 RUE DE MARASSOT,40000 MONT-DE-MARSAN
13 RUE DE MARASSOT,40000 MONT-DE-MARSAN
15 RUE DE MARASSOT,40000 MONT-DE-MARSAN
17 RUE DE MARASSOT,40000 MONT-DE-MARSAN
19 RUE DE MARASSOT,40000 MONT-DE-MARSAN
16 RUE JEAN SAINT FELIX,40000 MONT-DE-MARSAN
14 RUE JEAN SAINT FELIX,40000 MONT-DE-MARSAN
12 RUE JEAN SAINT FELIX,40000 MONT-DE-MARSAN
3 IMPASSE JEAN SAINT FELIX,40000 MONT-DE-MARSAN
5 IMPASSE RUE JEAN SAINT FELIX,40000 MONT-DE-MARSAN
7 IMPASSE JEAN SAINT FELIX,40000 MONT-DE-MARSAN
10 IMPASSE JEAN SAINT FELIX,40000 MONT-DE-MARSAN
8 IMPASSE JEAN SAINT FELIX,40000 MONT-DE-MARSAN
6 IMPASSE JEAN SAINT FELIX,40000 MONT-DE-MARSAN
4 IMPASSE JEAN SAINT FELIX,40000 MONT-DE-MARSAN
10 RUE JEAN SAINT FELIX,40000 MONT-DE-MARSAN
8 RUE JEAN SAINT FELIX,40000 MONT-DE-MARSAN
6 RUE JEAN SAINT FELIX,40000 MONT-DE-MARSAN
4 RUE JEAN SAINT FELIX,40000 MONT-DE-MARSAN
2 RUE JEAN SAINT FELIX,40000 MONT-DE-MARSAN
1 IMPASSE EMMANUEL DELBOUSQUET,40000 MONT-DE-MARSAN
3 IMPASSE EMMANUEL DELBOUSQUET,40000 MONT-DE-MARSAN
5 IMPASSE EMMANUEL DELBOUSQUET,40000 MONT-DE-MARSAN
7 IMPASSE EMMANUEL DELBOUSQUET,40000 MONT-DE-MARSAN
6 IMPASSE EMMANUEL DELBOUSQUET,40000 MONT-DE-MARSAN
4 IMPASSE EMMANUEL DELBOUSQUET,40000 MONT-DE-MARSAN
14 RUE EMMANUEL DELBOUSQUET,40000 MONT-DE-MARSAN
12 RUE EMMANUEL DELBOUSQUET,40000 MONT-DE-MARSAN
10 RUE EMMANUEL DELBOUSQUET,40000 MONT-DE-MARSAN
13 RUE EMMANUEL DELBOUSQUET,40000 MONT-DE-MARSAN
11 RUE EMMANUEL DELBOUSQUET,40000 MONT-DE-MARSAN
9 RUE EMMANUEL DELBOUSQUET,40000 MONT-DE-MARSAN
7 RUE EMMANUEL DELBOUSQUET,40000 MONT-DE-MARSAN
5 RUE EMMANUEL DELBOUSQUET,40000 MONT-DE-MARSAN
3 RUE EMMANUEL DELBOUSQUET,40000 MONT-DE-MARSAN
4 IMPASSE COMMANDANT BOFFY,40000 MONT-DE-MARSAN
2 IMPASSE COMMANDANT BOFFY,40000 MONT-DE-MARSAN
16 RUE COMMANDANT BOFFY,40000 MONT-DE-MARSAN
14 RUE COMMANDANT BOFFY,40000 MONT-DE-MARSAN
12 RUE COMMANDANT BOFFY,40000 MONT-DE-MARSAN
10 RUE COMMANDANT BOFFY,40000 MONT-DE-MARSAN
8 RUE COMMANDANT BOFFY,40000 MONT-DE-MARSAN
6 RUE COMMANDANT BOFFY,40000 MONT-DE-MARSAN
4 RUE COMMANDANT BOFFY,40000 MONT-DE-MARSAN
2 RUE COMMANDANT BOFFY,40000 MONT-DE-MARSAN
1 RUE COMMANDANT BOFFY,40000 MONT-DE-MARSAN
3 RUE COMMANDANT BOFFY,40000 MONT-DE-MARSAN
5 RUE COMMANDANT BOFFY,40000 MONT-DE-MARSAN
7 RUE COMMANDANT BOFFY,40000 MONT-DE-MARSAN
9 RUE COMMANDANT BOFFY,40000 MONT-DE-MARSAN
11 RUE COMMANDANT BOFFY,40000 MONT-DE-MARSAN
13 RUE COMMANDANT BOFFY,40000 MONT-DE-MARSAN
15 RUE COMMANDANT BOFFY,40000 MONT-DE-MARSAN
17 RUE COMMANDANT BOFFY,40000 MONT-DE-MARSAN
3 ALLEE JEAN CAVAILLES,40000 MONT-DE-MARSAN
5 ALLEE JEAN CAVAILLES,40000 MONT-DE-MARSAN
7 ALLEE JEAN CAVAILLES,40000 MONT-DE-MARSAN
9 ALLEE JEAN CAVAILLES,40000 MONT-DE-MARSAN
11 ALLEE JEAN CAVAILLES,40000 MONT-DE-MARSAN
12 ALLEE JEAN CAVAILLES,40000 MONT-DE-MARSAN
10 ALLEE JEAN CAVAILLES,40000 MONT-DE-MARSAN
8 ALLEE JEAN CAVAILLES,40000 MONT-DE-MARSAN
6 ALLEE JEAN CAVAILLES,40000 MONT-DE-MARSAN
4 ALLEE JEAN CAVAILLES,40000 MONT-DE-MARSAN
2 ALLEE JEAN CAVAILLES,40000 MONT-DE-MARSAN
21 RUE COMMANDANT BOFFY,40000 MONT-DE-MARSAN
11 BOULEVARD DE GOUAILLARDET,40000 MONT-DE-MARSAN
13 BOULEVARD DE GOUAILLARDET,40000 MONT-DE-MARSAN
15 BOULEVARD DE GOUAILLARDET,40000 MONT-DE-MARSAN
17 BOULEVARD DE GOUAILLARDET,40000 MONT-DE-MARSAN
2 BOULEVARD DE GOUAILLARDET,40000 MONT-DE-MARSAN
4 BOULEVARD DE GOUAILLARDET,40000 MONT-DE-MARSAN
6 BOULEVARD DE GOUAILLARDET,40000 MONT-DE-MARSAN
8 BOULEVARD DE GOUAILLARDET,40000 MONT-DE-MARSAN
24 RUE COMMANDANT BOFFY,40000 MONT-DE-MARSAN
26 RUE COMMANDANT BOFFY,40000 MONT-DE-MARSAN
28 RUE COMMANDANT BOFFY,40000 MONT-DE-MARSAN
30 RUE COMMANDANT BOFFY,40000 MONT-DE-MARSAN
29 RUE COMMANDANT BOFFY,40000 MONT-DE-MARSAN
27 RUE COMMANDANT BOFFY,40000 MONT-DE-MARSAN
25 RUE COMMANDANT BOFFY,40000 MONT-DE-MARSAN
23 RUE COMMANDANT BOFFY,40000 MONT-DE-MARSAN
2 ALLEE CAPITAINE BROSSET,40000 MONT-DE-MARSAN
4 ALLEE CAPITAINE BROSSET,40000 MONT-DE-MARSAN
6 ALLEE CAPITAINE BROSSET,40000 MONT-DE-MARSAN
8 ALLEE CAPITAINE BROSSET,40000 MONT-DE-MARSAN
10 ALLEE CAPITAINE BROSSET,40000 MONT-DE-MARSAN
9 ALLEE CAPITAINE BROSSET,40000 MONT-DE-MARSAN
7 ALLEE CAPITAINE BROSSET,40000 MONT-DE-MARSAN
5 ALLEE CAPITAINE BROSSET,40000 MONT-DE-MARSAN
3 ALLEE CAPITAINE BROSSET,40000 MONT-DE-MARSAN
1 ALLEE CAPITAINE BROSSET,40000 MONT-DE-MARSAN
11 IMPASSE COMMANDANT BOFFY,40000 MONT-DE-MARSAN
9 IMPASSE COMMANDANT BOFFY,40000 MONT-DE-MARSAN
5 IMPASSE COMMANDANT BOFFY,40000 MONT-DE-MARSAN
3 IMPASSE COMMANDANT BOFFY,40000 MONT-DE-MARSAN
1 IMPASSE COMMANDANT BOFFY,40000 MONT-DE-MARSAN
19 BOULEVARD DE GOUAILLARDET,40000 MONT-DE-MARSAN
21 BOULEVARD DE GOUAILLARDET,40000 MONT-DE-MARSAN
23 BOULEVARD DE GOUAILLARDET,40000 MONT-DE-MARSAN
25 BOULEVARD DE GOUAILLARDET,40000 MONT-DE-MARSAN
27 BOULEVARD DE GOUAILLARDET,40000 MONT-DE-MARSAN
29 BOULEVARD DE GOUAILLARDET,40000 MONT-DE-MARSAN
33 BOULEVARD DE GOUAILLARDET,40000 MONT-DE-MARSAN
31 BOULEVARD DE GOUAILLARDET,40000 MONT-DE-MARSAN
35 BOULEVARD DE GOUAILLARDET,40000 MONT-DE-MARSAN
37 BOULEVARD DE GOUAILLARDET,40000 MONT-DE-MARSAN
39 BOULEVARD DE GOUAILLARDET,40000 MONT-DE-MARSAN
41 BOULEVARD DE GOUAILLARDET,40000 MONT-DE-MARSAN
43 BOULEVARD DE GOUAILLARDET,40000 MONT-DE-MARSAN
45 BOULEVARD DE GOUAILLARDET,40000 MONT-DE-MARSAN
47 BOULEVARD DE GOUAILLARDET,40000 MONT-DE-MARSAN
49 BOULEVARD DE GOUAILLARDET,40000 MONT-DE-MARSAN
51 BOULEVARD DE GOUAILLARDET,40000 MONT-DE-MARSAN
53 BOULEVARD DE GOUAILLARDET,40000 MONT-DE-MARSAN
55 BOULEVARD DE GOUAILLARDET,40000 MONT-DE-MARSAN
57 BOULEVARD DE GOUAILLARDET,40000 MONT-DE-MARSAN
59 BOULEVARD DE GOUAILLARDET,40000 MONT-DE-MARSAN
61 BOULEVARD DE GOUAILLARDET,40000 MONT-DE-MARSAN
1 ALLEE DU 1ER MAI,40000 MONT-DE-MARSAN
3 ALLEE DU 1ER MAI,40000 MONT-DE-MARSAN
5 ALLEE DU 1ER MAI,40000 MONT-DE-MARSAN
7 ALLEE DU 1ER MAI,40000 MONT-DE-MARSAN
8 ALLEE DU 1ER MAI,40000 MONT-DE-MARSAN
6 ALLEE DU 1ER MAI,40000 MONT-DE-MARSAN
4 ALLEE DU 1ER MAI,40000 MONT-DE-MARSAN
2 ALLEE DU 1ER MAI,40000 MONT-DE-MARSAN
6 IMPASSE MARCEL CALLEDE,40000 MONT-DE-MARSAN
4 IMPASSE MARCEL CALLEDE,40000 MONT-DE-MARSAN
2 IMPASSE MARCEL CALLEDE,40000 MONT-DE-MARSAN
1 RUE MARCEL CALLEDE,40000 MONT-DE-MARSAN
3 RUE MARCEL CALLEDE,40000 MONT-DE-MARSAN
5 RUE MARCEL CALLEDE,40000 MONT-DE-MARSAN
2 RUE MARCEL CALLEDE,40000 MONT-DE-MARSAN
4 RUE MARCEL CALLEDE,40000 MONT-DE-MARSAN
6 RUE MARCEL CALLEDE,40000 MONT-DE-MARSAN
8 RUE MARCEL CALLEDE,40000 MONT-DE-MARSAN
7 RUE MARCEL CALLEDE,40000 MONT-DE-MARSAN
9 RUE MARCEL CALLEDE,40000 MONT-DE-MARSAN
11 RUE MARCEL CALLEDE,40000 MONT-DE-MARSAN
13 RUE MARCEL CALLEDE,40000 MONT-DE-MARSAN
15 RUE MARCEL CALLEDE,40000 MONT-DE-MARSAN
17 RUE MARCEL CALLEDE,40000 MONT-DE-MARSAN
19 RUE MARCEL CALLEDE,40000 MONT-DE-MARSAN
21 RUE MARCEL CALLEDE,40000 MONT-DE-MARSAN
23 RUE MARCEL CALLEDE,40000 MONT-DE-MARSAN
25 RUE MARCEL CALLEDE,40000 MONT-DE-MARSAN
27 RUE MARCEL CALLEDE,40000 MONT-DE-MARSAN
29 RUE MARCEL CALLEDE,40000 MONT-DE-MARSAN
31 RUE MARCEL CALLEDE,40000 MONT-DE-MARSAN
33 RUE MARCEL CALLEDE,40000 MONT-DE-MARSAN
8 ALLEE DU 19 JUIN,40000 MONT-DE-MARSAN
6 ALLEE DU 19 JUIN,40000 MONT-DE-MARSAN
4 ALLEE DU 19 JUIN,40000 MONT-DE-MARSAN
2 ALLEE DU 19 JUIN,40000 MONT-DE-MARSAN
1 ALLEE DU 14 JUILLET,40000 MONT-DE-MARSAN
3 ALLEE DU 14 JUILLET,40000 MONT-DE-MARSAN
5 ALLEE DU 14 JUILLET,40000 MONT-DE-MARSAN
7 ALLEE DU 14 JUILLET,40000 MONT-DE-MARSAN
44 RUE MARCEL CALLEDE,40000 MONT-DE-MARSAN
42 RUE MARCEL CALLEDE,40000 MONT-DE-MARSAN
40 RUE MARCEL CALLEDE,40000 MONT-DE-MARSAN
38 RUE MARCEL CALLEDE,40000 MONT-DE-MARSAN
36 RUE MARCEL CALLEDE,40000 MONT-DE-MARSAN
34 RUE MARCEL CALLEDE,40000 MONT-DE-MARSAN
32 RUE MARCEL CALLEDE,40000 MONT-DE-MARSAN
30 RUE MARCEL CALLEDE,40000 MONT-DE-MARSAN
9 ALLEE DU 14 JUILLET,40000 MONT-DE-MARSAN
11 ALLEE DU 14 JUILLET,40000 MONT-DE-MARSAN
13 ALLEE DU 14 JUILLET,40000 MONT-DE-MARSAN
15 ALLEE DU 14 JUILLET,40000 MONT-DE-MARSAN
17 ALLEE DU 14 JUILLET,40000 MONT-DE-MARSAN
619 RUE PIERRE BENOIT,40000 MONT-DE-MARSAN
623 RUE PIERRE BENOIT,40000 MONT-DE-MARSAN
75 BOULEVARD DE GOUAILLARDET,40000 MONT-DE-MARSAN
77 BOULEVARD DE GOUAILLARDET,40000 MONT-DE-MARSAN
79 BOULEVARD DE GOUAILLARDET,40000 MONT-DE-MARSAN
81 BOULEVARD DE GOUAILLARDET,40000 MONT-DE-MARSAN
83 BOULEVARD DE GOUAILLARDET,40000 MONT-DE-MARSAN
85 BOULEVARD DE GOUAILLARDET,40000 MONT-DE-MARSAN
87 BOULEVARD DE GOUAILLARDET,40000 MONT-DE-MARSAN
89 BOULEVARD DE GOUAILLARDET,40000 MONT-DE-MARSAN
91 BOULEVARD DE GOUAILLARDET,40000 MONT-DE-MARSAN
93 BOULEVARD DE GOUAILLARDET,40000 MONT-DE-MARSAN
95 BOULEVARD DE GOUAILLARDET,40000 MONT-DE-MARSAN
6 RUE 1954-1962,40000 MONT-DE-MARSAN
8 RUE 1954-1962,40000 MONT-DE-MARSAN
10 RUE 1954-1962,40000 MONT-DE-MARSAN
12 RUE 1954-1962,40000 MONT-DE-MARSAN
22 ALLEE DU 14 JUILLET,40000 MONT-DE-MARSAN
20 ALLEE DU 14 JUILLET,40000 MONT-DE-MARSAN
18 ALLEE DU 14 JUILLET,40000 MONT-DE-MARSAN
16 ALLEE DU 14 JUILLET,40000 MONT-DE-MARSAN
14 ALLEE DU 14 JUILLET,40000 MONT-DE-MARSAN
12 ALLEE DU 14 JUILLET,40000 MONT-DE-MARSAN
10 ALLEE DU 14 JUILLET,40000 MONT-DE-MARSAN
8 ALLEE DU 14 JUILLET,40000 MONT-DE-MARSAN
6 ALLEE DU 14 JUILLET,40000 MONT-DE-MARSAN
63 BOULEVARD DE GOUAILLARDET,40000 MONT-DE-MARSAN
65 BOULEVARD DE GOUAILLARDET,40000 MONT-DE-MARSAN
67 BOULEVARD DE GOUAILLARDET,40000 MONT-DE-MARSAN
69 BOULEVARD DE GOUAILLARDET,40000 MONT-DE-MARSAN
71 BOULEVARD DE GOUAILLARDET,40000 MONT-DE-MARSAN
73 BOULEVARD DE GOUAILLARDET,40000 MONT-DE-MARSAN
19 ALLEE DU 14 JUILLET,40000 MONT-DE-MARSAN
21 ALLEE DU 14 JUILLET,40000 MONT-DE-MARSAN
23 ALLEE DU 14 JUILLET,40000 MONT-DE-MARSAN
25 ALLEE DU 14 JUILLET,40000 MONT-DE-MARSAN
1 RUE 1954-1962,40000 MONT-DE-MARSAN
3 RUE 1954-1962,40000 MONT-DE-MARSAN
5 RUE 1954-1962,40000 MONT-DE-MARSAN
7 RUE 1954-1962,40000 MONT-DE-MARSAN
9 RUE 1954-1962,40000 MONT-DE-MARSAN
11 RUE 1954-1962,40000 MONT-DE-MARSAN
34 RUE DE L'ABBE DAUBA,40000 MONT-DE-MARSAN
32 RUE DE L'ABBE DAUBA,40000 MONT-DE-MARSAN
30 RUE DE L'ABBE DAUBA,40000 MONT-DE-MARSAN
28 RUE DE L'ABBE DAUBA,40000 MONT-DE-MARSAN
26 RUE DE L'ABBE DAUBA,40000 MONT-DE-MARSAN
24 RUE DE L'ABBE DAUBA,40000 MONT-DE-MARSAN
20 RUE DE L'ABBE DAUBA,40000 MONT-DE-MARSAN
22 RUE DE L'ABBE DAUBA,40000 MONT-DE-MARSAN
18 RUE DE L'ABBE DAUBA,40000 MONT-DE-MARSAN
16 RUE DE L'ABBE DAUBA,40000 MONT-DE-MARSAN
10 RUE DE L'ABBE DAUBA,40000 MONT-DE-MARSAN
08 RUE DE L'ABBE DAUBA,40000 MONT-DE-MARSAN
06 RUE DE L'ABBE DAUBA,40000 MONT-DE-MARSAN
04 RUE DE L'ABBE DAUBA,40000 MONT-DE-MARSAN
28 RUE DU PEYROUAT,40000 MONT-DE-MARSAN
26 RUE DU PEYROUAT,40000 MONT-DE-MARSAN
22 RUE DU PEYROUAT,40000 MONT-DE-MARSAN
20 RUE DU PEYROUAT,40000 MONT-DE-MARSAN
18 RUE DU PEYROUAT,40000 MONT-DE-MARSAN
16 RUE DU PEYROUAT,40000 MONT-DE-MARSAN
402 RUE PIERRE BENOIT,40000 MONT-DE-MARSAN
412 RUE PIERRE BENOIT,40000 MONT-DE-MARSAN
418 RUE PIERRE BENOIT,40000 MONT-DE-MARSAN
426 RUE PIERRE BENOIT,40000 MONT-DE-MARSAN
432 RUE PIERRE BENOIT,40000 MONT-DE-MARSAN
40 RUE DU PEYROUAT,40000 MONT-DE-MARSAN
42 RUE DU PEYROUAT,40000 MONT-DE-MARSAN
44 RUE DU PEYROUAT,40000 MONT-DE-MARSAN
46 RUE DU PEYROUAT,40000 MONT-DE-MARSAN
25 RUE ADJUDANT RENE VALY,40000 MONT-DE-MARSAN
23 RUE ADJUDANT RENE VALY,40000 MONT-DE-MARSAN
21 RUE ADJUDANT RENE VALY,40000 MONT-DE-MARSAN
19 RUE ADJUDANT RENE VALY,40000 MONT-DE-MARSAN
17 RUE ADJUDANT RENE VALY,40000 MONT-DE-MARSAN
15 RUE ADJUDANT RENE VALY,40000 MONT-DE-MARSAN
13 RUE ADJUDANT RENE VALY,40000 MONT-DE-MARSAN
11 RUE ADJUDANT RENE VALY,40000 MONT-DE-MARSAN
9 RUE ADJUDANT RENE VALY,40000 MONT-DE-MARSAN
7 RUE ADJUDANT RENE VALY,40000 MONT-DE-MARSAN
5 RUE ADJUDANT RENE VALY,40000 MONT-DE-MARSAN
3 RUE ADJUDANT RENE VALY,40000 MONT-DE-MARSAN
1 RUE ADJUDANT RENE VALY,40000 MONT-DE-MARSAN
8 RUE CHEF ESCADRON SOULEGRES,40000 MONT-DE-MARSAN
6 RUE CHEF ESCADRON SOULEGRES,40000 MONT-DE-MARSAN
1 RUE PIERRE MEUILLET,40000 MONT-DE-MARSAN
4 RUE CHEF ESCADRON SOULEGRES,40000 MONT-DE-MARSAN
5 RUE CHEF ESCADRON SOULEGRES,40000 MONT-DE-MARSAN
38 RUE DU PEYROUAT,40000 MONT-DE-MARSAN
7 RUE CHEF ESCADRON SOULEGRES,40000 MONT-DE-MARSAN
9 RUE CHEF ESCADRON SOULEGRES,40000 MONT-DE-MARSAN
16 RUE GUTENBERG,40000 MONT-DE-MARSAN
14 RUE GUTENBERG,40000 MONT-DE-MARSAN
12 RUE GUTENBERG,40000 MONT-DE-MARSAN
10 RUE GUTENBERG,40000 MONT-DE-MARSAN
8 RUE GUTENBERG,40000 MONT-DE-MARSAN
6 RUE GUTENBERG,40000 MONT-DE-MARSAN
4 RUE GUTENBERG,40000 MONT-DE-MARSAN
2 RUE GUTENBERG,40000 MONT-DE-MARSAN
4 RUE HENRI DUNANT,40000 MONT-DE-MARSAN
2 RUE HENRI DUNANT,40000 MONT-DE-MARSAN
6 RUE HENRI DUNANT,40000 MONT-DE-MARSAN
8 RUE HENRI DUNANT,40000 MONT-DE-MARSAN
10 RUE HENRI DUNANT,40000 MONT-DE-MARSAN
5 RUE HENRI DUNANT,40000 MONT-DE-MARSAN
7 RUE HENRI DUNANT,40000 MONT-DE-MARSAN
13 RUE HENRI DUNANT,40000 MONT-DE-MARSAN
15 RUE HENRI DUNANT,40000 MONT-DE-MARSAN
17 RUE HENRI DUNANT,40000 MONT-DE-MARSAN
19 RUE HENRI DUNANT,40000 MONT-DE-MARSAN
21 RUE HENRI DUNANT,40000 MONT-DE-MARSAN
23 RUE HENRI DUNANT,40000 MONT-DE-MARSAN
25 RUE HENRI DUNANT,40000 MONT-DE-MARSAN
31 RUE HENRI DUNANT,40000 MONT-DE-MARSAN
33 RUE HENRI DUNANT,40000 MONT-DE-MARSAN
26 RUE HENRI DUNANT,40000 MONT-DE-MARSAN
24 RUE HENRI DUNANT,40000 MONT-DE-MARSAN
22 RUE HENRI DUNANT,40000 MONT-DE-MARSAN
20 RUE HENRI DUNANT,40000 MONT-DE-MARSAN
16 RUE HENRI DUNANT,40000 MONT-DE-MARSAN
14 RUE HENRI DUNANT,40000 MONT-DE-MARSAN
12 RUE HENRI DUNANT,40000 MONT-DE-MARSAN
1 RUE GUTENBERG,40000 MONT-DE-MARSAN
3 RUE GUTENBERG,40000 MONT-DE-MARSAN
5 RUE GUTENBERG,40000 MONT-DE-MARSAN
7 RUE GUTENBERG,40000 MONT-DE-MARSAN
13 RUE GUTENBERG,40000 MONT-DE-MARSAN
75 RUE GASTON DUPOUY,40000 MONT-DE-MARSAN
65 RUE GASTON DUPOUY,40000 MONT-DE-MARSAN
18 RUE GUTENBERG,40000 MONT-DE-MARSAN
11 RUE GASTON DUPOUY,40000 MONT-DE-MARSAN
5 RUE GASTON DUPOUY,40000 MONT-DE-MARSAN
1 RUE HENRI DUNANT,40000 MONT-DE-MARSAN
3 RUE HENRI DUNANT,40000 MONT-DE-MARSAN
9 RUE HENRI DUNANT,40000 MONT-DE-MARSAN
11 RUE HENRI DUNANT,40000 MONT-DE-MARSAN
27 RUE HENRI DUNANT,40000 MONT-DE-MARSAN
29 RUE HENRI DUNANT,40000 MONT-DE-MARSAN
28 RUE HENRI DUNANT,40000 MONT-DE-MARSAN
18 RUE HENRI DUNANT,40000 MONT-DE-MARSAN
9 RUE GUTENBERG,40000 MONT-DE-MARSAN
11 RUE GUTENBERG,40000 MONT-DE-MARSAN
39 RUE GASTON DUPOUY,40000 MONT-DE-MARSAN
29 RUE GASTON DUPOUY,40000 MONT-DE-MARSAN
1 ALLEE CAPITAINE MORET,40000 MONT-DE-MARSAN
3 ALLEE CAPITAINE MORET,40000 MONT-DE-MARSAN
5 ALLEE CAPITAINE MORET,40000 MONT-DE-MARSAN
6 ALLEE CAPITAINE MORET,40000 MONT-DE-MARSAN
4 ALLEE CAPITAINE MORET,40000 MONT-DE-MARSAN
2 ALLEE CAPITAINE MORET,40000 MONT-DE-MARSAN
1 ALLEE CAPITAINE LAFARGUE,40000 MONT-DE-MARSAN
3 ALLEE CAPITAINE LAFARGUE,40000 MONT-DE-MARSAN
5 ALLEE CAPITAINE LAFARGUE,40000 MONT-DE-MARSAN
7 ALLEE CAPITAINE LAFARGUE,40000 MONT-DE-MARSAN
9 ALLEE CAPITAINE LAFARGUE,40000 MONT-DE-MARSAN
11 ALLEE CAPITAINE LAFARGUE,40000 MONT-DE-MARSAN
6 ALLEE CAPITAINE LAFARGUE,40000 MONT-DE-MARSAN
3 ALLEE SERGENT RUY,40000 MONT-DE-MARSAN
5 ALLEE SERGENT RUY,40000 MONT-DE-MARSAN
6 ALLEE SERGENT RUY,40000 MONT-DE-MARSAN
4 ALLEE SERGENT RUY,40000 MONT-DE-MARSAN
2 ALLEE SERGENT RUY,40000 MONT-DE-MARSAN
1 ALLEE SERGENT RUY,40000 MONT-DE-MARSAN
4 ALLEE CAPITAINE LAFARGUE,40000 MONT-DE-MARSAN
2 ALLEE CAPITAINE LAFARGUE,40000 MONT-DE-MARSAN
1 ALLEE LIEUTENANT BILLERES,40000 MONT-DE-MARSAN
3 ALLEE LIEUTENANT BILLERES,40000 MONT-DE-MARSAN
5 ALLEE LIEUTENANT BILLERES,40000 MONT-DE-MARSAN
6 ALLEE LIEUTENANT BILLERES,40000 MONT-DE-MARSAN
4 ALLEE LIEUTENANT BILLERES,40000 MONT-DE-MARSAN
2 ALLEE LIEUTENANT BILLERES,40000 MONT-DE-MARSAN
1 ALLEE SERGENT BERDOT,40000 MONT-DE-MARSAN
3 ALLEE SERGENT BERDOT,40000 MONT-DE-MARSAN
5 ALLEE SERGENT BERDOT,40000 MONT-DE-MARSAN
7 ALLEE SERGENT BERDOT,40000 MONT-DE-MARSAN
8 ALLEE SERGENT BERDOT,40000 MONT-DE-MARSAN
6 ALLEE SERGENT BERDOT,40000 MONT-DE-MARSAN
4 ALLEE SERGENT BERDOT,40000 MONT-DE-MARSAN
2 ALLEE SERGENT BERDOT,40000 MONT-DE-MARSAN
1 ALLEE COLONEL ROBERT DELIN,40000 MONT-DE-MARSAN
3 ALLEE COLONEL ROBERT DELIN,40000 MONT-DE-MARSAN
5 ALLEE COLONEL ROBERT DELIN,40000 MONT-DE-MARSAN
7 ALLEE COLONEL ROBERT DELIN,40000 MONT-DE-MARSAN
6 ALLEE COLONEL ROBERT DELIN,40000 MONT-DE-MARSAN
4 ALLEE COLONEL ROBERT DELIN,40000 MONT-DE-MARSAN
2 ALLEE COLONEL ROBERT DELIN,40000 MONT-DE-MARSAN
1 ALLEE GENERAL VICTOR DENAIN,40000 MONT-DE-MARSAN
3 ALLEE GENERAL VICTOR DENAIN,40000 MONT-DE-MARSAN
5 ALLEE GENERAL VICTOR DENAIN,40000 MONT-DE-MARSAN
7 ALLEE GENERAL VICTOR DENAIN,40000 MONT-DE-MARSAN
8 ALLEE GENERAL VICTOR DENAIN,40000 MONT-DE-MARSAN
6 ALLEE GENERAL VICTOR DENAIN,40000 MONT-DE-MARSAN
4 ALLEE GENERAL VICTOR DENAIN,40000 MONT-DE-MARSAN
2 ALLEE GENERAL VICTOR DENAIN,40000 MONT-DE-MARSAN
1 ALLEE GENERAL DE PINS,40000 MONT-DE-MARSAN
3 ALLEE GENERAL DE PINS,40000 MONT-DE-MARSAN
5 ALLEE GENERAL DE PINS,40000 MONT-DE-MARSAN
8 ALLEE GENERAL DE PINS,40000 MONT-DE-MARSAN
6 ALLEE GENERAL DE PINS,40000 MONT-DE-MARSAN
4 ALLEE GENERAL DE PINS,40000 MONT-DE-MARSAN
2 ALLEE GENERAL DE PINS,40000 MONT-DE-MARSAN
1 ALLEE CAPTAINE RIVAYROL,40000 MONT-DE-MARSAN
3 ALLEE CAPTAINE RIVAYROL,40000 MONT-DE-MARSAN
5 ALLEE CAPTAINE RIVAYROL,40000 MONT-DE-MARSAN
7 ALLEE CAPTAINE RIVAYROL,40000 MONT-DE-MARSAN
6 ALLEE CAPTAINE RIVAYROL,40000 MONT-DE-MARSAN
4 ALLEE CAPTAINE RIVAYROL,40000 MONT-DE-MARSAN
2 ALLEE CAPTAINE RIVAYROL,40000 MONT-DE-MARSAN
1 ALLEE SERGENT BLANC,40000 MONT-DE-MARSAN
3 ALLEE SERGENT BLANC,40000 MONT-DE-MARSAN
5 ALLEE SERGENT BLANC,40000 MONT-DE-MARSAN
6 ALLEE SERGENT BLANC,40000 MONT-DE-MARSAN
4 ALLEE SERGENT BLANC,40000 MONT-DE-MARSAN
2 ALLEE SERGENT BLANC,40000 MONT-DE-MARSAN
65 RUE FERNAND CAZENAVE,40000 MONT-DE-MARSAN
63 RUE FERNAND CAZENAVE,40000 MONT-DE-MARSAN
73 RUE FERNAND CAZENAVE,40000 MONT-DE-MARSAN
71 RUE FERNAND CAZENAVE,40000 MONT-DE-MARSAN
52 RUE FERNAND CAZENAVE,40000 MONT-DE-MARSAN
56 RUE FERNAND CAZENAVE,40000 MONT-DE-MARSAN
76 RUE FERNAND CAZENAVE,40000 MONT-DE-MARSAN
80 RUE FERNAND CAZENAVE,40000 MONT-DE-MARSAN
98 RUE FERNAND CAZENAVE,40000 MONT-DE-MARSAN
105 RUE FERNAND CAZENAVE,40000 MONT-DE-MARSAN
102 RUE FERNAND CAZENAVE,40000 MONT-DE-MARSAN
128 RUE FERNAND CAZENAVE,40000 MONT-DE-MARSAN
130 RUE FERNAND CAZENAVE,40000 MONT-DE-MARSAN
166 RUE FERNAND CAZENAVE,40000 MONT-DE-MARSAN
172 RUE FERNAND CAZENAVE,40000 MONT-DE-MARSAN
SERVICES TECHNIQUES,40000 MONT-DE-MARSAN
175 RUE FERNAND CAZENAVE,40000 MONT-DE-MARSAN
173 RUE FERNAND CAZENAVE,40000 MONT-DE-MARSAN
157 RUE FERNAND CAZENAVE,40000 MONT-DE-MARSAN
127 RUE FERNAND CAZENAVE,40000 MONT-DE-MARSAN
36 RUE PIERRE HIQUET,40000 MONT-DE-MARSAN
40 RUE PIERRE HIQUET,40000 MONT-DE-MARSAN
42 RUE PIERRE HIQUET,40000 MONT-DE-MARSAN
44 RUE PIERRE HIQUET,40000 MONT-DE-MARSAN
46 RUE PIERRE HIQUET,40000 MONT-DE-MARSAN
76 RUE PIERRE HIQUET,40000 MONT-DE-MARSAN
82 RUE PIERRE HIQUET,40000 MONT-DE-MARSAN
149 RUE PIERRE HIQUET,40000 MONT-DE-MARSAN
145 RUE PIERRE HIQUET,40000 MONT-DE-MARSAN
139 RUE PIERRE HIQUET,40000 MONT-DE-MARSAN
119 RUE PIERRE HIQUET,40000 MONT-DE-MARSAN
115 RUE PIERRE HIQUET,40000 MONT-DE-MARSAN
101 RUE PIERRE HIQUET,40000 MONT-DE-MARSAN
97 RUE PIERRE HIQUET,40000 MONT-DE-MARSAN
87 RUE PIERRE HIQUET,40000 MONT-DE-MARSAN
85 RUE PIERRE HIQUET,40000 MONT-DE-MARSAN
67 RUE PIERRE HIQUET,40000 MONT-DE-MARSAN
63 RUE PIERRE HIQUET,40000 MONT-DE-MARSAN
59 RUE PIERRE HIQUET,40000 MONT-DE-MARSAN
57 RUE PIERRE HIQUET,40000 MONT-DE-MARSAN
39 RUE PIERRE HIQUET,40000 MONT-DE-MARSAN
37 RUE PIERRE HIQUET,40000 MONT-DE-MARSAN
33 RUE PIERRE HIQUET,40000 MONT-DE-MARSAN
29 RUE PIERRE HIQUET,40000 MONT-DE-MARSAN
17 RUE PIERRE HIQUET,40000 MONT-DE-MARSAN
15 RUE PIERRE HIQUET,40000 MONT-DE-MARSAN
11 RUE PIERRE HIQUET,40000 MONT-DE-MARSAN
32 RUE DU PEYROUAT,40000 MONT-DE-MARSAN
51 AVENUE PIERRE MEUILLET,40000 MONT-DE-MARSAN
61 AVENUE PIERRE MEUILLET,40000 MONT-DE-MARSAN
71 AVENUE PIERRE MEUILLET,40000 MONT-DE-MARSAN
81 AVENUE PIERRE MEUILLET,40000 MONT-DE-MARSAN
91 AVENUE PIERRE MEUILLET,40000 MONT-DE-MARSAN
111 AVENUE PIERRE MEUILLET,40000 MONT-DE-MARSAN
125 AVENUE PIERRE MEUILLET,40000 MONT-DE-MARSAN
141 AVENUE PIERRE MEUILLET,40000 MONT-DE-MARSAN
155 AVENUE PIERRE MEUILLET,40000 MONT-DE-MARSAN
7 IMPASSE ABBE DAUBA,40000 MONT-DE-MARSAN
19 IMPASSE ABBE DAUBA,40000 MONT-DE-MARSAN
31 IMPASSE ABBE DAUBA,40000 MONT-DE-MARSAN
43 IMPASSE ABBE DAUBA,40000 MONT-DE-MARSAN
162 RUE THOMAS DIAZ,40000 MONT-DE-MARSAN
150 RUE THOMAS DIAZ,40000 MONT-DE-MARSAN
138 RUE THOMAS DIAZ,40000 MONT-DE-MARSAN
126 RUE THOMAS DIAZ,40000 MONT-DE-MARSAN
104 RUE LOUIS BRAILLE,40000 MONT-DE-MARSAN
84 RUE LOUIS BRAILLE,40000 MONT-DE-MARSAN
80 RUE LOUIS BRAILLE,40000 MONT-DE-MARSAN
58 RUE LOUIS BRAILLE,40000 MONT-DE-MARSAN
54 RUE LOUIS BRAILLE,40000 MONT-DE-MARSAN
32 RUE LOUIS BRAILLE,40000 MONT-DE-MARSAN
28 RUE LOUIS BRAILLE,40000 MONT-DE-MARSAN
8 RUE LOUIS BRAILLE,40000 MONT-DE-MARSAN
203 RUE GASTON DUPOUY,40000 MONT-DE-MARSAN
207 RUE GASTON DUPOUY,40000 MONT-DE-MARSAN
229 RUE GASTON DUPOUY,40000 MONT-DE-MARSAN
3 RUE NEIL ARMSTRONG,40000 MONT-DE-MARSAN
2 RUE NEIL ARMSTRONG,40000 MONT-DE-MARSAN
23 RUE NEIL ARMSTRONG,40000 MONT-DE-MARSAN
24 RUE NEIL ARMSTRONG,40000 MONT-DE-MARSAN
27 RUE NEIL ARMSTRONG,40000 MONT-DE-MARSAN
28 RUE NEIL ARMSTRONG,40000 MONT-DE-MARSAN
51 RUE NEIL ARMSTRONG,40000 MONT-DE-MARSAN
50 RUE NEIL ARMSTRONG,40000 MONT-DE-MARSAN
55 RUE NEIL ARMSTRONG,40000 MONT-DE-MARSAN
60 RUE NEIL ARMSTRONG,40000 MONT-DE-MARSAN
77 RUE NEIL ARMSTRONG,40000 MONT-DE-MARSAN
82 RUE NEIL ARMSTRONG,40000 MONT-DE-MARSAN
89 RUE NEIL ARMSTRONG,40000 MONT-DE-MARSAN
144 RUE NEIL ARMSTRONG,40000 MONT-DE-MARSAN
143 RUE NEIL ARMSTRONG,40000 MONT-DE-MARSAN
166 RUE NEIL ARMSTRONG,40000 MONT-DE-MARSAN
165 RUE NEIL ARMSTRONG,40000 MONT-DE-MARSAN
169 RUE NEIL ARMSTRONG,40000 MONT-DE-MARSAN
181 RUE NEIL ARMSTRONG,40000 MONT-DE-MARSAN
28 IMPASSE NEIL ARMSTRONG,40000 MONT-DE-MARSAN
6 IMPASSE NEIL ARMSTRONG,40000 MONT-DE-MARSAN
199 RUE NEIL ARMSTRONG,40000 MONT-DE-MARSAN
203 RUE NEIL ARMSTRONG,40000 MONT-DE-MARSAN
210 RUE NEIL ARMSTRONG,40000 MONT-DE-MARSAN
225 RUE NEIL ARMSTRONG,40000 MONT-DE-MARSAN
214 RUE NEIL ARMSTRONG,40000 MONT-DE-MARSAN
229 RUE NEIL ARMSTRONG,40000 MONT-DE-MARSAN
236 RUE NEIL ARMSTRONG,40000 MONT-DE-MARSAN
251 RUE NEIL ARMSTRONG,40000 MONT-DE-MARSAN
242 RUE NEIL ARMSTRONG,40000 MONT-DE-MARSAN
255 RUE NEIL ARMSTRONG,40000 MONT-DE-MARSAN
262 RUE NEIL ARMSTRONG,40000 MONT-DE-MARSAN
275 RUE NEIL ARMSTRONG,40000 MONT-DE-MARSAN
276 RUE NEIL ARMSTRONG,40000 MONT-DE-MARSAN
297 RUE NEIL ARMSTRONG,40000 MONT-DE-MARSAN
296 RUE NEIL ARMSTRONG,40000 MONT-DE-MARSAN
301 RUE NEIL ARMSTRONG,40000 MONT-DE-MARSAN
302 RUE NEIL ARMSTRONG,40000 MONT-DE-MARSAN
325 RUE NEIL ARMSTRONG,40000 MONT-DE-MARSAN
324 RUE NEIL ARMSTRONG,40000 MONT-DE-MARSAN
4 AVENUE DE LA LAICITE,40000 MONT-DE-MARSAN
2 AVENUE DE LA LAICITE,40000 MONT-DE-MARSAN
6 AVENUE DE LA LAICITE,40000 MONT-DE-MARSAN
415 CHEMIN DE MENJOT,40000 MONT-DE-MARSAN
399 CHEMIN DE MENJOT,40000 MONT-DE-MARSAN
385 CHEMIN DE MENJOT,40000 MONT-DE-MARSAN
20 RUE DES BIENVENUS,40500 MONTGAILLARD
40 RUE DES BIENVENUS,40500 MONTGAILLARD
50 RUE DES BIENVENUS,40500 MONTGAILLARD
110 RUE DES BIENVENUS,40500 MONTGAILLARD
130 RUE DES BIENVENUS,40500 MONTGAILLARD
150 RUE DES BIENVENUS,40500 MONTGAILLARD
1 LA GRANDE SEGUE,40410 MANO
2 LA GRANDE SEGUE,40410 MANO
89 ROUTE DE ROQUEFORT,40120 MAILLERES
91 ROUTE DE ROQUEFORT,40120 MAILLERES
93 ROUTE DE ROQUEFORT,40120 MAILLERES
94 ROUTE DE ROQUEFORT,40120 MAILLERES
92 RUE DU STADE,40320 MIRAMONT-SENSACQ
96 RUE DU STADE,40320 MIRAMONT-SENSACQ
132 RUE DU STADE,40320 MIRAMONT-SENSACQ
136 RUE DU STADE,40320 MIRAMONT-SENSACQ
17 LOTISSEMENT DE HILLETTE,40250 MUGRON
16 LOTISSEMENT DE HILLETTE,40250 MUGRON
18 LOTISSEMENT DE HILLETTE,40250 MUGRON
19 LOTISSEMENT DE HILLETTE,40250 MUGRON
2 RUE DE LA CITE BARBUSSE,40110 MORCENX-LA-NOUVELLE
4 RUE CITE BARBUSSE,40110 MORCENX-LA-NOUVELLE
6 RUE CITE BARBUSSE,40110 MORCENX-LA-NOUVELLE
8 RUE CITE BARBUSSE,40110 MORCENX-LA-NOUVELLE
10 RUE CITE BARBUSSE,40110 MORCENX-LA-NOUVELLE
12 RUE CITE BARBUSSE,40110 MORCENX-LA-NOUVELLE
14 RUE CITE BARBUSSE,40110 MORCENX-LA-NOUVELLE
16 RUE CITE BARBUSSE,40110 MORCENX-LA-NOUVELLE
18 RUE CITE BARBUSSE,40110 MORCENX-LA-NOUVELLE
20 RUE CITE BARBUSSE,40110 MORCENX-LA-NOUVELLE
22 RUE CITE BARBUSSE,40110 MORCENX-LA-NOUVELLE
24 RUE CITE BARBUSSE,40110 MORCENX-LA-NOUVELLE
26 RUE CITE BARBUSSE,40110 MORCENX-LA-NOUVELLE
28 RUE CITE BARBUSSE,40110 MORCENX-LA-NOUVELLE
30 RUE CITE BARBUSSE,40110 MORCENX-LA-NOUVELLE
32 RUE CITE BARBUSSE,40110 MORCENX-LA-NOUVELLE
34 RUE CITE BARBUSSE,40110 MORCENX-LA-NOUVELLE
36 RUE CITE BARBUSSE,40110 MORCENX-LA-NOUVELLE
1 RUE CITE BARBUSSE,40110 MORCENX-LA-NOUVELLE
3 RUE CITE BARBUSSE,40110 MORCENX-LA-NOUVELLE
5 RUE CITE BARBUSSE,40110 MORCENX-LA-NOUVELLE
7 RUE CITE BARBUSSE,40110 MORCENX-LA-NOUVELLE
9 RUE CITE BARBUSSE,40110 MORCENX-LA-NOUVELLE
11 RUE CITE BARBUSSE,40110 MORCENX-LA-NOUVELLE
13 RUE CITE BARBUSSE,40110 MORCENX-LA-NOUVELLE
15 RUE CITE BARBUSSE,40110 MORCENX-LA-NOUVELLE
17 RUE CITE BARBUSSE,40110 MORCENX-LA-NOUVELLE
19 RUE CITE BARBUSSE,40110 MORCENX-LA-NOUVELLE
21 RUE CITE BARBUSSE,40110 MORCENX-LA-NOUVELLE
23 RUE CITE BARBUSSE,40110 MORCENX-LA-NOUVELLE
25 RUE DE LA CITE BARBUSSE,40110 MORCENX-LA-NOUVELLE
27 RUE DE LA CITE BARBUSSE,40110 MORCENX-LA-NOUVELLE
29 RUE DE LA CITE BARBUSSE,40110 MORCENX-LA-NOUVELLE
31 RUE DE LA CITE BARBUSSE,40110 MORCENX-LA-NOUVELLE
33 RUE DE LA CITE BARBUSSE,40110 MORCENX-LA-NOUVELLE
35 RUE DE LA CITE BARBUSSE,40110 MORCENX-LA-NOUVELLE
37 RUE DE LA CITE BARBUSSE,40110 MORCENX-LA-NOUVELLE
82 RUE DE LA CITE BARBUSSE,40110 MORCENX-LA-NOUVELLE
80 RUE DE LA CITE BARBUSSE,40110 MORCENX-LA-NOUVELLE
78 RUE DE LA CITE BARBUSSE,40110 MORCENX-LA-NOUVELLE
76 RUE DE LA CITE BARBUSSE,40110 MORCENX-LA-NOUVELLE
74 RUE DE LA CITE BARBUSSE,40110 MORCENX-LA-NOUVELLE
72 RUE DE LA CITE BARBUSSE,40110 MORCENX-LA-NOUVELLE
70 RUE DE LA CITE BARBUSSE,40110 MORCENX-LA-NOUVELLE
68 RUE DE LA CITE BARBUSSE,40110 MORCENX-LA-NOUVELLE
66 RUE DE LA CITE BARBUSSE,40110 MORCENX-LA-NOUVELLE
64 RUE DE LA CITE BARBUSSE,40110 MORCENX-LA-NOUVELLE
62 RUE DE LA CITE BARBUSSE,40110 MORCENX-LA-NOUVELLE
60 RUE DE LA CITE BARBUSSE,40110 MORCENX-LA-NOUVELLE
58 RUE DE LA CITE BARBUSSE,40110 MORCENX-LA-NOUVELLE
56 RUE DE LA CITE BARBUSSE,40110 MORCENX-LA-NOUVELLE
54 RUE DE LA CITE BARBUSSE,40110 MORCENX-LA-NOUVELLE
52 RUE DE LA CITE BARBUSSE,40110 MORCENX-LA-NOUVELLE
50 RUE DE LA CITE BARBUSSE,40110 MORCENX-LA-NOUVELLE
48 RUE DE LA CITE BARBUSSE,40110 MORCENX-LA-NOUVELLE
46 RUE DE LA CITE BARBUSSE,40110 MORCENX-LA-NOUVELLE
44 RUE DE LA CITE BARBUSSE,40110 MORCENX-LA-NOUVELLE
42 RUE DE LA CITE BARBUSSE,40110 MORCENX-LA-NOUVELLE
40 RUE DE LA CITE BARBUSSE,40110 MORCENX-LA-NOUVELLE
38 RUE DE LA CITE BARBUSSE,40110 MORCENX-LA-NOUVELLE
2 RUE DE LA CITE PERNAUTUC,40110 MORCENX-LA-NOUVELLE
4 RUE CITE PERNAUTUC,40110 MORCENX-LA-NOUVELLE
6 RUE CITE PERNAUTUC,40110 MORCENX-LA-NOUVELLE
8 RUE CITE PERNAUTUC,40110 MORCENX-LA-NOUVELLE
10 RUE CITE PERNAUTUC,40110 MORCENX-LA-NOUVELLE
12 RUE CITE PERNAUTUC,40110 MORCENX-LA-NOUVELLE
16 RUE CITE PERNAUTUC,40110 MORCENX-LA-NOUVELLE
18 RUE CITE PERNAUTUC,40110 MORCENX-LA-NOUVELLE
24 RUE CITE PERNAUTUC,40110 MORCENX-LA-NOUVELLE
26 RUE CITE PERNAUTUC,40110 MORCENX-LA-NOUVELLE
28 RUE CITE PERNAUTUC,40110 MORCENX-LA-NOUVELLE
30 CITE PERNAUTUC,40110 MORCENX-LA-NOUVELLE
32 RUE CITE PERNAUTUC,40110 MORCENX-LA-NOUVELLE
27 RUE CITE PERNAUTUC,40110 MORCENX-LA-NOUVELLE
25 RUE CITE PERNAUTUC,40110 MORCENX-LA-NOUVELLE
23 RUE CITE PERNAUTUC,40110 MORCENX-LA-NOUVELLE
21 RUE CITE PERNAUTUC,40110 MORCENX-LA-NOUVELLE
19 RUE CITE PERNAUTUC,40110 MORCENX-LA-NOUVELLE
17 RUE CITE PERNAUTUC,40110 MORCENX-LA-NOUVELLE
15 CITE PERNAUTUC,40110 MORCENX-LA-NOUVELLE
13 RUE CITE PERNAUTUC,40110 MORCENX-LA-NOUVELLE
11 RUE CITE PERNAUTUC,40110 MORCENX-LA-NOUVELLE
9 RUE CITE PERNAUTUC,40110 MORCENX-LA-NOUVELLE
7 RUE CITE PERNAUTUC,40110 MORCENX-LA-NOUVELLE
5 CITE PERNAUTUC,40110 MORCENX-LA-NOUVELLE
3 RUE CITE PERNAUTUC,40110 MORCENX-LA-NOUVELLE
1 RUE CITE PERNAUTUC,40110 MORCENX-LA-NOUVELLE
8 AVENUE JOFFRE,40110 MORCENX-LA-NOUVELLE
12 AVENUE JOFFRE,40110 MORCENX-LA-NOUVELLE
10 AVENUE JOFFRE,40110 MORCENX-LA-NOUVELLE
2 AVENUE JOFFRE,40110 MORCENX-LA-NOUVELLE
13 RUE DES VENTS,40110 MORCENX-LA-NOUVELLE
33 RUE DES DUNES,40110 MORCENX-LA-NOUVELLE
32 RUE DES DUNES,40110 MORCENX-LA-NOUVELLE
22 RUE DES OYATS,40110 MORCENX-LA-NOUVELLE
47 AVENUE GASTON NELSON,40110 MORCENX-LA-NOUVELLE
55 AVENUE GASTON NELSON,40110 MORCENX-LA-NOUVELLE
63 AVENUE GASTON NELSON,40110 MORCENX-LA-NOUVELLE
4 ROUTE DE GARROSSE,40110 MORCENX-LA-NOUVELLE
16 ROUTE DE GARROSSE,40110 MORCENX-LA-NOUVELLE
16 CHEMIN DE COMPAGNON,40110 MORCENX-LA-NOUVELLE
4 RUE DES PINSONS,40110 MORCENX-LA-NOUVELLE
12 RUE DES PINSONS,40110 MORCENX-LA-NOUVELLE
4 RUE DES MERLES,40110 MORCENX-LA-NOUVELLE
18 RUE DES MERLES,40110 MORCENX-LA-NOUVELLE
14 RUE DE L'OCEAN,40110 MORCENX-LA-NOUVELLE
21 RUE DES ECUREUILS,40110 MORCENX-LA-NOUVELLE
20 RUE DES SPORTS,40110 MORCENX-LA-NOUVELLE
57 AVENUE GASTON NELSON,40110 MORCENX-LA-NOUVELLE
59 AVENUE GASTON NELSON,40110 MORCENX-LA-NOUVELLE
12 RUE DE L'ETANG,40110 MORCENX-LA-NOUVELLE
6 ROUTE DE GARROSSE,40110 MORCENX-LA-NOUVELLE
26 ROUTE DE GARROSSE,40110 MORCENX-LA-NOUVELLE
1 IMPASSE DE L'ETANG,40110 MORCENX-LA-NOUVELLE
5 IMPASSE DE L'ETANG,40110 MORCENX-LA-NOUVELLE
7 IMPASSE DE L'ETANG,40110 MORCENX-LA-NOUVELLE
11 IMPASSE DE L'ETANG,40110 MORCENX-LA-NOUVELLE
13 IMPASSE DE L'ETANG,40110 MORCENX-LA-NOUVELLE
7 RUE DE L'ETANG,40110 MORCENX-LA-NOUVELLE
73 AVENUE GASTON NELSON,40110 MORCENX-LA-NOUVELLE
4 RUE DES BICHES,40110 MORCENX-LA-NOUVELLE
27 RUE DES ECUREUILS,40110 MORCENX-LA-NOUVELLE
17 RUE DE L'OCEAN,40110 MORCENX-LA-NOUVELLE
60 AVENUE JULES FERRY,40110 MORCENX-LA-NOUVELLE
58 AVENUE JULES FERRY,40110 MORCENX-LA-NOUVELLE
13 RUE DE L'OCEAN,40110 MORCENX-LA-NOUVELLE
56 AVENUE JULES FERRY,40110 MORCENX-LA-NOUVELLE
9 RUE DE L'OCEAN,40110 MORCENX-LA-NOUVELLE
46 AVENUE JULES FERRY,40110 MORCENX-LA-NOUVELLE
1 RUE DE L'OCEAN,40110 MORCENX-LA-NOUVELLE
3 RUE HUGUES,40110 MORCENX-LA-NOUVELLE
7 RUE HUGUES,40110 MORCENX-LA-NOUVELLE
2 RUE LUXEY BONNET,40110 MORCENX-LA-NOUVELLE
22 RUE PIERRE DE COUBERTIN,40110 MORCENX-LA-NOUVELLE
1 RUE LUXEY BONNET,40110 MORCENX-LA-NOUVELLE
10 RUE DES CHAMPS,40110 MORCENX-LA-NOUVELLE
3 RUE DES CHAMPS,40110 MORCENX-LA-NOUVELLE
22 RUE DE LA FORET,40110 MORCENX-LA-NOUVELLE
1 RUE DES PINS,40110 MORCENX-LA-NOUVELLE
14 CHEMIN DE COMPAGNON,40110 MORCENX-LA-NOUVELLE
1 RUE DES MERLES,40110 MORCENX-LA-NOUVELLE
3 RUE DES DUNES,40110 MORCENX-LA-NOUVELLE
29 RUE ISIDORE SALLES,40110 MORCENX-LA-NOUVELLE
4 RUE DES OYATS,40110 MORCENX-LA-NOUVELLE
18 ROUTE DE GARROSSE,40110 MORCENX-LA-NOUVELLE
20 ROUTE DE GARROSSE,40110 MORCENX-LA-NOUVELLE
9 IMPASSE DE L'ETANG,40110 MORCENX-LA-NOUVELLE
35 RUE DES ECUREUILS,40110 MORCENX-LA-NOUVELLE
18 RUE DES ECUREUILS,40110 MORCENX-LA-NOUVELLE
10 RUE DES ECUREUILS,40110 MORCENX-LA-NOUVELLE
7 RUE DE L'OCEAN,40110 MORCENX-LA-NOUVELLE
16 RUE DE L'OCEAN,40110 MORCENX-LA-NOUVELLE
8 RUE DE L'OCEAN,40110 MORCENX-LA-NOUVELLE
8 RUE DES SPORTS,40110 MORCENX-LA-NOUVELLE
24 RUE PIERRE DE COUBERTIN,40110 MORCENX-LA-NOUVELLE
10 RUE PIERRE DE COUBERTIN,40110 MORCENX-LA-NOUVELLE
8 RUE PIERRE DE COUBERTIN,40110 MORCENX-LA-NOUVELLE
2 IMPASSE DES CHAMPS,40110 MORCENX-LA-NOUVELLE
61 RUE ISIDORE SALLES,40110 MORCENX-LA-NOUVELLE
37 RUE DE LA FORET,40110 MORCENX-LA-NOUVELLE
8 IMPASSE DES MERLES,40110 MORCENX-LA-NOUVELLE
2 RUE DES MERLES,40110 MORCENX-LA-NOUVELLE
7 RUE DES GRIVES,40110 MORCENX-LA-NOUVELLE
1 RUE DES DUNES,40110 MORCENX-LA-NOUVELLE
28 RUE DES DUNES,40110 MORCENX-LA-NOUVELLE
6 RUE DES MERLES,40110 MORCENX-LA-NOUVELLE
2 RUE DES OYATS,40110 MORCENX-LA-NOUVELLE
14 RUE DE L'ETANG,40110 MORCENX-LA-NOUVELLE
5 RUE DE L'OCEAN,40110 MORCENX-LA-NOUVELLE
12 RUE DE L'OCEAN,40110 MORCENX-LA-NOUVELLE
21 RUE VICTOR DURUY,40110 MORCENX-LA-NOUVELLE
19 RUE VICTOR DURUY,40110 MORCENX-LA-NOUVELLE
8 RUE DES CHAMPS,40110 MORCENX-LA-NOUVELLE
30 RUE ANATOLE FRANCE,40110 MORCENX-LA-NOUVELLE
32 RUE ANATOLE FRANCE,40110 MORCENX-LA-NOUVELLE
22 RUE FREDERIC BASTIAT,40110 MORCENX-LA-NOUVELLE
24 RUE FREDERIC BASTIAT,40110 MORCENX-LA-NOUVELLE
8 PASSAGE JOFFRE,40110 MORCENX-LA-NOUVELLE
6 PASSAGE JOFFRE,40110 MORCENX-LA-NOUVELLE
4 PASSAGE JOFFRE,40110 MORCENX-LA-NOUVELLE
2 PASSAGE JOFFRE,40110 MORCENX-LA-NOUVELLE
4 RUE DES BOUVREUILS,40110 MORCENX-LA-NOUVELLE
2 CHEMIN DE GIRONSACQ,40110 MORCENX-LA-NOUVELLE
7 CHEMIN DE LA TUILERIE,40110 MORCENX-LA-NOUVELLE
9 A CHEMIN DE LA TUILERIE,40110 MORCENX-LA-NOUVELLE
9 BIS CHEMIN DE LA TUILERIE,40110 MORCENX-LA-NOUVELLE
11A CHEMIN DE LA TUILERIE,40110 MORCENX-LA-NOUVELLE
11 BIS CHEMIN DE LA TUILERIE,40110 MORCENX-LA-NOUVELLE
13A CHEMIN DE LA TUILERIE,40110 MORCENX-LA-NOUVELLE
13 BIS CHEMIN DE LA TUILERIE,40110 MORCENX-LA-NOUVELLE
15 A CHEMIN DE LA TUILERIE,40110 MORCENX-LA-NOUVELLE
15 BIS CHEMIN DE LA TUILERIE,40110 MORCENX-LA-NOUVELLE
35 RUE DES PAPILLONS,40110 MORCENX-LA-NOUVELLE
33 RUE DES PAPILLONS,40110 MORCENX-LA-NOUVELLE
31 RUE DES PAPILLONS,40110 MORCENX-LA-NOUVELLE
29 RUE DES PAPILLONS,40110 MORCENX-LA-NOUVELLE
27 RUE DES PAPILLONS,40110 MORCENX-LA-NOUVELLE
25 RUE DES PAPILLONS,40110 MORCENX-LA-NOUVELLE
23 RUE DES PAPILLONS,40110 MORCENX-LA-NOUVELLE
21 RUE DES PAPILLONS,40110 MORCENX-LA-NOUVELLE
19 RUE DES PAPILLONS,40110 MORCENX-LA-NOUVELLE
17 RUE DES PAPILLONS,40110 MORCENX-LA-NOUVELLE
15 RUE DES PAPILLONS,40110 MORCENX-LA-NOUVELLE
13 RUE DES PAPILLONS,40110 MORCENX-LA-NOUVELLE
11 RUE DES PAPILLONS,40110 MORCENX-LA-NOUVELLE
9 RUE DES PAPILLONS,40110 MORCENX-LA-NOUVELLE
7 RUE DES PAPILLONS,40110 MORCENX-LA-NOUVELLE
5 RUE DES PAPILLONS,40110 MORCENX-LA-NOUVELLE
3 RUE DES PAPILLONS,40110 MORCENX-LA-NOUVELLE
1 RUE DES PAPILLONS,40110 MORCENX-LA-NOUVELLE
2 RUE DES PAPILLONS,40110 MORCENX-LA-NOUVELLE
4 RUE DES PAPILLONS,40110 MORCENX-LA-NOUVELLE
6 RUE DES PAPILLONS,40110 MORCENX-LA-NOUVELLE
8 RUE DES PAPILLONS,40110 MORCENX-LA-NOUVELLE
25A AVENUE PASTEUR,40110 MORCENX-LA-NOUVELLE
25B AVENUE PASTEUR,40110 MORCENX-LA-NOUVELLE
25C AVENUE PASTEUR,40110 MORCENX-LA-NOUVELLE
27 AVENUE PASTEUR,40110 MORCENX-LA-NOUVELLE
1 PASSAGE JOFFRE,40110 MORCENX-LA-NOUVELLE
3 PASSAGE JOFFRE,40110 MORCENX-LA-NOUVELLE
5 PASSAGE JOFFRE,40110 MORCENX-LA-NOUVELLE
7 PASSAGE JOFFRE,40110 MORCENX-LA-NOUVELLE
9 PASSAGE JOFFRE,40110 MORCENX-LA-NOUVELLE
11 PASSAGE JOFFRE,40110 MORCENX-LA-NOUVELLE
13 PASSAGE JOFFRE,40110 MORCENX-LA-NOUVELLE
15 PASSAGE JOFFRE,40110 MORCENX-LA-NOUVELLE
17 PASSAGE JOFFRE,40110 MORCENX-LA-NOUVELLE
19 PASSAGE JOFFRE,40110 MORCENX-LA-NOUVELLE
21 PASSAGE JOFFRE,40110 MORCENX-LA-NOUVELLE
23 PASSAGE JOFFRE,40110 MORCENX-LA-NOUVELLE
2 RUE GISELE HALIMI,40110 MORCENX-LA-NOUVELLE
4 RUE GISELE HALIMI,40110 MORCENX-LA-NOUVELLE
6 RUE GISELE HALIMI,40110 MORCENX-LA-NOUVELLE
8 RUE GISELE HALIMI,40110 MORCENX-LA-NOUVELLE
10 RUE GISELE HALIMI,40110 MORCENX-LA-NOUVELLE
12 RUE GISELE HALIMI,40110 MORCENX-LA-NOUVELLE
14 RUE GISELE HALIMI,40110 MORCENX-LA-NOUVELLE
9 RUE GISELE HALIMI,40110 MORCENX-LA-NOUVELLE
7 RUE GISELE HALIMI,40110 MORCENX-LA-NOUVELLE
5 RUE GISELE HALIMI,40110 MORCENX-LA-NOUVELLE
3 RUE GISELE HALIMI,40110 MORCENX-LA-NOUVELLE
1 RUE GISELE HALIMI,40110 MORCENX-LA-NOUVELLE
26 IMPASSE DE PECE MAGRE,40410 MOUSTEY
32 IMPASSE DE PECE MAGRE,40410 MOUSTEY
42 IMPASSE DE PECE MAGRE,40410 MOUSTEY
84 IMPASSE DE PECE MAGRE,40410 MOUSTEY
90 IMPASSE DE PECE MAGRE,40410 MOUSTEY
102 IMPASSE DE PECE MAGRE,40410 MOUSTEY
103 IMPASSE DE PECE MAGRE,40410 MOUSTEY
89 IMPASSE DE PECE MAGRE,40410 MOUSTEY
67 IMPASSE DE PECE MAGRE,40410 MOUSTEY
65 IMPASSE DE PECE MAGRE,40410 MOUSTEY
540 AVENUE DE LA GARE,40410 MOUSTEY
552 AVENUE DE LA GARE,40410 MOUSTEY
584 AVENUE DE LA GARE,40410 MOUSTEY
604 AVENUE DE LA GARE,40410 MOUSTEY
624 AVENUE DE LA GARE,40410 MOUSTEY
17 IMPASSE DU COURRIA,40410 MOUSTEY
63 IMPASSE DU COURRIA,40410 MOUSTEY
111 IMPASSE DU COURRIA,40410 MOUSTEY
115 IMPASSE DU COURRIA,40410 MOUSTEY
117 IMPASSE DU COURRIA,40410 MOUSTEY
137 IMPASSE DU COURRIA,40410 MOUSTEY
106 IMPASSE DU COURRIA,40410 MOUSTEY
37 RUE BARADE,40410 MOUSTEY
73 RUE BARADE,40410 MOUSTEY
83 RUE BARADE,40410 MOUSTEY
82 RUE BARADE,40410 MOUSTEY
58 RUE BARADE,40410 MOUSTEY
20 RUE PAUL CEZANNE,40180 NARROSSE
18 RUE PAUL CEZANNE,40180 NARROSSE
16 RUE PAUL CEZANNE,40180 NARROSSE
14 RUE PAUL CEZANNE,40180 NARROSSE
12 RUE PAUL CEZANNE,40180 NARROSSE
10 RUE PAUL CEZANNE,40180 NARROSSE
2 RUE LOUIS JOUVET,40180 NARROSSE
4 RUE LOUIS JOUVET,40180 NARROSSE
7 RUE LOUIS PASTEUR,40180 NARROSSE
9 RUE LOUIS PASTEUR,40180 NARROSSE
11 RUE LOUIS PASTEUR,40180 NARROSSE
13 RUE LOUIS PASTEUR,40180 NARROSSE
1 RUE LOUIS JOUVET,40180 NARROSSE
3 RUE LOUIS JOUVET,40180 NARROSSE
5 RUE LOUIS JOUVET,40180 NARROSSE
6 RUE LOUIS JOUVET,40180 NARROSSE
7 RUE LOUIS JOUVET,40180 NARROSSE
8 RUE LOUIS JOUVET,40180 NARROSSE
9 RUE LOUIS JOUVET,40180 NARROSSE
10 RUE LOUIS JOUVET,40180 NARROSSE
11 RUE LOUIS JOUVET,40180 NARROSSE
12 RUE LOUIS JOUVET,40180 NARROSSE
9 RUE GABRIEL FAURE,40180 NARROSSE
11 RUE GABRIEL FAURE,40180 NARROSSE
13 RUE GABRIEL FAURE,40180 NARROSSE
15 RUE GABRIEL FAURE,40180 NARROSSE
17 RUE GABRIEL FAURE,40180 NARROSSE
25 RUE LOUIS PASTEUR,40180 NARROSSE
27 RUE LOUIS PASTEUR,40180 NARROSSE
29 RUE LOUIS PASTEUR,40180 NARROSSE
31 RUE LOUIS PASTEUR,40180 NARROSSE
2 RUE MARIE CURIE,40180 NARROSSE
4 RUE MARIE CURIE,40180 NARROSSE
6 RUE MARIE CURIE,40180 NARROSSE
8 RUE MARIE CURIE,40180 NARROSSE
10 RUE MARIE CURIE,40180 NARROSSE
26 RUE PAUL CEZANNE,40180 NARROSSE
28 RUE PAUL CEZANNE,40180 NARROSSE
30 RUE PAUL CEZANNE,40180 NARROSSE
32 RUE PAUL CEZANNE,40180 NARROSSE
13 RUE DU TREFLE,40180 NARROSSE
15 RUE DU TREFLE,40180 NARROSSE
17 RUE DU TREFLE,40180 NARROSSE
19 RUE DU TREFLE,40180 NARROSSE
21 RUE DU TREFLE,40180 NARROSSE
23 RUE DU TREFLE,40180 NARROSSE
25 RUE DU TREFLE,40180 NARROSSE
27 RUE DU TREFLE,40180 NARROSSE
30 RUE DU TREFLE,40180 NARROSSE
28 RUE DU TREFLE,40180 NARROSSE
26 RUE DU TREFLE,40180 NARROSSE
24 RUE DU TREFLE,40180 NARROSSE
20 RUE DU TREFLE,40180 NARROSSE
22 RUE DU TREFLE,40180 NARROSSE
18 RUE DU TREFLE,40180 NARROSSE
16 RUE DU TREFLE,40180 NARROSSE
14 RUE DU TREFLE,40180 NARROSSE
12 RUE DU TREFLE,40180 NARROSSE
10 RUE DU TREFLE,40180 NARROSSE
8 RUE DU TREFLE,40180 NARROSSE
22 RUE DU STADE,40180 NARROSSE
20 RUE DU STADE,40180 NARROSSE
18 RUE DU STADE,40180 NARROSSE
16 RUE DU STADE,40180 NARROSSE
14 RUE DU STADE,40180 NARROSSE
5 RUE DU STADE,40180 NARROSSE
7 RUE DU STADE,40180 NARROSSE
9 RUE DU STADE,40180 NARROSSE
11 RUE DU STADE,40180 NARROSSE
13 RUE DU STADE,40180 NARROSSE
15 RUE DU STADE,40180 NARROSSE
17 RUE DU STADE,40180 NARROSSE
56 ROUTE DE PUYOO,40290 OSSAGES
58 ROUTE DE PUYOO,40290 OSSAGES
1 RUE JACQUES BREL,40465 PONTONX-SUR-L'ADOUR
2 RUE JACQUES BREL,40465 PONTONX-SUR-L'ADOUR
3 RUE JACQUES BREL,40465 PONTONX-SUR-L'ADOUR
4 RUE JACQUES BREL,40465 PONTONX-SUR-L'ADOUR
5 RUE JACQUES BREL,40465 PONTONX-SUR-L'ADOUR
6 RUE JACQUES BREL,40465 PONTONX-SUR-L'ADOUR
7 RUE JACQUES BREL,40465 PONTONX-SUR-L'ADOUR
8 RUE JACQUES BREL,40465 PONTONX-SUR-L'ADOUR
9 RUE JACQUES BREL,40465 PONTONX-SUR-L'ADOUR
11 RUE JACQUES BREL,40465 PONTONX-SUR-L'ADOUR
12 RUE JACQUES BREL,40465 PONTONX-SUR-L'ADOUR
3 RUE MARCEL CALLEDE,40465 PONTONX-SUR-L'ADOUR
7 RUE MARCEL CALLEDE,40465 PONTONX-SUR-L'ADOUR
9 RUE MARCEL CALLEDE,40465 PONTONX-SUR-L'ADOUR
13 RUE MARCEL CALLEDE,40465 PONTONX-SUR-L'ADOUR
16 RUE MARCEL CALLEDE,40465 PONTONX-SUR-L'ADOUR
8 RUE MARCEL CALLEDE,40465 PONTONX-SUR-L'ADOUR
6 RUE MARCEL CALLEDE,40465 PONTONX-SUR-L'ADOUR
4 RUE MARCEL CALLEDE,40465 PONTONX-SUR-L'ADOUR
11 RUE MARCEL CALLEDE,40465 PONTONX-SUR-L'ADOUR
14 RUE MARCEL CALLEDE,40465 PONTONX-SUR-L'ADOUR
12 RUE MARCEL CALLEDE,40465 PONTONX-SUR-L'ADOUR
5 RUE GEORGES BRASSENS,40465 PONTONX-SUR-L'ADOUR
7 RUE GEORGES BRASSENS,40465 PONTONX-SUR-L'ADOUR
11 RUE GEORGES BRASSENS,40465 PONTONX-SUR-L'ADOUR
13 RUE GEORGES BRASSENS,40465 PONTONX-SUR-L'ADOUR
1 RUE LEO FERRE,40465 PONTONX-SUR-L'ADOUR
5 RUE LEO FERRE,40465 PONTONX-SUR-L'ADOUR
7 RUE LEO FERRE,40465 PONTONX-SUR-L'ADOUR
11 RUE LEO FERRE,40465 PONTONX-SUR-L'ADOUR
8 RUE GEORGES BRASSENS,40465 PONTONX-SUR-L'ADOUR
6 RUE GEORGES BRASSENS,40465 PONTONX-SUR-L'ADOUR
4 RUE GEORGES BRASSENS,40465 PONTONX-SUR-L'ADOUR
2 RUE GEORGES BRASSENS,40465 PONTONX-SUR-L'ADOUR
3 RUE JEAN BAPTISTE GABARRA,40465 PONTONX-SUR-L'ADOUR
5 RUE JEAN BAPTISTE GABARRA,40465 PONTONX-SUR-L'ADOUR
7 RUE JEAN BAPTISTE GABARRA,40465 PONTONX-SUR-L'ADOUR
11 RUE JEAN BAPTISTE GABARRA,40465 PONTONX-SUR-L'ADOUR
10 RUE JEAN BAPTISTE GABARRA,40465 PONTONX-SUR-L'ADOUR
8 RUE JEAN BAPTISTE GABARRA,40465 PONTONX-SUR-L'ADOUR
6 RUE JEAN BAPTISTE GABARRA,40465 PONTONX-SUR-L'ADOUR
4 RUE JEAN BAPTISTE GABARRA,40465 PONTONX-SUR-L'ADOUR
2 RUE JEAN BAPTISTE GABARRA,40465 PONTONX-SUR-L'ADOUR
8 RUE JEAN FELIX PEDEGERT,40465 PONTONX-SUR-L'ADOUR
6 RUE JEAN FELIX PEDEGERT,40465 PONTONX-SUR-L'ADOUR
4 RUE JEAN FELIX PEDEGERT,40465 PONTONX-SUR-L'ADOUR
2 RUE JEAN FELIX PEDEGERT,40465 PONTONX-SUR-L'ADOUR
2 RUE LEO FERRE,40465 PONTONX-SUR-L'ADOUR
4 RUE LEO FERRE,40465 PONTONX-SUR-L'ADOUR
6 RUE LEO FERRE,40465 PONTONX-SUR-L'ADOUR
10 RUE LEO FERRE,40465 PONTONX-SUR-L'ADOUR
12 RUE LEO FERRE,40465 PONTONX-SUR-L'ADOUR
4 IMPASSE GEORGES BIZET,40465 PONTONX-SUR-L'ADOUR
2 IMPASSE GEORGES BIZET,40465 PONTONX-SUR-L'ADOUR
5 IMPASSE HECTOR BERLIOZ,40465 PONTONX-SUR-L'ADOUR
8 IMPASSE HECTOR BERLIOZ,40465 PONTONX-SUR-L'ADOUR
6 IMPASSE HECTOR BERLIOZ,40465 PONTONX-SUR-L'ADOUR
1 IMPASSE GEORGES BIZET,40465 PONTONX-SUR-L'ADOUR
29 CITE RIBEYRE,40200 SAINT-PAUL-EN-BORN
29 BIS CITE RIBEYRE,40200 SAINT-PAUL-EN-BORN
30 CITE RIBEYRE,40200 SAINT-PAUL-EN-BORN
30 BIS CITE RIBEYRE,40200 SAINT-PAUL-EN-BORN
32 CITE RIBEYRE,40200 SAINT-PAUL-EN-BORN
32 BIS CITE RIBEYRE,40200 SAINT-PAUL-EN-BORN
112 RUE PETIT JEAN,40200 SAINT-PAUL-EN-BORN
108 RUE PETIT JEAN,40200 SAINT-PAUL-EN-BORN
104 RUE PETIT JEAN,40200 SAINT-PAUL-EN-BORN
114 RUE PETIT JEAN,40200 SAINT-PAUL-EN-BORN
110 RUE PETIT JEAN,40200 SAINT-PAUL-EN-BORN
106 RUE PETIT JEAN,40200 SAINT-PAUL-EN-BORN
52 RUE PETIT JEAN,40200 SAINT-PAUL-EN-BORN
70 RUE PETIT JEAN,40200 SAINT-PAUL-EN-BORN
84 RUE PETIT JEAN,40200 SAINT-PAUL-EN-BORN
2595 ROUTE DE HONTANX,40190 PERQUIE
32 PLACE CHARLES DE GAULLE,40200 PONTENX-LES-FORGES
34 PLACE CHARLES DE GAULLE,40200 PONTENX-LES-FORGES
36 PLACE CHARLES DE GAULLE,40200 PONTENX-LES-FORGES
38 PLACE CHARLES DE GAULLE,40200 PONTENX-LES-FORGES
44 PLACE CHARLES DE GAULLE,40200 PONTENX-LES-FORGES
42 PLACE CHARLES DE GAULLE,40200 PONTENX-LES-FORGES
40 PLACE CHARLES DE GAULLE,40200 PONTENX-LES-FORGES
233 RUE DU STADE,40410 PISSOS
251 RUE DU STADE,40410 PISSOS
257 RUE DU MOULIN NEUF,40410 PISSOS
333 RUE DU MOULIN NEUF,40410 PISSOS
284 RUE DU MOULIN NEUF,40410 PISSOS
268 RUE DU MOULIN NEUF,40410 PISSOS
1 RUE DU FORGERON,40410 PISSOS
15 RUE DU FORGERON,40410 PISSOS
41 RUE DU FORGERON,40410 PISSOS
51 RUE DU FORGERON,40410 PISSOS
62 RUE DU FORGERON,40410 PISSOS
52 RUE DU FORGERON,40410 PISSOS
26 RUE DU FORGERON,40410 PISSOS
12 RUE DU FORGERON,40410 PISSOS
196 RUE DU MOULIN NEUF,40410 PISSOS
180 RUE DU MOULIN NEUF,40410 PISSOS
250 RUE DU STADE,40410 PISSOS
236 RUE DU STADE,40410 PISSOS
332 RUE DU MOULIN NEUF,40410 PISSOS
342 RUE DU MOULIN NEUF,40410 PISSOS
390 RUE DU MOULIN NEUF,40410 PISSOS
400 RUE DU MOULIN NEUF,40410 PISSOS
18 PLACE DES METAYERS,40410 PISSOS
24 PLACE DES METAYERS,40410 PISSOS
42 PLACE DES METAYERS,40410 PISSOS
52 PLACE DES METAYERS,40410 PISSOS
60 PLACE DES METAYERS,40410 PISSOS
68 PLACE DES METAYERS,40410 PISSOS
74 PLACE DES METAYERS,40410 PISSOS
78 PLACE DES METAYERS,40410 PISSOS
458 RUE DU MOULIN NEUF,40410 PISSOS
470 RUE DU MOULIN NEUF,40410 PISSOS
492 RUE DU MOULIN NEUF,40410 PISSOS
532 RUE DU MOULIN NEUF,40410 PISSOS
542 RUE DU MOULIN NEUF,40410 PISSOS
552 RUE DU MOULIN NEUF,40410 PISSOS
1 ALLEE DE MENATE,40410 PISSOS
3 ALLEE DE MENATE,40410 PISSOS
5 ALLEE DE MENATE,40410 PISSOS
7 ALLEE DE MENATE,40410 PISSOS
9 ALLEE DE MENATE,40410 PISSOS
8 ALLEE DE MENATE,40410 PISSOS
6 ALLEE DE MENATE,40410 PISSOS
138 ROUTE DE BORDEAUX,40410 PISSOS
136 ROUTE DE BORDEAUX,40410 PISSOS
161 RUE DE L'HUILERIE,40410 PISSOS
137 RUE DE L'HUILERIE,40410 PISSOS
115 RUE DE L'HUILERIE,40410 PISSOS
91 RUE DE L'HUILERIE,40410 PISSOS
71 RUE DE L'HUILERIE,40410 PISSOS
15 PLACE DES GEMMEURS,40410 PISSOS
25 PLACE DES GEMMEURS,40410 PISSOS
35 PLACE DES GEMMEURS,40410 PISSOS
45 PLACE DES GEMMEURS,40410 PISSOS
55 PLACE DES GEMMEURS,40410 PISSOS
65 PLACE DES GEMMEURS,40410 PISSOS
75 PLACE DES GEMMEURS,40410 PISSOS
85 PLACE DES GEMMEURS,40410 PISSOS
147 ROUTE DE BORDEAUX,40410 PISSOS
149 ROUTE DE BORDEAUX,40410 PISSOS
151 ROUTE DE BORDEAUX,40410 PISSOS
153 ROUTE DE BORDEAUX,40410 PISSOS
155 ROUTE DE BORDEAUX,40410 PISSOS
157 ROUTE DE BORDEAUX,40410 PISSOS
159 ROUTE DE BORDEAUX,40410 PISSOS
161 ROUTE DE BORDEAUX,40410 PISSOS
1 RUE DE LA FORET,40350 POUILLON
3 RUE DE LA FORET,40350 POUILLON
8 RUE DE LA FORET,40350 POUILLON
9 RUE DE LA FORET,40350 POUILLON
11 RUE DE LA FORET,40350 POUILLON
7 IMPASSE DE LA GARENNE,40350 POUILLON
9 IMPASSE DE LA GARENNE,40350 POUILLON
35 IMPASSE DES ACACIAS,40350 POUILLON
20 IMPASSE DES ACACIAS,40350 POUILLON
360 RUE DES SABOTIERS,40280 SAINT-PIERRE-DU-MONT
362 RUE DES SABOTIERS,40280 SAINT-PIERRE-DU-MONT
386 RUE DES SABOTIERS,40280 SAINT-PIERRE-DU-MONT
390 RUE DES SABOTIERS,40280 SAINT-PIERRE-DU-MONT
404 RUE DES SABOTIERS,40280 SAINT-PIERRE-DU-MONT
426 RUE DES SABOTIERS,40280 SAINT-PIERRE-DU-MONT
430 RUE DES SABOTIERS,40280 SAINT-PIERRE-DU-MONT
448 RUE DES SABOTIERS,40280 SAINT-PIERRE-DU-MONT
452 RUE DES SABOTIERS,40280 SAINT-PIERRE-DU-MONT
470 RUE DES SABOTIERS,40280 SAINT-PIERRE-DU-MONT
482 RUE DES SABOTIERS,40280 SAINT-PIERRE-DU-MONT
486 RUE DES SABOTIERS,40280 SAINT-PIERRE-DU-MONT
502 RUE DES SABOTIERS,40280 SAINT-PIERRE-DU-MONT
506 RUE DES SABOTIERS,40280 SAINT-PIERRE-DU-MONT
51 RUE DES SABOTIERS,40280 SAINT-PIERRE-DU-MONT
33 RUE DES SABOTIERS,40280 SAINT-PIERRE-DU-MONT
22 RUE DES SABOTIERS,40280 SAINT-PIERRE-DU-MONT
19 RUE DES SABOTIERS,40280 SAINT-PIERRE-DU-MONT
24 RUE DES SABOTIERS,40280 SAINT-PIERRE-DU-MONT
28 RUE DES SABOTIERS,40280 SAINT-PIERRE-DU-MONT
80 RUE DES SABOTIERS,40280 SAINT-PIERRE-DU-MONT
76 RUE DES SABOTIERS,40280 SAINT-PIERRE-DU-MONT
92 RUE DES SABOTIERS,40280 SAINT-PIERRE-DU-MONT
96 RUE DES SABOTIERS,40280 SAINT-PIERRE-DU-MONT
108 RUE DES SABOTIERS,40280 SAINT-PIERRE-DU-MONT
86 RUE DES SABOTIERS,40280 SAINT-PIERRE-DU-MONT
82 RUE DES SABOTIERS,40280 SAINT-PIERRE-DU-MONT
117 RUE DES SABOTIERS,40280 SAINT-PIERRE-DU-MONT
107 RUE DES SABOTIERS,40280 SAINT-PIERRE-DU-MONT
103 RUE DES SABOTIERS,40280 SAINT-PIERRE-DU-MONT
91 RUE DES SABOTIERS,40280 SAINT-PIERRE-DU-MONT
73 RUE DES SABOTIERS,40280 SAINT-PIERRE-DU-MONT
69 RUE DES SABOTIERS,40280 SAINT-PIERRE-DU-MONT
59 RUE DES SABOTIERS,40280 SAINT-PIERRE-DU-MONT
53 RUE DES SABOTIERS,40280 SAINT-PIERRE-DU-MONT
493 RUE DES SABOTIERS,40280 SAINT-PIERRE-DU-MONT
435 RUE DES SABOTIERS,40280 SAINT-PIERRE-DU-MONT
319 RUE DES SABOTIERS,40280 SAINT-PIERRE-DU-MONT
315 RUE DES SABOTIERS,40280 SAINT-PIERRE-DU-MONT
291 RUE DES SABOTIERS,40280 SAINT-PIERRE-DU-MONT
287 RUE DES SABOTIERS,40280 SAINT-PIERRE-DU-MONT
275 RUE DES SABOTIERS,40280 SAINT-PIERRE-DU-MONT
247 RUE DES SABOTIERS,40280 SAINT-PIERRE-DU-MONT
231 RUE DES SABOTIERS,40280 SAINT-PIERRE-DU-MONT
322 RUE DES SABOTIERS,40280 SAINT-PIERRE-DU-MONT
17 RUE DES APICULTEURS,40280 SAINT-PIERRE-DU-MONT
95 RUE DES APICULTEURS,40280 SAINT-PIERRE-DU-MONT
274 RUE DES SABOTIERS,40280 SAINT-PIERRE-DU-MONT
65 RUE DES APICULTEURS,40280 SAINT-PIERRE-DU-MONT
329 RUE DES APICULTEURS,40280 SAINT-PIERRE-DU-MONT
215 RUE DES APICULTEURS,40280 SAINT-PIERRE-DU-MONT
23 RUE MARTET,40280 SAINT-PIERRE-DU-MONT
25 RUE MARTET,40280 SAINT-PIERRE-DU-MONT
19 RUE MARTET,40280 SAINT-PIERRE-DU-MONT
21 RUE MARTET,40280 SAINT-PIERRE-DU-MONT
15 RUE MARTET,40280 SAINT-PIERRE-DU-MONT
17 RUE MARTET,40280 SAINT-PIERRE-DU-MONT
77 RUE MARTET,40280 SAINT-PIERRE-DU-MONT
81 RUE MARTET,40280 SAINT-PIERRE-DU-MONT
95 RUE MARTET,40280 SAINT-PIERRE-DU-MONT
113 RUE MARTET,40280 SAINT-PIERRE-DU-MONT
117 RUE MARTET,40280 SAINT-PIERRE-DU-MONT
129 RUE MARTET,40280 SAINT-PIERRE-DU-MONT
133 RUE MARTET,40280 SAINT-PIERRE-DU-MONT
141 RUE MARTET,40280 SAINT-PIERRE-DU-MONT
145 RUE MARTET,40280 SAINT-PIERRE-DU-MONT
167 RUE MARTET,40280 SAINT-PIERRE-DU-MONT
171 RUE MARTET,40280 SAINT-PIERRE-DU-MONT
191 RUE MARTET,40280 SAINT-PIERRE-DU-MONT
195 RUE MARTET,40280 SAINT-PIERRE-DU-MONT
215 RUE MARTET,40280 SAINT-PIERRE-DU-MONT
219 RUE MARTET,40280 SAINT-PIERRE-DU-MONT
233 RUE MARTET,40280 SAINT-PIERRE-DU-MONT
237 RUE MARTET,40280 SAINT-PIERRE-DU-MONT
261 RUE MARTET,40280 SAINT-PIERRE-DU-MONT
265 RUE MARTET,40280 SAINT-PIERRE-DU-MONT
283 RUE MARTET,40280 SAINT-PIERRE-DU-MONT
299 RUE MARTET,40280 SAINT-PIERRE-DU-MONT
303 RUE MARTET,40280 SAINT-PIERRE-DU-MONT
325 RUE MARTET,40280 SAINT-PIERRE-DU-MONT
329 RUE MARTET,40280 SAINT-PIERRE-DU-MONT
353 RUE MARTET,40280 SAINT-PIERRE-DU-MONT
357 RUE MARTET,40280 SAINT-PIERRE-DU-MONT
274 RUE MARTET,40280 SAINT-PIERRE-DU-MONT
270 RUE MARTET,40280 SAINT-PIERRE-DU-MONT
250 RUE MARTET,40280 SAINT-PIERRE-DU-MONT
246 RUE MARTET,40280 SAINT-PIERRE-DU-MONT
168 RUE MARTET,40280 SAINT-PIERRE-DU-MONT
164 RUE MARTET,40280 SAINT-PIERRE-DU-MONT
144 RUE MARTET,40280 SAINT-PIERRE-DU-MONT
140 RUE MARTET,40280 SAINT-PIERRE-DU-MONT
47 IMPASSE MIREILLE LAUZE,40280 SAINT-PIERRE-DU-MONT
41 IMPASSE MIREILLE LAUZE,40280 SAINT-PIERRE-DU-MONT
35 IMPASSE MIREILLE LAUZE,40280 SAINT-PIERRE-DU-MONT
29 IMPASSE MIREILLE LAUZE,40280 SAINT-PIERRE-DU-MONT
23 IMPASSE MIREILLE LAUZE,40280 SAINT-PIERRE-DU-MONT
17 IMPASSE MIREILLE LAUZE,40280 SAINT-PIERRE-DU-MONT
11 IMPASSE MIREILLE LAUZE,40280 SAINT-PIERRE-DU-MONT
75 IMPASSE MIREILLE LAUZE,40280 SAINT-PIERRE-DU-MONT
79 IMPASSE MIREILLE LAUZE,40280 SAINT-PIERRE-DU-MONT
85 IMPASSE MIREILLE LAUZE,40280 SAINT-PIERRE-DU-MONT
95 IMPASSE MIREILLE LAUZE,40280 SAINT-PIERRE-DU-MONT
99 IMPASSE MIREILLE LAUZE,40280 SAINT-PIERRE-DU-MONT
103 IMPASSE MIREILLE LAUZE,40280 SAINT-PIERRE-DU-MONT
82 IMPASSE MIREILLE LAUZE,40280 SAINT-PIERRE-DU-MONT
90 IMPASSE MIREILLE LAUZE,40280 SAINT-PIERRE-DU-MONT
98 IMPASSE MIREILLE LAUZE,40280 SAINT-PIERRE-DU-MONT
104 IMPASSE MIREILLE LAUZE,40280 SAINT-PIERRE-DU-MONT
93 AVENUE DES ARENES,40090 SAINT-PERDON
95 AVENUE DES ARENES,40090 SAINT-PERDON
97 AVENUE DES ARENES,40090 SAINT-PERDON
99 AVENUE DES ARENES,40090 SAINT-PERDON
101 AVENUE DES ARENES,40090 SAINT-PERDON
103 AVENUE DES ARENES,40090 SAINT-PERDON
85 AVENUE DES ARENES,40090 SAINT-PERDON
89 AVENUE DES ARENES,40090 SAINT-PERDON
87 AVENUE DES ARENES,40090 SAINT-PERDON
91 AVENUE DES ARENES,40090 SAINT-PERDON
267 AVENUE ADOUR ET CHALOSSE,40380 POYANNE
265 AVENUE ADOUR ET CHALOSSE,40380 POYANNE
9 RUE JEAN MOULIN,40160 PARENTIS-EN-BORN
19 RUE JEAN MOULIN,40160 PARENTIS-EN-BORN
45 RUE JEAN MOULIN,40160 PARENTIS-EN-BORN
55 RUE JEAN MOULIN,40160 PARENTIS-EN-BORN
90 RUE PIERRE BROSSOLETTE,40160 PARENTIS-EN-BORN
82 RUE PIERRE BROSSOLETTE,40160 PARENTIS-EN-BORN
76 RUE PIERRE BROSSOLETTE,40160 PARENTIS-EN-BORN
68 RUE PIERRE BROSSOLETTE,40160 PARENTIS-EN-BORN
52 RUE PIERRE BROSSOLETTE,40160 PARENTIS-EN-BORN
44 RUE PIERRE BROSSOLETTE,40160 PARENTIS-EN-BORN
40 RUE PIERRE BROSSOLETTE,40160 PARENTIS-EN-BORN
30 RUE PIERRE BROSSOLETTE,40160 PARENTIS-EN-BORN
77 RUE JEAN MOULIN,40160 PARENTIS-EN-BORN
85 RUE JEAN MOULIN,40160 PARENTIS-EN-BORN
80 RUE JEAN MOULIN,40160 PARENTIS-EN-BORN
72 RUE JEAN MOULIN,40160 PARENTIS-EN-BORN
54 RUE JEAN MOULIN,40160 PARENTIS-EN-BORN
46 RUE JEAN MOULIN,40160 PARENTIS-EN-BORN
18 RUE JEAN MOULIN,40160 PARENTIS-EN-BORN
10 RUE JEAN MOULIN,40160 PARENTIS-EN-BORN
152 RUE DES DROITS DE L'HOMME,40160 PARENTIS-EN-BORN
144 RUE DES DROITS DE L'HOMME,40160 PARENTIS-EN-BORN
126 RUE DES DROITS DE L'HOMME,40160 PARENTIS-EN-BORN
98 RUE DES DROITS DE L'HOMME,40160 PARENTIS-EN-BORN
90 RUE DES DROITS DE L'HOMME,40160 PARENTIS-EN-BORN
208 RUE DES DROITS DE L'HOMME,40160 PARENTIS-EN-BORN
198 RUE DES DROITS DE L'HOMME,40160 PARENTIS-EN-BORN
182 RUE DES DROITS DE L'HOMME,40160 PARENTIS-EN-BORN
164 RUE DES DROITS DE L'HOMME,40160 PARENTIS-EN-BORN
154 RUE DES DROITS DE L'HOMME,40160 PARENTIS-EN-BORN
9 RUE DU QUAI,40160 PARENTIS-EN-BORN
19 RUE DU QUAI,40160 PARENTIS-EN-BORN
31 RUE DU QUAI,40160 PARENTIS-EN-BORN
91 RUE DU QUAI,40160 PARENTIS-EN-BORN
67 RUE DU QUAI,40160 PARENTIS-EN-BORN
75 RUE DU QUAI,40160 PARENTIS-EN-BORN
189 VENUE DE LA GARE,40160 PARENTIS-EN-BORN
201 AVENUE DE LA GARE,40160 PARENTIS-EN-BORN
177 AVENUE DE LA GARE,40160 PARENTIS-EN-BORN
155 AVENUE DE LA GARE,40160 PARENTIS-EN-BORN
169 AVENUE DE LA GARE,40160 PARENTIS-EN-BORN
143 AVENUE DE LA GARE,40160 PARENTIS-EN-BORN
141 AVENUE DE LA GARE,40160 PARENTIS-EN-BORN
20 RUE DU QUAI,40160 PARENTIS-EN-BORN
34 RUE DU QUAI,40160 PARENTIS-EN-BORN
46 RUE DU QUAI,40160 PARENTIS-EN-BORN
51 RUE DU QUAI,40160 PARENTIS-EN-BORN
43 ALLEE DES PAQUERETTES,40120 POUYDESSEAUX
44 ALLEE DES PAQUERETTES,40120 POUYDESSEAUX
46 ALLEE DES PAQUERETTES,40120 POUYDESSEAUX
42 ALLEE DES PAQUERETTES,40120 POUYDESSEAUX
40 ALLEE DES PAQUERETTES,40120 POUYDESSEAUX
200 CHEMIN DE TREYTIN,40120 POUYDESSEAUX
202 CHEMIN DE TREYTIN,40120 POUYDESSEAUX
204 CHEMIN DE TREYTIN,40120 POUYDESSEAUX
206 CHEMIN DE TREYTIN,40120 POUYDESSEAUX
4A AVENUE DU MARSAN,40120 POUYDESSEAUX
4B AVENUE DU MARSAN,40120 POUYDESSEAUX
4C AVENUE DU MARSAN,40120 POUYDESSEAUX
4D AVENUE DU MARSAN,40120 POUYDESSEAUX
4E AVENUE DU MARSAN,40120 POUYDESSEAUX
75 CHEMIN DE LA FONTAINE DU DET,40700 POUDENX
85 CHEMIN DE LA FONTAINE DU DET,40700 POUDENX
80 CHEMIN DE LA FONTAINE DU DET,40700 POUDENX
70 CHEMIN DE LA FONTAINE DU DET,40700 POUDENX
166 RUE DE L'ARRIOU,40300 PEYREHORADE
182 RUE DE L'ARRIOU,40300 PEYREHORADE
208 RUE DE L'ARRIOU,40300 PEYREHORADE
16 RUE DES SAUGES,40300 PEYREHORADE
24 RUE DES SAUGES,40300 PEYREHORADE
36 RUE DES SAUGES,40300 PEYREHORADE
82 RUE DES SAUGES,40300 PEYREHORADE
88 RUE DES SAUGES,40300 PEYREHORADE
100 RUE DES SAUGES,40300 PEYREHORADE
108 RUE DES SAUGES,40300 PEYREHORADE
132 RUE DES SAUGES,40300 PEYREHORADE
140 RUE DES SAUGES,40300 PEYREHORADE
154 RUE DES SAUGES,40300 PEYREHORADE
164 RUE DES SAUGES,40300 PEYREHORADE
170 RUE DES SAUGES,40300 PEYREHORADE
178 RUE DES SAUGES,40300 PEYREHORADE
190 RUE DES SAUGES,40300 PEYREHORADE
242 RUE DE L'ARRIOU,40300 PEYREHORADE
220 RUE DES SAUGES,40300 PEYREHORADE
44 RUE DES IRIS,40300 PEYREHORADE
64 RUE DES IRIS,40300 PEYREHORADE
68 RUE DES IRIS,40300 PEYREHORADE
76 RUE DES IRIS,40300 PEYREHORADE
86 RUE DES IRIS,40300 PEYREHORADE
90 RUE DES IRIS,40300 PEYREHORADE
96 RUE DES IRIS,40300 PEYREHORADE
110 RUE DES IRIS,40300 PEYREHORADE
120 RUE DES IRIS,40300 PEYREHORADE
130 RUE DES IRIS,40300 PEYREHORADE
140 RUE DES IRIS,40300 PEYREHORADE
150 RUE DES IRIS,40300 PEYREHORADE
160 RUE DES IRIS,40300 PEYREHORADE
118 RUE DES ROSIERS,40300 PEYREHORADE
126 RUE DES ROSIERS,40300 PEYREHORADE
140 RUE DES ROSIERS,40300 PEYREHORADE
148 RUE DES ROSIERS,40300 PEYREHORADE
156 RUE DES ROSIERS,40300 PEYREHORADE
160 RUE DES ROSIERS,40300 PEYREHORADE
170 RUE DES ROSIERS,40300 PEYREHORADE
178 RUE DES ROSIERS,40300 PEYREHORADE
186 RUE DES ROSIERS,40300 PEYREHORADE
204 RUE DES ROSIERS,40300 PEYREHORADE
212 RUE DES ROSIERS,40300 PEYREHORADE
220 RUE DES ROSIERS,40300 PEYREHORADE
152 IMPASSE HALIHA,40300 PEYREHORADE
146 IMPASSE HALIHA,40300 PEYREHORADE
142 IMPASSE HALIHA,40300 PEYREHORADE
109 IMPASSE HALIHA,40300 PEYREHORADE
103 IMPASSE HALIHA,40300 PEYREHORADE
100 IMPASSE HALIHA,40300 PEYREHORADE
92 IMPASSE HALIHA,40300 PEYREHORADE
88 IMPASSE HALIHA,40300 PEYREHORADE
78 IMPASSE HALIHA,40300 PEYREHORADE
72 IMPASSE HALIHA,40300 PEYREHORADE
62 IMPASSE HALIHA,40300 PEYREHORADE
56 IMPASSE HALIHA,40300 PEYREHORADE
30 IMPASSE HALIHA,40300 PEYREHORADE
24 IMPASSE HALIHA,40300 PEYREHORADE
14 IMPASSE HALIHA,40300 PEYREHORADE
8 IMPASSE HALIHA,40300 PEYREHORADE
110 ALLEE DES MOULIOTS,40300 PEYREHORADE
100 ALLEE DES MOULIOTS,40300 PEYREHORADE
90 ALLEE DES MOULIOTS,40300 PEYREHORADE
80 ALLEE DES MOULIOTS,40300 PEYREHORADE
60 ALLEE DES MOULIOTS,40300 PEYREHORADE
50 ALLEE DES MOULIOTS,40300 PEYREHORADE
40 ALLEE DES MOULIOTS,40300 PEYREHORADE
30 ALLEE DES MOULIOTS,40300 PEYREHORADE
21 ALLEE DES MOULIOTS,40300 PEYREHORADE
ALLEE DES MOULIOTS,40300 PEYREHORADE
5 ALLEE DES MOULIOTS,40300 PEYREHORADE
544 ALLEE TACHOIRES,40300 PEYREHORADE
558 ALLEE TACHOIRES,40300 PEYREHORADE
157 RUE DES ERABLES,40300 PEYREHORADE
135 RUE DES ERABLES,40300 PEYREHORADE
117 RUE DES ERABLES,40300 PEYREHORADE
97 RUE DES ERABLES,40300 PEYREHORADE
100 RUE DES ERABLES,40300 PEYREHORADE
120 RUE DES ERABLES,40300 PEYREHORADE
142 RUE DES ERABLES,40300 PEYREHORADE
160 RUE DES ERABLES,40300 PEYREHORADE
20 IMPASSE DES KIWIS,40300 PEYREHORADE
30 IMPASSE DES KIWIS,40300 PEYREHORADE
40 IMPASSE DES KIWIS,40300 PEYREHORADE
60 IMPASSE DES KIWIS,40300 PEYREHORADE
70 IMPASSE DES KIWIS,40300 PEYREHORADE
80 IMPASSE DES KIWIS,40300 PEYREHORADE
100 IMPASSE DES KIWIS,40300 PEYREHORADE
110 IMPASSE DES KIWIS,40300 PEYREHORADE
120 IMPASSE DES KIWIS,40300 PEYREHORADE
140 IMPASSE DES KIWIS,40300 PEYREHORADE
150 IMPASSE DES KIWIS,40300 PEYREHORADE
170 IMPASSE DES KIWIS,40300 PEYREHORADE
180 IMPASSE DES KIWIS,40300 PEYREHORADE
190 IMPASSE DES KIWIS,40300 PEYREHORADE
200 IMPASSE DES KIWIS,40300 PEYREHORADE
160 PLACE DES RESIDENCES,40300 PEYREHORADE
150 PLACE DES RESIDENCES,40300 PEYREHORADE
116 RUE DES SAUGES,40300 PEYREHORADE
16 RUE LASSERRE,40360 POMAREZ
14 RUE LASSERRE,40360 POMAREZ
38 RUE LASSERRE,40360 POMAREZ
36 RUE LASSERRE,40360 POMAREZ
56 RUE LASSERRE,40360 POMAREZ
54 RUE LASSERRE,40360 POMAREZ
78 RUE LASSERRE,40360 POMAREZ
76 RUE LASSERRE,40360 POMAREZ
98 RUE LASSERRE,40360 POMAREZ
96 RUE LASSERRE,40360 POMAREZ
136 RUE DES MESANGES,40180 RIVIERE-SAAS-ET-GOURBY
160 RUE DES MESANGES,40180 RIVIERE-SAAS-ET-GOURBY
210 RUE DES MESANGES,40180 RIVIERE-SAAS-ET-GOURBY
232 RUE DES MESANGES,40180 RIVIERE-SAAS-ET-GOURBY
246 RUE DES MESANGES,40180 RIVIERE-SAAS-ET-GOURBY
221 ROUTE DE HOUSSAT,40180 RIVIERE-SAAS-ET-GOURBY
201 ROUTE DE HOUSSAT,40180 RIVIERE-SAAS-ET-GOURBY
187 ROUTE DE HOUSSAT,40180 RIVIERE-SAAS-ET-GOURBY
36 RUE DES MESANGES,40180 RIVIERE-SAAS-ET-GOURBY
52 RUE DES MESANGES,40180 RIVIERE-SAAS-ET-GOURBY
74 RUE DES MESANGES,40180 RIVIERE-SAAS-ET-GOURBY
1 HLM QUARTIER LE POUY,40370 RION-DES-LANDES
2 HLM QUARTIER LE POUY,40370 RION-DES-LANDES
3 HLM QUARTIER LE POUY,40370 RION-DES-LANDES
4 HLM QUARTIER LE POUY,40370 RION-DES-LANDES
5 HLM QUARTIER LE POUY,40370 RION-DES-LANDES
6 HLM QUARTIER LE POUY,40370 RION-DES-LANDES
7 HLM QUARTIER LE POUY,40370 RION-DES-LANDES
8 HLM QUARTIER LE POUY,40370 RION-DES-LANDES
9 HLM QUARTIER LE POUY,40370 RION-DES-LANDES
10 HLM QUARTIER LE POUY,40370 RION-DES-LANDES
11 HLM QUARTIER LE POUY,40370 RION-DES-LANDES
12 HLM QUARTIER LE POUY,40370 RION-DES-LANDES
13 HLM QUARTIER LE POUY,40370 RION-DES-LANDES
14 HLM QUARTIER LE POUY,40370 RION-DES-LANDES
15 HLM QUARTIER LE POUY,40370 RION-DES-LANDES
16 HLM QUARTIER LE POUY,40370 RION-DES-LANDES
17 HLM QUARTIER LE POUY,40370 RION-DES-LANDES
18 HLM QUARTIER LE POUY,40370 RION-DES-LANDES
19 HLM QUARTIER LE POUY,40370 RION-DES-LANDES
20 HLM QUARTIER LE POUY,40370 RION-DES-LANDES
21 HLM QUARTIER LE POUY,40370 RION-DES-LANDES
22 HLM QUARTIER LE POUY,40370 RION-DES-LANDES
23 HLM QUARTIER LE POUY,40370 RION-DES-LANDES
24 HLM QUARTIER LE POUY,40370 RION-DES-LANDES
25 HLM QUARTIER LE POUY,40370 RION-DES-LANDES
28 HLM QUARTIER LE POUY,40370 RION-DES-LANDES
29 HLM QUARTIER LE POUY,40370 RION-DES-LANDES
30 HLM QUARTIER LE POUY,40370 RION-DES-LANDES
65 RUE DE PELLETET,40370 RION-DES-LANDES
61 RUE DE PELLETET,40370 RION-DES-LANDES
20 RUE DES CHARPENTIERS,40370 RION-DES-LANDES
36 RUE DES CHARPENTIERS,40370 RION-DES-LANDES
60 RUE DES CHARPENTIERS,40370 RION-DES-LANDES
72 RUE DES CHARPENTIERS,40370 RION-DES-LANDES
126 RUE DES CHARPENTIERS,40370 RION-DES-LANDES
115 RUE DES CHARPENTIERS,40370 RION-DES-LANDES
107 RUE DES CHARPENTIERS,40370 RION-DES-LANDES
91 RUE DES CHARPENTIERS,40370 RION-DES-LANDES
79 RUE DES CHARPENTIERS,40370 RION-DES-LANDES
65 RUE DES CHARPENTIERS,40370 RION-DES-LANDES
53 RUE DES CHARPENTIERS,40370 RION-DES-LANDES
7 RUE OTTO ET HANS SIEBKE,40370 RION-DES-LANDES
31 RUE OTTO ET HANS SIEBKE,40370 RION-DES-LANDES
49 RUE OTTO ET HANS SIEBKE,40370 RION-DES-LANDES
65 RUE OTTO ET HANS SIEBKE,40370 RION-DES-LANDES
81 RUE OTTO ET HANS SIEBKE,40370 RION-DES-LANDES
123 RUE OTTO ET HANS SIEBKE,40370 RION-DES-LANDES
157 RUE OTTO ET HANS SIEBKE,40370 RION-DES-LANDES
28 RUE DES PYRENEES,40370 RION-DES-LANDES
10 RUE DES PYRENEES,40370 RION-DES-LANDES
756 AVENUE D ALBRET,40370 RION-DES-LANDES
92 RUE OTTO ET HANS SIEBKE,40370 RION-DES-LANDES
100 RUE OTTO ET HANS SIEBKE,40370 RION-DES-LANDES
132 RUE OTTO ET HANS SIEBKE,40370 RION-DES-LANDES
156 RUE OTTO ET HANS SIEBKE,40370 RION-DES-LANDES
28 RUE OTTO ET HANS SIEBKE,40370 RION-DES-LANDES
1 PLACE DE LA LIBERTE,40370 RION-DES-LANDES
2 PLACE DE LA LIBERTE,40370 RION-DES-LANDES
3 PLACE DE LA LIBERTE,40370 RION-DES-LANDES
4 PLACE DE LA LIBERTE,40370 RION-DES-LANDES
5 PLACE DE LA LIBERTE,40370 RION-DES-LANDES
6 ALLEE DES ARENES,40370 RION-DES-LANDES
7 ALLEE DES ARENES,40370 RION-DES-LANDES
8 ALLEE DES ARENES,40370 RION-DES-LANDES
9 ALLEE DES ARENES,40370 RION-DES-LANDES
10 ALLEE DES ARENES,40370 RION-DES-LANDES
11 ALLEE DES ARENES,40370 RION-DES-LANDES
12 ALLEE DES ARENES,40370 RION-DES-LANDES
1 ALLEE DES ARENES,40370 RION-DES-LANDES
2 ALLEE DES ARENES,40370 RION-DES-LANDES
3 ALLEE DES ARENES,40370 RION-DES-LANDES
4 ALLEE DES ARENES,40370 RION-DES-LANDES
25 HAMEAU D'ALBRET,40370 RION-DES-LANDES
11 HAMEAU D'ALBRET,40370 RION-DES-LANDES
22 HAMEAU D'ALBRET,40370 RION-DES-LANDES
34 HAMEAU D'ALBRET,40370 RION-DES-LANDES
38 HAMEAU D'ALBRET,40370 RION-DES-LANDES
44 HAMEAU D'ALBRET,40370 RION-DES-LANDES
48 HAMEAU D'ALBRET,40370 RION-DES-LANDES
18 RUE DES SOUCHETS,40370 RION-DES-LANDES
30 RUE DES SOUCHETS,40370 RION-DES-LANDES
36 RUE DES SOUCHETS,40370 RION-DES-LANDES
48 RUE DES SOUCHETS,40370 RION-DES-LANDES
54 RUE DES SOUCHETS,40370 RION-DES-LANDES
66 RUE DES SOUCHETS,40370 RION-DES-LANDES
102 RUE DES SOUCHETS,40370 RION-DES-LANDES
114 RUE DES SOUCHETS,40370 RION-DES-LANDES
120 RUE DES SOUCHETS,40370 RION-DES-LANDES
130 RUE DES SOUCHETS,40370 RION-DES-LANDES
21 RUE DU TONNELIER,40120 ROQUEFORT
31 RUE DU TONNELIER,40120 ROQUEFORT
43 RUE DU TONNELIER,40120 ROQUEFORT
55 RUE DU TONNELIER,40120 ROQUEFORT
77 RUE DU TONNELIER,40120 ROQUEFORT
91 RUE DU TONNELIER,40120 ROQUEFORT
117 RUE DU TONNELIER,40120 ROQUEFORT
127 RUE DU TONNELIER,40120 ROQUEFORT
128 RUE DU TONNELIER,40120 ROQUEFORT
118 RUE DU TONNELIER,40120 ROQUEFORT
104 RUE DU TONNELIER,40120 ROQUEFORT
90 RUE DU TONNELIER,40120 ROQUEFORT
66 RUE DU TONNELIER,40120 ROQUEFORT
50 RUE DU TONNELIER,40120 ROQUEFORT
32 RUE DU TONNELIER,40120 ROQUEFORT
20 RUE DU TONNELIER,40120 ROQUEFORT
1 IMPASSE DE LA SOURCE,40230 SAUBION
15 RUE DE LA FONTAINE,40230 SAUBION
9 RUE DE LA FONTAINE,40230 SAUBION
14 RUE DES PALOMBES,40230 SAUBION
197 RUE DU PETIT BOURG,40630 SABRES
189 RUE DU PETIT BOURG,40630 SABRES
33 IMPASSE DES ALOUETTES,40630 SABRES
19 IMPASSE DES ALOUETTES,40630 SABRES
123 RUE DU PETIT BOURG,40630 SABRES
115 RUE DU PETIT BOURG,40630 SABRES
13 IMPASSE CATIOTE,40630 SABRES
11 IMPASSE CATIOTE,40630 SABRES
114 RUE DU PETIT BOURG,40630 SABRES
122 RUE DU PETIT BOURG,40630 SABRES
138 RUE DU PETIT BOURG,40630 SABRES
146 RUE DU PETIT BOURG,40630 SABRES
160 RUE DU PETIT BOURG,40630 SABRES
174 RUE DU PETIT BOURG,40630 SABRES
188 RUE DU PETIT BOURG,40630 SABRES
1 IMPASSE PATOFLE,40630 SABRES
2 IMPASSE PATOFLE,40630 SABRES
3 IMPASSE PATOFLE,40630 SABRES
4 IMPASSE PATOFLE,40630 SABRES
5 IMPASSE PATOFLE,40630 SABRES
6 IMPASSE PATOFLE,40630 SABRES
7 IMPASSE PATOFLE,40630 SABRES
54 IMPASSE DES LAURIERS,40630 SABRES
85 IMPASSE DES LAURIERS,40630 SABRES
61 IMPASSE DES LAURIERS,40630 SABRES
1 RUE DU PEYRICAT,40630 SABRES
2 RUE DU PEYRICAT,40630 SABRES
3 RUE DU PEYRICAT,40630 SABRES
4 RUE DU PEYRICAT,40630 SABRES
5 RUE DU PEYRICAT,40630 SABRES
6 RUE DU PEYRICAT,40630 SABRES
7 RUE DU PEYRICAT,40630 SABRES
8 RUE DU PEYRICAT,40630 SABRES
9 RUE DU PEYRICAT,40630 SABRES
10 RUE DU PEYRICAT,40630 SABRES
11 RUE DU PEYRICAT,40630 SABRES
12 RUE DU PEYRICAT,40630 SABRES
13 RUE DU PEYRICAT,40630 SABRES
14 RUE DU PEYRICAT,40630 SABRES
15 RUE DU PEYRICAT,40630 SABRES
107 RUE DU PRESBYTERE,40630 SABRES
110 RUE DU PRESBYTERE,40630 SABRES
114 RUE DU PRESBYTERE,40630 SABRES
118 RUE DU PRESBYTERE,40630 SABRES
66 RUE DU CHATEAU D'EAU,40630 SABRES
67 RUE DU CHATEAU D'EAU,40630 SABRES
74 RUE DU CHATEAU D'EAU,40630 SABRES
78 RUE DU CHATEAU D'EAU,40630 SABRES
80 IMPASSE DE LA PRAIRIE,40630 SABRES
94 IMPASSE DE LA PRAIRIE,40630 SABRES
110 IMPASSE DE LA PRAIRIE,40630 SABRES
120 IMPASSE DE LA PRAIRIE,40630 SABRES
77 IMPASSE DE L ISLES,40630 SABRES
85 IMPASSE DE L ISLES,40630 SABRES
107 IMPASSE DE L ISLES,40630 SABRES
113 IMPASSE DE L ISLES,40630 SABRES
15 ROUTE DE TILON,40410 SAUGNACQ-ET-MURET
17 ROUTE DE TILON,40410 SAUGNACQ-ET-MURET
21 ROUTE DE TILON,40410 SAUGNACQ-ET-MURET
23 ROUTE DE TILON,40410 SAUGNACQ-ET-MURET
25 ROUTE DE TILON,40410 SAUGNACQ-ET-MURET
27 ROUTE DE TILON,40410 SAUGNACQ-ET-MURET
29 ROUTE DE TILON,40410 SAUGNACQ-ET-MURET
31 ROUTE DE TILON,40410 SAUGNACQ-ET-MURET
1 ALLEE DU CHAMP FERME,40410 SAUGNACQ-ET-MURET
2 ALLEE DU CHAMP FERME,40410 SAUGNACQ-ET-MURET
18 ALLEE DU CHAMP FERME,40410 SAUGNACQ-ET-MURET
17 ALLEE DU CHAMP FERME,40410 SAUGNACQ-ET-MURET
15 ALLEE DU CHAMP FERME,40410 SAUGNACQ-ET-MURET
16 ALLEE DU CHAMP FERME,40410 SAUGNACQ-ET-MURET
3 ALLEE DU CHAMP FERME,40410 SAUGNACQ-ET-MURET
4 ALLEE DU CHAMP FERME,40410 SAUGNACQ-ET-MURET
5 ALLEE DU CHAMP FERME,40410 SAUGNACQ-ET-MURET
6 ALLEE DU CHAMP FERME,40410 SAUGNACQ-ET-MURET
7 ALLEE DU CHAMP FERME,40410 SAUGNACQ-ET-MURET
8 ALLEE DU CHAMP FERME,40410 SAUGNACQ-ET-MURET
9 ALLEE DU CHAMP FERME,40410 SAUGNACQ-ET-MURET
19 ALLEE DU CHAMP FERME,40410 SAUGNACQ-ET-MURET
10 ALLEE DU CHAMP FERME,40410 SAUGNACQ-ET-MURET
2 RUE DE LA POSTE,40410 SAUGNACQ-ET-MURET
4 RUE DE LA POSTE,40410 SAUGNACQ-ET-MURET
6 RUE DE LA POSTE,40410 SAUGNACQ-ET-MURET
8 RUE DE LA POSTE,40410 SAUGNACQ-ET-MURET
10 RUE DE LA POSTE,40410 SAUGNACQ-ET-MURET
12 RUE DE LA POSTE,40410 SAUGNACQ-ET-MURET
14 RUE DE LA POSTE,40410 SAUGNACQ-ET-MURET
16 RUE DE LA POSTE,40410 SAUGNACQ-ET-MURET
33 RUE CAMILLE PRIOLEAU,40320 SAMADET
25 RUE CAMILLE PRIOLEAU,40320 SAMADET
111 RUE DE BUSCHWILLER,40320 SAMADET
24 RUE CAMILLE PRIOLEAU,40320 SAMADET
32 RUE CAMILLE PRIOLEAU,40320 SAMADET
78 RUE CAMILLE PRIOLEAU,40320 SAMADET
1 LOTISSEMENT LOUIS ARAGON,40500 SAINT-SEVER
2 LOTISSEMENT LOUIS ARAGON,40500 SAINT-SEVER
3 LOTISSEMENT LOUIS ARAGON,40500 SAINT-SEVER
4 LOTISSEMENT LOUIS ARAGON,40500 SAINT-SEVER
5 LOTISSEMENT LOUIS ARAGON,40500 SAINT-SEVER
6 LOTISSEMENT LOUIS ARAGON,40500 SAINT-SEVER
7 LOTISSEMENT LOUIS ARAGON,40500 SAINT-SEVER
8 LOTISSEMENT LOUIS ARAGON,40500 SAINT-SEVER
9 LOTISSEMENT LOUIS ARAGON,40500 SAINT-SEVER
10 LOTISSEMENT LOUIS ARAGON,40500 SAINT-SEVER
11 LOTISSEMENT LOUIS ARAGON,40500 SAINT-SEVER
12 LOTISSEMENT LOUIS ARAGON,40500 SAINT-SEVER
13 LOTISSEMENT LOUIS ARAGON,40500 SAINT-SEVER
14 LOTISSEMENT LOUIS ARAGON,40500 SAINT-SEVER
15 LOTISSEMENT LOUIS ARAGON,40500 SAINT-SEVER
16 LOTISSEMENT LOUIS ARAGON,40500 SAINT-SEVER
17 LOTISSEMENT LOUIS ARAGON,40500 SAINT-SEVER
18 LOTISSEMENT LOUIS ARAGON,40500 SAINT-SEVER
19 LOTISSEMENT LOUIS ARAGON,40500 SAINT-SEVER
20 LOTISSEMENT LOUIS ARAGON,40500 SAINT-SEVER
21 LOTISSEMENT LOUIS ARAGON,40500 SAINT-SEVER
22 LOTISSEMENT LOUIS ARAGON,40500 SAINT-SEVER
23 LOTISSEMENT LOUIS ARAGON,40500 SAINT-SEVER
24 LOTISSEMENT LOUIS ARAGON,40500 SAINT-SEVER
25 LOTISSEMENT LOUIS ARAGON,40500 SAINT-SEVER
26 LOTISSEMENT LOUIS ARAGON,40500 SAINT-SEVER
27 LOTISSEMENT LOUIS ARAGON,40500 SAINT-SEVER
28 LOTISSEMENT LOUIS ARAGON,40500 SAINT-SEVER
29 LOTISSEMENT LOUIS ARAGON,40500 SAINT-SEVER
30 LOTISSEMENT LOUIS ARAGON,40500 SAINT-SEVER
31 LOTISSEMENT GEORGES BRASSENS,40500 SAINT-SEVER
32 LOTISSEMENT GEORGES BRASSENS,40500 SAINT-SEVER
33 LOTISSEMENT GEORGES BRASSENS,40500 SAINT-SEVER
34 LOTISSEMENT GEORGES BRASSENS,40500 SAINT-SEVER
35 LOTISSEMENT GEORGES BRASSENS,40500 SAINT-SEVER
36 LOTISSEMENT GEORGES BRASSENS,40500 SAINT-SEVER
38 LOTISSEMENT GEORGES BRASSENS,40500 SAINT-SEVER
39 LOTISSEMENT GEORGES BRASSENS,40500 SAINT-SEVER
1 CARRE DES PLATANES,40500 SAINT-SEVER
2 CARRE DES PLATANES,40500 SAINT-SEVER
3 CARRE DES PLATANES,40500 SAINT-SEVER
4 CARRE DES PLATANES,40500 SAINT-SEVER
5 CARRE DES PLATANES,40500 SAINT-SEVER
6 CARRE DES PLATANES,40500 SAINT-SEVER
7 CARRE DES PLATANES,40500 SAINT-SEVER
8 CARRE DES PLATANES,40500 SAINT-SEVER
9 CARRE DES PLATANES,40500 SAINT-SEVER
10 CARRE DES PLATANES,40500 SAINT-SEVER
11 CARRE DES PLATANES,40500 SAINT-SEVER
1 CITE LE CAP,40500 SAINT-SEVER
2 CITE LE CAP,40500 SAINT-SEVER
3 CITE LE CAP,40500 SAINT-SEVER
4 CITE LE CAP,40500 SAINT-SEVER
5 CITE LE CAP,40500 SAINT-SEVER
6 CITE LE CAP,40500 SAINT-SEVER
7 CITE LE CAP,40500 SAINT-SEVER
8 CITE LE CAP,40500 SAINT-SEVER
9 CITE LE CAP,40500 SAINT-SEVER
10 CITE LE CAP,40500 SAINT-SEVER
11 CITE LE CAP,40500 SAINT-SEVER
12 CITE LE CAP,40500 SAINT-SEVER
13 CITE LE CAP,40500 SAINT-SEVER
14 CITE LE CAP,40500 SAINT-SEVER
15 CITE LE CAP,40500 SAINT-SEVER
21 RUE DE LALANNE,40300 SAINT-LON-LES-MINES
22 RUE DE LALANNE,40300 SAINT-LON-LES-MINES
23 RUE DE LALANNE,40300 SAINT-LON-LES-MINES
24 RUE DE LALANNE,40300 SAINT-LON-LES-MINES
25 RUE DE LALANNE,40300 SAINT-LON-LES-MINES
26 RUE DE LALANNE,40300 SAINT-LON-LES-MINES
27 RUE DE LALANNE,40300 SAINT-LON-LES-MINES
28 RUE DE LALANNE,40300 SAINT-LON-LES-MINES
1 RUE DE L'ARRIOU,40300 SAINT-LON-LES-MINES
2 RUE DE L'ARRIOU,40300 SAINT-LON-LES-MINES
3 RUE DE L'ARRIOU,40300 SAINT-LON-LES-MINES
4 RUE DE L'ARRIOU,40300 SAINT-LON-LES-MINES
5 RUE DE L'ARRIOU,40300 SAINT-LON-LES-MINES
6 RUE DE L'ARRIOU,40300 SAINT-LON-LES-MINES
7 RUE DE L'ARRIOU,40300 SAINT-LON-LES-MINES
8 RUE DE L'ARRIOU,40300 SAINT-LON-LES-MINES
9 RUE DE L'ARRIOU,40300 SAINT-LON-LES-MINES
10 RUE DE L'ARRIOU,40300 SAINT-LON-LES-MINES
11 RUE DE L'ARRIOU,40300 SAINT-LON-LES-MINES
12 RUE DE L'ARRIOU,40300 SAINT-LON-LES-MINES
13 RUE DE L'ARRIOU,40300 SAINT-LON-LES-MINES
14 RUE DE L'ARRIOU,40300 SAINT-LON-LES-MINES
26 ALLEE DES PINS,40230 SAINT-GEOURS-DE-MAREMNE
24 ALLEE DES PINS,40230 SAINT-GEOURS-DE-MAREMNE
22 ALLEE DES PINS,40230 SAINT-GEOURS-DE-MAREMNE
20 ALLEE DES PINS,40230 SAINT-GEOURS-DE-MAREMNE
18 ALLEE DES PINS,40230 SAINT-GEOURS-DE-MAREMNE
16 ALLEE DES PINS,40230 SAINT-GEOURS-DE-MAREMNE
14 ALLEE DES PINS,40230 SAINT-GEOURS-DE-MAREMNE
12 ALLEE DES PINS,40230 SAINT-GEOURS-DE-MAREMNE
10 ALLEE DES PINS,40230 SAINT-GEOURS-DE-MAREMNE
8 ALLEE DES PINS,40230 SAINT-GEOURS-DE-MAREMNE
6 ALLEE DES PINS,40230 SAINT-GEOURS-DE-MAREMNE
4 ALLEE DES PINS,40230 SAINT-GEOURS-DE-MAREMNE
2 ALLEE DES PINS,40230 SAINT-GEOURS-DE-MAREMNE
1 ALLEE DES PINS,40230 SAINT-GEOURS-DE-MAREMNE
3 ALLEE DES PINS,40230 SAINT-GEOURS-DE-MAREMNE
5 ALLEE DES PINS,40230 SAINT-GEOURS-DE-MAREMNE
7 ALLEE DES PINS,40230 SAINT-GEOURS-DE-MAREMNE
9 ALLEE DES PINS,40230 SAINT-GEOURS-DE-MAREMNE
11 ALLEE DES PINS,40230 SAINT-GEOURS-DE-MAREMNE
13 ALLEE DES PINS,40230 SAINT-GEOURS-DE-MAREMNE
15 ALLEE DES PINS,40230 SAINT-GEOURS-DE-MAREMNE
17 ALLEE DES PINS,40230 SAINT-GEOURS-DE-MAREMNE
55 RUE TUC DE LA GOURGUE,40460 SANGUINET
63 RUE TUC DE LA GOURGUE,40460 SANGUINET
71 RUE TUC DE LA GOURGUE,40460 SANGUINET
75 RUE TUC DE LA GOURGUE,40460 SANGUINET
87 RUE TUC DE LA GOURGUE,40460 SANGUINET
86 RUE TUC DE LA GOURGUE,40460 SANGUINET
70 RUE TUC DE LA GOURGUE,40460 SANGUINET
62 RUE TUC DE LA GOURGUE,40460 SANGUINET
59 TUC DU REGAIN,40460 SANGUINET
43 TUC DU REGAIN,40460 SANGUINET
25 TUC DU REGAIN,40460 SANGUINET
34 TUC DE GOURGUE,40460 SANGUINET
52 TUC DE GOURGUE,40460 SANGUINET
233 RUE DU PRE DE LA GOURGUE,40460 SANGUINET
221 RUE DU PRE DE LA GOURGUE,40460 SANGUINET
27 ALLEE DE LA FORGE,40460 SANGUINET
31 ALLEE DE LA FORGE,40460 SANGUINET
71 ALLEE DE LA FORGE,40460 SANGUINET
77 ALLEE DE LA FORGE,40460 SANGUINET
75 ALLEE DE LA FORGE,40460 SANGUINET
79 ALLEE DE LA FORGE,40460 SANGUINET
101 ALLEE DE LA FORGE,40460 SANGUINET
107 ALLEE DE LA FORGE,40460 SANGUINET
105 ALLEE DE LA FORGE,40460 SANGUINET
109 ALLEE DE LA FORGE,40460 SANGUINET
17 CITE DU POUY,40210 SOLFERINO
19 CITE DU POUY,40210 SOLFERINO
21 CITE DU POUY,40210 SOLFERINO
23 CITE DU POUY,40210 SOLFERINO
25 CITE DU POUY,40210 SOLFERINO
1 HAMEAU DU PETIT BELIOT,40990 SAINT-PAUL-LES-DAX
2 HAMEAU DU PETIT BELIOT,40990 SAINT-PAUL-LES-DAX
3 HAMEAU DU PETIT BELIOT,40990 SAINT-PAUL-LES-DAX
4 HAMEAU DU PETIT BELIOT,40990 SAINT-PAUL-LES-DAX
5 HAMEAU DU PETIT BELIOT,40990 SAINT-PAUL-LES-DAX
6 HAMEAU DU PETIT BELIOT,40990 SAINT-PAUL-LES-DAX
7 HAMEAU DU PETIT BELIOT,40990 SAINT-PAUL-LES-DAX
8 HAMEAU DU PETIT BELIOT,40990 SAINT-PAUL-LES-DAX
9 HAMEAU DU PETIT BELIOT,40990 SAINT-PAUL-LES-DAX
10 HAMEAU DU PETIT BELIOT,40990 SAINT-PAUL-LES-DAX
11 HAMEAU DU PETIT BELIOT,40990 SAINT-PAUL-LES-DAX
12 HAMEAU DU PETIT BELIOT,40990 SAINT-PAUL-LES-DAX
13 HAMEAU DU PETIT BELIOT,40990 SAINT-PAUL-LES-DAX
14 HAMEAU DU PETIT BELIOT,40990 SAINT-PAUL-LES-DAX
15 HAMEAU DU PETIT BELIOT,40990 SAINT-PAUL-LES-DAX
16 HAMEAU DU PETIT BELIOT,40990 SAINT-PAUL-LES-DAX
17 HAMEAU DU PETIT BELIOT,40990 SAINT-PAUL-LES-DAX
18 HAMEAU DU PETIT BELIOT,40990 SAINT-PAUL-LES-DAX
19 HAMEAU DU PETIT BELIOT,40990 SAINT-PAUL-LES-DAX
20 HAMEAU DU PETIT BELIOT,40990 SAINT-PAUL-LES-DAX
21 HAMEAU DU PETIT BELIOT,40990 SAINT-PAUL-LES-DAX
22 HAMEAU DU PETIT BELIOT,40990 SAINT-PAUL-LES-DAX
23 HAMEAU DU PETIT BELIOT,40990 SAINT-PAUL-LES-DAX
24 HAMEAU DU PETIT BELIOT,40990 SAINT-PAUL-LES-DAX
25 HAMEAU DU PETIT BELIOT,40990 SAINT-PAUL-LES-DAX
26 HAMEAU DU PETIT BELIOT,40990 SAINT-PAUL-LES-DAX
27 HAMEAU DU PETIT BELIOT,40990 SAINT-PAUL-LES-DAX
28 HAMEAU DU PETIT BELIOT,40990 SAINT-PAUL-LES-DAX
29 HAMEAU DU PETIT BELIOT,40990 SAINT-PAUL-LES-DAX
30 HAMEAU DU PETIT BELIOT,40990 SAINT-PAUL-LES-DAX
31 HAMEAU DU PETIT BELIOT,40990 SAINT-PAUL-LES-DAX
32 HAMEAU DU PETIT BELIOT,40990 SAINT-PAUL-LES-DAX
33 HAMEAU DU PETIT BELIOT,40990 SAINT-PAUL-LES-DAX
34 HAMEAU DU PETIT BELIOT,40990 SAINT-PAUL-LES-DAX
35 HAMEAU DU PETIT BELIOT,40990 SAINT-PAUL-LES-DAX
36 HAMEAU DU PETIT BELIOT,40990 SAINT-PAUL-LES-DAX
37 HAMEAU DU PETIT BELIOT,40990 SAINT-PAUL-LES-DAX
38 HAMEAU DU PETIT BELIOT,40990 SAINT-PAUL-LES-DAX
39 HAMEAU DU PETIT BELIOT,40990 SAINT-PAUL-LES-DAX
40 HAMEAU DU PETIT BELIOT,40990 SAINT-PAUL-LES-DAX
41 HAMEAU DU PETIT BELIOT,40990 SAINT-PAUL-LES-DAX
68 HAMEAU DE LA VIEILLE FERME,40990 SAINT-PAUL-LES-DAX
66 HAMEAU DE LA VIEILLE FERME,40990 SAINT-PAUL-LES-DAX
64 HAMEAU DE LA VIEILLE FERME,40990 SAINT-PAUL-LES-DAX
62 HAMEAU DE LA VIEILLE FERME,40990 SAINT-PAUL-LES-DAX
60 HAMEAU DE LA VIEILLE FERME,40990 SAINT-PAUL-LES-DAX
58 HAMEAU DE LA VIEILLE FERME,40990 SAINT-PAUL-LES-DAX
56 HAMEAU DE LA VIEILLE FERME,40990 SAINT-PAUL-LES-DAX
54 HAMEAU DE LA VIEILLE FERME,40990 SAINT-PAUL-LES-DAX
52 HAMEAU DE LA VIEILLE FERME,40990 SAINT-PAUL-LES-DAX
50 HAMEAU DE LA VIEILLE FERME,40990 SAINT-PAUL-LES-DAX
48 HAMEAU DE LA VIEILLE FERME,40990 SAINT-PAUL-LES-DAX
46 HAMEAU DE LA VIEILLE FERME,40990 SAINT-PAUL-LES-DAX
44 HAMEAU DE LA VIEILLE FERME,40990 SAINT-PAUL-LES-DAX
42 HAMEAU DE LA VIEILLE FERME,40990 SAINT-PAUL-LES-DAX
40 HAMEAU DE LA VIEILLE FERME,40990 SAINT-PAUL-LES-DAX
38 HAMEAU DE LA VIEILLE FERME,40990 SAINT-PAUL-LES-DAX
36 HAMEAU DE LA VIEILLE FERME,40990 SAINT-PAUL-LES-DAX
34 HAMEAU DE LA VIEILLE FERME,40990 SAINT-PAUL-LES-DAX
32 HAMEAU DE LA VIEILLE FERME,40990 SAINT-PAUL-LES-DAX
30 HAMEAU DE LA VIEILLE FERME,40990 SAINT-PAUL-LES-DAX
28 HAMEAU DE LA VIEILLE FERME,40990 SAINT-PAUL-LES-DAX
26 HAMEAU DE LA VIEILLE FERME,40990 SAINT-PAUL-LES-DAX
24 HAMEAU DE LA VIEILLE FERME,40990 SAINT-PAUL-LES-DAX
22 HAMEAU DE LA VIEILLE FERME,40990 SAINT-PAUL-LES-DAX
20 HAMEAU DE LA VIEILLE FERME,40990 SAINT-PAUL-LES-DAX
18 HAMEAU DE LA VIEILLE FERME,40990 SAINT-PAUL-LES-DAX
16 HAMEAU DE LA VIEILLE FERME,40990 SAINT-PAUL-LES-DAX
14 HAMEAU DE LA VIEILLE FERME,40990 SAINT-PAUL-LES-DAX
12 HAMEAU DE LA VIEILLE FERME,40990 SAINT-PAUL-LES-DAX
10 HAMEAU DE LA VIEILLE FERME,40990 SAINT-PAUL-LES-DAX
8 HAMEAU DE LA VIEILLE FERME,40990 SAINT-PAUL-LES-DAX
6 HAMEAU DE LA VIEILLE FERME,40990 SAINT-PAUL-LES-DAX
4 HAMEAU DE LA VIEILLE FERME,40990 SAINT-PAUL-LES-DAX
2 HAMEAU DE LA VIEILLE FERME,40990 SAINT-PAUL-LES-DAX
142 RUE DES PALOMBES,40430 SORE
140 RUE DES PALOMBES,40430 SORE
138 RUE DES PALOMBES,40430 SORE
136 RUE DES PALOMBES,40430 SORE
134 RUE DES PALOMBES,40430 SORE
65 RUE DES ROUQUETS,40430 SORE
67 RUE DES ROUQUETS,40430 SORE
71 RUE DES ROUQUETS,40430 SORE
69 RUE DES ROUQUETS,40430 SORE
73 RUE DES ROUQUETS,40430 SORE
75 RUE DES ROUQUETS,40430 SORE
165 RUE DE LA GROTTE,40430 SORE
170 RUE DE LA GROTTE,40430 SORE
183 RUE DE LA GROTTE,40430 SORE
220 RUE DE LA GROTTE,40430 SORE
191 RUE DE LA GROTTE,40430 SORE
205 RUE DE LA GROTTE,40430 SORE
217 RUE DE LA GROTTE,40430 SORE
254 RUE DE LA GROTTE,40430 SORE
270 RUE DE LA GROTTE,40430 SORE
291 RUE DE LA GROTTE,40430 SORE
233 RUE DE LA GROTTE,40430 SORE
273 RUE DE LA GROTTE,40430 SORE
331 RUE DE LA GROTTE,40430 SORE
333 RUE DE LA GROTTE,40430 SORE
337 RUE DE LA GROTTE,40430 SORE
343 RUE DE LA GROTTE,40430 SORE
345 RUE DE LA GROTTE,40430 SORE
2 PLACE DES CHEVREUILS,40140 SOUSTONS
4 PLACE DES CHEVREUILS,40140 SOUSTONS
6 PLACE DES CHEVREUILS,40140 SOUSTONS
8 PLACE DES CHEVREUILS,40140 SOUSTONS
10 PLACE DES CHEVREUILS,40140 SOUSTONS
12 PLACE DES CHEVREUILS,40140 SOUSTONS
14 PLACE DES CHEVREUILS,40140 SOUSTONS
16 PLACE DES CHEVREUILS,40140 SOUSTONS
18 PLACE DES CHEVREUILS,40140 SOUSTONS
20 PLACE DES CHEVREUILS,40140 SOUSTONS
22 PLACE DES CHEVREUILS,40140 SOUSTONS
24 PLACE DES CHEVREUILS,40140 SOUSTONS
26 PLACE DES CHEVREUILS,40140 SOUSTONS
30 PLACE DES CHEVREUILS,40140 SOUSTONS
5 ALLEE DES TOURTERELLES,40140 SOUSTONS
7 ALLEE DES TOURTERELLES,40140 SOUSTONS
9 ALLEE DES TOURTERELLES,40140 SOUSTONS
11 ALLEE DES TOURTERELLES,40140 SOUSTONS
13 ALLEE DES TOURTERELLES,40140 SOUSTONS
15 ALLEE DES TOURTERELLES,40140 SOUSTONS
4 CLOS DE PECHIQUE,40140 SOUSTONS
5 CLOS DE PECHIQUE,40140 SOUSTONS
7 CLOS DE PECHIQUE,40140 SOUSTONS
9 CLOS DE PECHIQUE,40140 SOUSTONS
6 CLOS DE PECHIQUE,40140 SOUSTONS
10 CLOS DE PECHIQUE,40140 SOUSTONS
12 CLOS DE PECHIQUE,40140 SOUSTONS
11 CLOS DE PECHIQUE,40140 SOUSTONS
13 CLOS DE PECHIQUE,40140 SOUSTONS
15 CLOS DE PECHIQUE,40140 SOUSTONS
16 CLOS DE PECHIQUE,40140 SOUSTONS
18 CLOS DE PECHIQUE,40140 SOUSTONS
17 CLOS DE PECHIQUE,40140 SOUSTONS
19 CLOS DE PECHIQUE,40140 SOUSTONS
1 CLOS DE PECHIQUE,40140 SOUSTONS
8 CLOS DE PECHIQUE,40140 SOUSTONS
14 CLOS DE PECHIQUE,40140 SOUSTONS
20 CLOS DE PECHIQUE,40140 SOUSTONS
20 SQUARE DU MERLOU,40140 SOUSTONS
21 SQUARE DU MERLOU,40140 SOUSTONS
22 SQUARE DU MERLOU,40140 SOUSTONS
23 SQUARE DU MERLOU,40140 SOUSTONS
24 SQUARE DU MERLOU,40140 SOUSTONS
1 SQUARE DU MERLOU,40140 SOUSTONS
2 SQUARE DU MERLOU,40140 SOUSTONS
3 SQUARE DU MERLOU,40140 SOUSTONS
4 SQUARE DU MERLOU,40140 SOUSTONS
5 SQUARE DU MERLOU,40140 SOUSTONS
6 SQUARE DU MERLOU,40140 SOUSTONS
7 SQUARE DU MERLOU,40140 SOUSTONS
8 SQUARE DU MERLOU,40140 SOUSTONS
9 SQUARE DU MERLOU,40140 SOUSTONS
10 SQUARE DU MERLOU,40140 SOUSTONS
11 SQUARE DU MERLOU,40140 SOUSTONS
12 SQUARE DU MERLOU,40140 SOUSTONS
13 SQUARE DU MERLOU,40140 SOUSTONS
14 SQUARE DU MERLOU,40140 SOUSTONS
15 SQUARE DU MERLOU,40140 SOUSTONS
16 SQUARE DU MERLOU,40140 SOUSTONS
17 SQUARE DU MERLOU,40140 SOUSTONS
18 SQUARE DU MERLOU,40140 SOUSTONS
19 SQUARE DU MERLOU,40140 SOUSTONS
6 RUE LACAVE,40180 SAUBUSSE
8 RUE LACAVE,40180 SAUBUSSE
10 RUE LACAVE,40180 SAUBUSSE
12 RUE LACAVE,40180 SAUBUSSE
14 RUE LACAVE,40180 SAUBUSSE
38 RUE DU 19 MARS 1962,40220 TARNOS
36 RUE DU 19 MARS 1962,40220 TARNOS
34 RUE DU 19 MARS 1962,40220 TARNOS
32 RUE DU 19 MARS 1962,40220 TARNOS
30 RUE DU 19 MARS 1962,40220 TARNOS
28 RUE DU 19 MARS 1962,40220 TARNOS
26 RUE DU 19 MARS 1962,40220 TARNOS
24 RUE DU 19 MARS 1962,40220 TARNOS
22 RUE DU 19 MARS 1962,40220 TARNOS
20 RUE DU 19 MARS 1962,40220 TARNOS
18 RUE DU 19 MARS 1962,40220 TARNOS
16 RUE DU 19 MARS 1962,40220 TARNOS
14 RUE DU 19 MARS 1962,40220 TARNOS
12 RUE DU 19 MARS 1962,40220 TARNOS
10 RUE DU 19 MARS 1962,40220 TARNOS
8 RUE DU 19 MARS 1962,40220 TARNOS
6 RUE DU 19 MARS 1962,40220 TARNOS
4 RUE DU 19 MARS 1962,40220 TARNOS
1 IMPASSE DE L'ARRIOU,40220 TARNOS
2 IMPASSE DE L'ARRIOU,40220 TARNOS
3 IMPASSE DE L'ARRIOU,40220 TARNOS
4 IMPASSE DE L'ARRIOU,40220 TARNOS
5 IMPASSE DE L'ARRIOU,40220 TARNOS
6 IMPASSE DE L'ARRIOU,40220 TARNOS
7 IMPASSE DE L'ARRIOU,40220 TARNOS
8 IMPASSE DE L'ARRIOU,40220 TARNOS
9 IMPASSE DE L'ARRIOU,40220 TARNOS
10 IMPASSE DE L'ARRIOU,40220 TARNOS
11 IMPASSE DE L'ARRIOU,40220 TARNOS
12 IMPASSE DE L'ARRIOU,40220 TARNOS
1 IMPASSE DE LA TEOULERE,40220 TARNOS
2 IMPASSE DE LA TEOULERE,40220 TARNOS
3 IMPASSE DE LA TEOULERE,40220 TARNOS
4 IMPASSE DE LA TEOULERE,40220 TARNOS
5 IMPASSE DE LA TEOULERE,40220 TARNOS
6 IMPASSE DE LA TEOULERE,40220 TARNOS
7 IMPASSE DE LA TEOULERE,40220 TARNOS
8 IMPASSE DE LA TEOULERE,40220 TARNOS
9 IMPASSE DE LA TEOULERE,40220 TARNOS
10 IMPASSE DE LA TEOULERE,40220 TARNOS
11 IMPASSE DE LA TEOULERE,40220 TARNOS
12 IMPASSE DE LA TEOULERE,40220 TARNOS
13 IMPASSE DE LA TEOULERE,40220 TARNOS
14 IMPASSE DE LA TEOULERE,40220 TARNOS
19 RUE EDITH PIAF,40220 TARNOS
17 RUE EDITH PIAF,40220 TARNOS
15 RUE EDITH PIAF,40220 TARNOS
13 RUE EDITH PIAF,40220 TARNOS
11 RUE EDITH PIAF,40220 TARNOS
9 RUE EDITH PIAF,40220 TARNOS
7 RUE EDITH PIAF,40220 TARNOS
5 RUE EDITH PIAF,40220 TARNOS
3 RUE EDITH PIAF,40220 TARNOS
1 RUE EDITH PIAF,40220 TARNOS
18 RUE EDITH PIAF,40220 TARNOS
16 RUE EDITH PIAF,40220 TARNOS
14 RUE EDITH PIAF,40220 TARNOS
12 RUE EDITH PIAF,40220 TARNOS
10 RUE EDITH PIAF,40220 TARNOS
8 RUE EDITH PIAF,40220 TARNOS
6 RUE EDITH PIAF,40220 TARNOS
4 RUE EDITH PIAF,40220 TARNOS
2 BIS RUE EDITH PIAF,40220 TARNOS
2 RUE EDITH PIAF,40220 TARNOS
2 RUE DU VIEUX PIANO,40220 TARNOS
4 RUE DU VIEUX PIANO,40220 TARNOS
6 RUE DU VIEUX PIANO,40220 TARNOS
8 RUE DU VIEUX PIANO,40220 TARNOS
10 RUE DU VIEUX PIANO,40220 TARNOS
12 RUE DU VIEUX PIANO,40220 TARNOS
14 RUE DU VIEUX PIANO,40220 TARNOS
16 RUE DU VIEUX PIANO,40220 TARNOS
14 BIS RUE DU VIEUX PIANO,40220 TARNOS
16 BIS RUE DU VIEUX PIANO,40220 TARNOS
1 ALLEE LEO FERRE,40220 TARNOS
3 ALLEE LEO FERRE,40220 TARNOS
5 ALLEE LEO FERRE,40220 TARNOS
7 ALLEE LEO FERRE,40220 TARNOS
9 ALLEE LEO FERRE,40220 TARNOS
11 ALLEE LEO FERRE,40220 TARNOS
13 ALLEE LEO FERRE,40220 TARNOS
15 ALLEE LEO FERRE,40220 TARNOS
17 ALLEE LEO FERRE,40220 TARNOS
19 ALLEE LEO FERRE,40220 TARNOS
21 ALLEE LEO FERRE,40220 TARNOS
23 ALLEE LEO FERRE,40220 TARNOS
25 ALLEE LEO FERRE,40220 TARNOS
27 ALLEE LEO FERRE,40220 TARNOS
29 ALLEE LEO FERRE,40220 TARNOS
31 ALLEE LEO FERRE,40220 TARNOS
33 ALLEE LEO FERRE,40220 TARNOS
22 ALLEE LEO FERRE,40220 TARNOS
24 ALLEE LEO FERRE,40220 TARNOS
26 ALLEE LEO FERRE,40220 TARNOS
28 ALLEE LEO FERRE,40220 TARNOS
30 ALLEE LEO FERRE,40220 TARNOS
32 ALLEE LEO FERRE,40220 TARNOS
2 ALLEE LEO FERRE,40220 TARNOS
4 ALLEE LEO FERRE,40220 TARNOS
6 ALLEE LEO FERRE,40220 TARNOS
8 ALLEE LEO FERRE,40220 TARNOS
10 ALLEE LEO FERRE,40220 TARNOS
12 ALLEE LEO FERRE,40220 TARNOS
14 ALLEE LEO FERRE,40220 TARNOS
16 ALLEE LEO FERRE,40220 TARNOS
18 ALLEE LEO FERRE,40220 TARNOS
20 ALLEE LEO FERRE,40220 TARNOS
125 AVENUE LENINE,40220 TARNOS
23 IMPASSE CHINAN,40630 TRENSACQ
33 IMPASSE CHINAN,40630 TRENSACQ
41 IMPASSE CHINAN,40630 TRENSACQ
62 IMPASSE CHINAN,40630 TRENSACQ
44 IMPASSE CHINAN,40630 TRENSACQ
253 RUE DOCTEUR CALMETTE,40400 TARTAS
1 RUE PAUL VERLAINE,40480 VIEUX-BOUCAU-LES-BAINS
3 RUE PAUL VERLAINE,40480 VIEUX-BOUCAU-LES-BAINS
5 RUE PAUL VERLAINE,40480 VIEUX-BOUCAU-LES-BAINS
7 RUE PAUL VERLAINE,40480 VIEUX-BOUCAU-LES-BAINS
9 RUE PAUL VERLAINE,40480 VIEUX-BOUCAU-LES-BAINS
1 RUE CHARLES BAUDELAIRE,40480 VIEUX-BOUCAU-LES-BAINS
3 RUE CHARLES BAUDELAIRE,40480 VIEUX-BOUCAU-LES-BAINS
7 RUE CHARLES BAUDELAIRE,40480 VIEUX-BOUCAU-LES-BAINS
2 RUE EDMOND ROSTAND,40480 VIEUX-BOUCAU-LES-BAINS
4 RUE EDMOND ROSTAND,40480 VIEUX-BOUCAU-LES-BAINS
8 RUE EDMOND ROSTAND,40480 VIEUX-BOUCAU-LES-BAINS
2 RUE PIERRE LOTI,40480 VIEUX-BOUCAU-LES-BAINS
4 RUE PIERRE LOTI,40480 VIEUX-BOUCAU-LES-BAINS
6 RUE PIERRE LOTI,40480 VIEUX-BOUCAU-LES-BAINS
8 RUE PIERRE LOTI,40480 VIEUX-BOUCAU-LES-BAINS
10 RUE PIERRE LOTI,40480 VIEUX-BOUCAU-LES-BAINS
RUE DE LA BANIERE LOGT NO 1,40230 SAINT-VINCENT-DE-TYROSSE
RUE DE LA BANIERE LOGT NO 2,40230 SAINT-VINCENT-DE-TYROSSE
RUE DE LA BANIERE LOGT NO 3,40230 SAINT-VINCENT-DE-TYROSSE
RUE DE LA CITE,40230 SAINT-VINCENT-DE-TYROSSE
RUE DE LA BANIERE LOGT NO 5,40230 SAINT-VINCENT-DE-TYROSSE
RUE DE LA BANIERE LOGT NO 6,40230 SAINT-VINCENT-DE-TYROSSE
RUE DE LA BANIERE LOGT NO 7,40230 SAINT-VINCENT-DE-TYROSSE
RUE DE LA BANIERE LOGT NO 8,40230 SAINT-VINCENT-DE-TYROSSE
RUE DE LA BANIERE LOGT NO 10,40230 SAINT-VINCENT-DE-TYROSSE
RUE DE LA BANIERE LOGT NO 11,40230 SAINT-VINCENT-DE-TYROSSE
RUE DE LA BANIERE LOGT NO 12,40230 SAINT-VINCENT-DE-TYROSSE
IMPASSE DU BLASON LOGT NO 13,40230 SAINT-VINCENT-DE-TYROSSE
IMPASSE DU BLASON LOGT NO 14,40230 SAINT-VINCENT-DE-TYROSSE
IMPASSE DU BLASON LOGT NO 15,40230 SAINT-VINCENT-DE-TYROSSE
IMPASSE DU BLASON LOGT NO 16,40230 SAINT-VINCENT-DE-TYROSSE
IMPASSE DU BLASON LOGT NO 17,40230 SAINT-VINCENT-DE-TYROSSE
IMPASSE DU BLASON LOGT NO 18,40230 SAINT-VINCENT-DE-TYROSSE
IMPASSE DU BLASON LOGT NO 19,40230 SAINT-VINCENT-DE-TYROSSE
IMPASSE DU BLASON LOGT NO 20,40230 SAINT-VINCENT-DE-TYROSSE
IMPASSE DU BLASON LOGT NO 21,40230 SAINT-VINCENT-DE-TYROSSE
IMPASSE DU BLASON LOGT NO 22,40230 SAINT-VINCENT-DE-TYROSSE
1 RUE BAYOLLE,40230 SAINT-VINCENT-DE-TYROSSE
2 RUE BAYOLLE,40230 SAINT-VINCENT-DE-TYROSSE
3 RUE BAYOLLE,40230 SAINT-VINCENT-DE-TYROSSE
4 RUE BAYOLLE,40230 SAINT-VINCENT-DE-TYROSSE
5 RUE DE L'AOUILHE,40230 SAINT-VINCENT-DE-TYROSSE
6 RUE DE L'AOUILHE,40230 SAINT-VINCENT-DE-TYROSSE
7 RUE DE L'AOUILHE,40230 SAINT-VINCENT-DE-TYROSSE
8 RUE DE L'AOUILHE,40230 SAINT-VINCENT-DE-TYROSSE
9 RUE CANTERE,40230 SAINT-VINCENT-DE-TYROSSE
10 RUE CANTERE,40230 SAINT-VINCENT-DE-TYROSSE
12 RUE CANTERE,40230 SAINT-VINCENT-DE-TYROSSE
13 RUE CANTERE,40230 SAINT-VINCENT-DE-TYROSSE
14 RUE DE L'AOUILHE,40230 SAINT-VINCENT-DE-TYROSSE
15 RUE DE L'AOUILHE,40230 SAINT-VINCENT-DE-TYROSSE
16 RUE DE L'AOUILHE,40230 SAINT-VINCENT-DE-TYROSSE
17 RUE DE L'AOUILHE,40230 SAINT-VINCENT-DE-TYROSSE
18 RUE DE L'AOUILHE,40230 SAINT-VINCENT-DE-TYROSSE
19 RUE DE L'AOUILHE,40230 SAINT-VINCENT-DE-TYROSSE
20 RUE DE L'AOUILHE,40230 SAINT-VINCENT-DE-TYROSSE
21 RUE CANTERE,40230 SAINT-VINCENT-DE-TYROSSE
23 RUE CANTERE,40230 SAINT-VINCENT-DE-TYROSSE
25 RUE DE L'AOUILHE,40230 SAINT-VINCENT-DE-TYROSSE
26 RUE DE L'AOUILHE,40230 SAINT-VINCENT-DE-TYROSSE
29 RUE DE L'AOUILHE,40230 SAINT-VINCENT-DE-TYROSSE
30 RUE DE L'AOUILHE,40230 SAINT-VINCENT-DE-TYROSSE
41 RUE DES GENETS,40230 SAINT-VINCENT-DE-TYROSSE
43 RUE DES GENETS,40230 SAINT-VINCENT-DE-TYROSSE
45 RUE DES GENETS,40230 SAINT-VINCENT-DE-TYROSSE
47 RUE DES GENETS,40230 SAINT-VINCENT-DE-TYROSSE
33 RUE DES COQUELICOTS,40230 SAINT-VINCENT-DE-TYROSSE
29 RUE DES COQUELICOTS,40230 SAINT-VINCENT-DE-TYROSSE
27 RUE DES COQUELICOTS,40230 SAINT-VINCENT-DE-TYROSSE
23 RUE DES COQUELICOTS,40230 SAINT-VINCENT-DE-TYROSSE
21 RUE DES COQUELICOTS,40230 SAINT-VINCENT-DE-TYROSSE
17 RUE DES COQUELICOTS,40230 SAINT-VINCENT-DE-TYROSSE
15 RUE DES COQUELICOTS,40230 SAINT-VINCENT-DE-TYROSSE
11 RUE DES COQUELICOTS,40230 SAINT-VINCENT-DE-TYROSSE
9 RUE DES COQUELICOTS,40230 SAINT-VINCENT-DE-TYROSSE
7 RUE DES COQUELICOTS,40230 SAINT-VINCENT-DE-TYROSSE
5 RUE DES COQUELICOTS,40230 SAINT-VINCENT-DE-TYROSSE
3 RUE DES COQUELICOTS,40230 SAINT-VINCENT-DE-TYROSSE
1 RUE DES COQUELICOTS,40230 SAINT-VINCENT-DE-TYROSSE
16 RUE DES COQUELICOTS,40230 SAINT-VINCENT-DE-TYROSSE
14 RUE DES COQUELICOTS,40230 SAINT-VINCENT-DE-TYROSSE
12 RUE DES COQUELICOTS,40230 SAINT-VINCENT-DE-TYROSSE
10 RUE DES COQUELICOTS,40230 SAINT-VINCENT-DE-TYROSSE
4 RUE DES COQUELICOTS,40230 SAINT-VINCENT-DE-TYROSSE
2 RUE DES COQUELICOTS,40230 SAINT-VINCENT-DE-TYROSSE
3 AVENUE DU RESINIER,40230 SAINT-VINCENT-DE-TYROSSE
5 AVENUE DU RESINIER,40230 SAINT-VINCENT-DE-TYROSSE
1 IMPASSE DU HAPCHOT,40230 SAINT-VINCENT-DE-TYROSSE
6 IMPASSE DU HAPCHOT,40230 SAINT-VINCENT-DE-TYROSSE
4 IMPASSE DU HAPCHOT,40230 SAINT-VINCENT-DE-TYROSSE
2 IMPASSE DU HAPCHOT,40230 SAINT-VINCENT-DE-TYROSSE
7 AVENUE DU RESINIER,40230 SAINT-VINCENT-DE-TYROSSE
9 AVENUE DU RESINIER,40230 SAINT-VINCENT-DE-TYROSSE
11 AVENUE DU RESINIER,40230 SAINT-VINCENT-DE-TYROSSE
15 AVENUE DU RESINIER,40230 SAINT-VINCENT-DE-TYROSSE
17 AVENUE DU RESINIER,40230 SAINT-VINCENT-DE-TYROSSE
19 AVENUE DU RESINIER,40230 SAINT-VINCENT-DE-TYROSSE
21 AVENUE DU RESINIER,40230 SAINT-VINCENT-DE-TYROSSE
25 AVENUE DU RESINIER,40230 SAINT-VINCENT-DE-TYROSSE
27 AVENUE DU RESINIER,40230 SAINT-VINCENT-DE-TYROSSE
1 IMPASSE DU BAREUSQUIT,40230 SAINT-VINCENT-DE-TYROSSE
3 IMPASSE DU BAREUSQUIT,40230 SAINT-VINCENT-DE-TYROSSE
5 IMPASSE DU BAREUSQUIT,40230 SAINT-VINCENT-DE-TYROSSE
4 IMPASSE DU BAREUSQUIT,40230 SAINT-VINCENT-DE-TYROSSE
2 IMPASSE DU BAREUSQUIT,40230 SAINT-VINCENT-DE-TYROSSE
16 AVENUE DU RESINIER,40230 SAINT-VINCENT-DE-TYROSSE
14 AVENUE DU RESINIER,40230 SAINT-VINCENT-DE-TYROSSE
12 AVENUE DU RESINIER,40230 SAINT-VINCENT-DE-TYROSSE
10 AVENUE DU RESINIER,40230 SAINT-VINCENT-DE-TYROSSE
8 AVENUE DU RESINIER,40230 SAINT-VINCENT-DE-TYROSSE
6 AVENUE DU RESINIER,40230 SAINT-VINCENT-DE-TYROSSE
4 AVENUE DU RESINIER,40230 SAINT-VINCENT-DE-TYROSSE
2 AVENUE DU RESINIER,40230 SAINT-VINCENT-DE-TYROSSE
1 ALLEE DES PRIMEVERES,40230 SAINT-VINCENT-DE-TYROSSE
3 ALLEE DES PRIMEVERES,40230 SAINT-VINCENT-DE-TYROSSE
7 ALLEE DES PRIMEVERES,40230 SAINT-VINCENT-DE-TYROSSE
9 ALLEE DES PRIMEVERES,40230 SAINT-VINCENT-DE-TYROSSE
11 ALLEE DES PRIMEVERES,40230 SAINT-VINCENT-DE-TYROSSE
13 ALLEE DES PRIMEVERES,40230 SAINT-VINCENT-DE-TYROSSE
15 ALLEE DES PRIMEVERES,40230 SAINT-VINCENT-DE-TYROSSE
17 ALLEE DES PRIMEVERES,40230 SAINT-VINCENT-DE-TYROSSE
18 ALLEE DES PRIMEVERES,40230 SAINT-VINCENT-DE-TYROSSE
19 ALLEE DES PRIMEVERES,40230 SAINT-VINCENT-DE-TYROSSE
20 ALLEE DES PRIMEVERES,40230 SAINT-VINCENT-DE-TYROSSE
21 ALLEE DES PRIMEVERES,40230 SAINT-VINCENT-DE-TYROSSE
22 ALLEE DES PRIMEVERES,40230 SAINT-VINCENT-DE-TYROSSE
23 ALLEE DES PRIMEVERES,40230 SAINT-VINCENT-DE-TYROSSE
24 ALLEE DES PRIMEVERES,40230 SAINT-VINCENT-DE-TYROSSE
25 ALLEE DES PRIMEVERES,40230 SAINT-VINCENT-DE-TYROSSE
26 ALLEE DES PRIMEVERES,40230 SAINT-VINCENT-DE-TYROSSE
27 ALLEE DES PRIMEVERES,40230 SAINT-VINCENT-DE-TYROSSE
28 ALLEE DES PRIMEVERES,40230 SAINT-VINCENT-DE-TYROSSE
29 ALLEE DES PRIMEVERES,40230 SAINT-VINCENT-DE-TYROSSE
30 ALLEE DES PRIMEVERES,40230 SAINT-VINCENT-DE-TYROSSE
31 ALLEE DES PRIMEVERES,40230 SAINT-VINCENT-DE-TYROSSE
32 ALLEE DES PRIMEVERES,40230 SAINT-VINCENT-DE-TYROSSE
33 ALLEE DES PRIMEVERES,40230 SAINT-VINCENT-DE-TYROSSE
34 ALLEE DES PRIMEVERES,40230 SAINT-VINCENT-DE-TYROSSE
1 HAMEAU DE LUCATET,40230 SAINT-VINCENT-DE-TYROSSE
3 HAMEAU DE LUCATET,40230 SAINT-VINCENT-DE-TYROSSE
6 HAMEAU DE LUCATET,40230 SAINT-VINCENT-DE-TYROSSE
10 HAMEAU DE LUCATET,40230 SAINT-VINCENT-DE-TYROSSE
12 HAMEAU DE LUCATET,40230 SAINT-VINCENT-DE-TYROSSE
14 AVENUE DU HITTAU,40230 SAINT-VINCENT-DE-TYROSSE
15 AVENUE DU STADE,40230 SAINT-VINCENT-DE-TYROSSE
16 AVENUE DU HITTAU,40230 SAINT-VINCENT-DE-TYROSSE
17 AVENUE DU STADE,40230 SAINT-VINCENT-DE-TYROSSE
18 AVENUE DU HITTAU,40230 SAINT-VINCENT-DE-TYROSSE
20 AVENUE DU HITTAU,40230 SAINT-VINCENT-DE-TYROSSE
15 RUE DU 8 MAI 1945,40190 VILLENEUVE-DE-MARSAN
12 RUE DES GENETS,40160 YCHOUX
10 RUE DES GENETS,40160 YCHOUX
8 RUE DES GENETS,40160 YCHOUX
6 RUE DES GENETS,40160 YCHOUX
4 RUE DES GENETS,40160 YCHOUX
2 RUE DES GENETS,40160 YCHOUX
1 RUE DES GENETS,40160 YCHOUX
3 RUE DES GENETS,40160 YCHOUX
7 RUE DES GENETS,40160 YCHOUX
9 RUE DES GENETS,40160 YCHOUX
11 RUE DES GENETS,40160 YCHOUX
13 RUE DES GENETS,40160 YCHOUX
15 RUE DES GENETS,40160 YCHOUX
17 RUE DES GENETS,40160 YCHOUX
14 RUE DES GENETS,40160 YCHOUX
14 BIS RUE DES GENETS,40160 YCHOUX
18 RUE DES GENETS,40160 YCHOUX
18 BIS RUE DES GENETS,40160 YCHOUX
20 RUE DES GENETS,40160 YCHOUX
20 BIS RUE DES GENETS,40160 YCHOUX
16 BIS RUE DES GENETS,40160 YCHOUX
16 RUE DES GENETS,40160 YCHOUX
19 RUE DES GENETS,40160 YCHOUX
19 BIS RUE DES GENETS,40160 YCHOUX
21 RUE DES GENETS,40160 YCHOUX
23 RUE DES GENETS,40160 YCHOUX
23 BIS RUE DES GENETS,40160 YCHOUX
25 RUE DES GENETS,40160 YCHOUX
25 BIS RUE DES GENETS,40160 YCHOUX
16A RUE DES CHARDONNERETS,40160 YCHOUX
16B RUE DES CHARDONNERETS,40160 YCHOUX
16C RUE DES CHARDONNERETS,40160 YCHOUX
2 TER RUE DES ARBOUSIERS,40160 YCHOUX
2 BIS RUE DES ARBOUSIERS,40160 YCHOUX
1 RUE DES ARBOUSIERS,40160 YCHOUX
3 RUE DES ARBOUSIERS,40160 YCHOUX
3 RUE ROSE DES VENTS,40110 YGOS-SAINT-SATURNIN
5 RUE ROSE DES VENTS,40110 YGOS-SAINT-SATURNIN
9 RUE ROSE DES VENTS,40110 YGOS-SAINT-SATURNIN
20 RUE ROSE DES VENTS,40110 YGOS-SAINT-SATURNIN
14 RUE ROSE DES VENTS,40110 YGOS-SAINT-SATURNIN
10 RUE ROSE DES VENTS,40110 YGOS-SAINT-SATURNIN
6 RUE ROSE DES VENTS,40110 YGOS-SAINT-SATURNIN
4 RUE ROSE DES VENTS,40110 YGOS-SAINT-SATURNIN
31 IMPASSE DES HIRONDELLES,40110 YGOS-SAINT-SATURNIN
35 IMPASSE DES HIRONDELLES,40110 YGOS-SAINT-SATURNIN
51 IMPASSE DES HIRONDELLES,40110 YGOS-SAINT-SATURNIN
55 IMPASSE DES HIRONDELLES,40110 YGOS-SAINT-SATURNIN
81 IMPASSE DES HIRONDELLES,40110 YGOS-SAINT-SATURNIN
85 IMPASSE DES HIRONDELLES,40110 YGOS-SAINT-SATURNIN
84 IMPASSE DES HIRONDELLES,40110 YGOS-SAINT-SATURNIN
80 IMPASSE DES HIRONDELLES,40110 YGOS-SAINT-SATURNIN
54 IMPASSE DES HIRONDELLES,40110 YGOS-SAINT-SATURNIN
50 IMPASSE DES HIRONDELLES,40110 YGOS-SAINT-SATURNIN
34 IMPASSE DES HIRONDELLES,40110 YGOS-SAINT-SATURNIN
30 IMPASSE DES HIRONDELLES,40110 YGOS-SAINT-SATURNIN
