ID_XLH,ADRESSE_3,ADRESSE_4
AG01010001,354 ROUTE DE SORE,40430 ARGELOUSE
AG01010002,370 ROUTE DE SORE,40430 ARGELOUSE
AG01010003,408 ROUTE DE SORE,40430 ARGELOUSE
AG01010004,416 ROUTE DE SORE,40430 ARGELOUSE
AI02010001,AVENUE DES TILLEULS,40800 AIRE-SUR-L'ADOUR
AI02010002,AVENUE DES TILLEULS,40800 AIRE-SUR-L'ADOUR
AI02010003,AVENUE DES TILLEULS,40800 AIRE-SUR-L'ADOUR
AI02010004,AVENUE DES TILLEULS,40800 AIRE-SUR-L'ADOUR
AI02010005,AVENUE DES TILLEULS,40800 AIRE-SUR-L'ADOUR
AI02010006,AVENUE DES TILLEULS,40800 AIRE-SUR-L'ADOUR
AI02010007,AVENUE DES TILLEULS,40800 AIRE-SUR-L'ADOUR
AI02010008,AVENUE DES TILLEULS,40800 AIRE-SUR-L'ADOUR
AI02010009,AVENUE DES TILLEULS,40800 AIRE-SUR-L'ADOUR
AI02010010,AVENUE DES TILLEULS,40800 AIRE-SUR-L'ADOUR
AI02010011,AVENUE DES TILLEULS,40800 AIRE-SUR-L'ADOUR
AI02010012,AVENUE DES TILLEULS,40800 AIRE-SUR-L'ADOUR
AI02020001,AVENUE DES TILLEULS,40800 AIRE-SUR-L'ADOUR
AI02020002,AVENUE DES TILLEULS,40800 AIRE-SUR-L'ADOUR
AI02020003,AVENUE DES TILLEULS,40800 AIRE-SUR-L'ADOUR
AI02020004,AVENUE DES TILLEULS,40800 AIRE-SUR-L'ADOUR
AI02020005,AVENUE DES TILLEULS,40800 AIRE-SUR-L'ADOUR
AI02020006,AVENUE DES TILLEULS,40800 AIRE-SUR-L'ADOUR
AI02020007,AVENUE DES TILLEULS,40800 AIRE-SUR-L'ADOUR
AI02020008,AVENUE DES TILLEULS,40800 AIRE-SUR-L'ADOUR
AI02030001,AVENUE DES TILLEULS,40800 AIRE-SUR-L'ADOUR
AI02030002,AVENUE DES TILLEULS,40800 AIRE-SUR-L'ADOUR
AI02030003,AVENUE DES TILLEULS,40800 AIRE-SUR-L'ADOUR
AI02030004,AVENUE DES TILLEULS,40800 AIRE-SUR-L'ADOUR
AI02030005,AVENUE DES TILLEULS,40800 AIRE-SUR-L'ADOUR
AI02030006,AVENUE DES TILLEULS,40800 AIRE-SUR-L'ADOUR
AI02030007,AVENUE DES TILLEULS,40800 AIRE-SUR-L'ADOUR
AI02030008,AVENUE DES TILLEULS,40800 AIRE-SUR-L'ADOUR
AI02030009,AVENUE DES TILLEULS,40800 AIRE-SUR-L'ADOUR
AI02030010,AVENUE DES TILLEULS,40800 AIRE-SUR-L'ADOUR
AI02030011,AVENUE DES TILLEULS,40800 AIRE-SUR-L'ADOUR
AI02030012,AVENUE DES TILLEULS,40800 AIRE-SUR-L'ADOUR
AI02040001,AVENUE DES TILLEULS,40800 AIRE-SUR-L'ADOUR
AI02040002,AVENUE DES TILLEULS,40800 AIRE-SUR-L'ADOUR
AI02040003,AVENUE DES TILLEULS,40800 AIRE-SUR-L'ADOUR
AI02040004,AVENUE DES TILLEULS,40800 AIRE-SUR-L'ADOUR
AI02040005,AVENUE DES TILLEULS,40800 AIRE-SUR-L'ADOUR
AI02040006,AVENUE DES TILLEULS,40800 AIRE-SUR-L'ADOUR
AI02040007,AVENUE DES TILLEULS,40800 AIRE-SUR-L'ADOUR
AI02040008,AVENUE DES TILLEULS,40800 AIRE-SUR-L'ADOUR
AI02050001,AVENUE DES TILLEULS,40800 AIRE-SUR-L'ADOUR
AI02050002,AVENUE DES TILLEULS,40800 AIRE-SUR-L'ADOUR
AI02050003,AVENUE DES TILLEULS,40800 AIRE-SUR-L'ADOUR
AI02050004,AVENUE DES TILLEULS,40800 AIRE-SUR-L'ADOUR
AI02050005,AVENUE DES TILLEULS,40800 AIRE-SUR-L'ADOUR
AI02050006,AVENUE DES TILLEULS,40800 AIRE-SUR-L'ADOUR
AI02050007,AVENUE DES TILLEULS,40800 AIRE-SUR-L'ADOUR
AI02050008,AVENUE DES TILLEULS,40800 AIRE-SUR-L'ADOUR
AI02050009,AVENUE DES TILLEULS,40800 AIRE-SUR-L'ADOUR
AI02050010,AVENUE DES TILLEULS,40800 AIRE-SUR-L'ADOUR
AI02050011,AVENUE DES TILLEULS,40800 AIRE-SUR-L'ADOUR
AI02050012,AVENUE DES TILLEULS,40800 AIRE-SUR-L'ADOUR
AI02060001,AVENUE DES TILLEULS,40800 AIRE-SUR-L'ADOUR
AI02060002,AVENUE DES TILLEULS,40800 AIRE-SUR-L'ADOUR
AI02060003,AVENUE DES TILLEULS,40800 AIRE-SUR-L'ADOUR
AI02060004,AVENUE DES TILLEULS,40800 AIRE-SUR-L'ADOUR
AI02060005,AVENUE DES TILLEULS,40800 AIRE-SUR-L'ADOUR
AI02060006,AVENUE DES TILLEULS,40800 AIRE-SUR-L'ADOUR
AI02060007,AVENUE DES TILLEULS,40800 AIRE-SUR-L'ADOUR
AI02060008,AVENUE DES TILLEULS,40800 AIRE-SUR-L'ADOUR
AI02060009,AVENUE DES TILLEULS,40800 AIRE-SUR-L'ADOUR
AI02060010,AVENUE DES TILLEULS,40800 AIRE-SUR-L'ADOUR
AI02060011,AVENUE DES TILLEULS,40800 AIRE-SUR-L'ADOUR
AI02060012,AVENUE DES TILLEULS,40800 AIRE-SUR-L'ADOUR
AI03010001,RUE DU COMMANDANT PARISOT,40800 AIRE-SUR-L'ADOUR
AI03010002,RUE DU COMMANDANT PARISOT,40800 AIRE-SUR-L'ADOUR
AI03010003,RUE DU COMMANDANT PARISOT,40800 AIRE-SUR-L'ADOUR
AI03010004,RUE DU COMMANDANT PARISOT,40800 AIRE-SUR-L'ADOUR
AI03010005,RUE DU COMMANDANT PARISOT,40800 AIRE-SUR-L'ADOUR
AI03010006,RUE DU COMMANDANT PARISOT,40800 AIRE-SUR-L'ADOUR
AI03010007,RUE DU COMMANDANT PARISOT,40800 AIRE-SUR-L'ADOUR
AI03010008,RUE DU COMMANDANT PARISOT,40800 AIRE-SUR-L'ADOUR
AI03010009,RUE DU COMMANDANT PARISOT,40800 AIRE-SUR-L'ADOUR
AI03010010,RUE DU COMMANDANT PARISOT,40800 AIRE-SUR-L'ADOUR
AI03010011,RUE DU COMMANDANT PARISOT,40800 AIRE-SUR-L'ADOUR
AI03010012,RUE DU COMMANDANT PARISOT,40800 AIRE-SUR-L'ADOUR
AI03010013,RUE DU COMMANDANT PARISOT,40800 AIRE-SUR-L'ADOUR
AI03010014,RUE DU COMMANDANT PARISOT,40800 AIRE-SUR-L'ADOUR
AI03010015,RUE DU COMMANDANT PARISOT,40800 AIRE-SUR-L'ADOUR
AI03020001,RUE DU COMMANDANT PARISOT,40800 AIRE-SUR-L'ADOUR
AI03020002,RUE DU COMMANDANT PARISOT,40800 AIRE-SUR-L'ADOUR
AI03020003,RUE DU COMMANDANT PARISOT,40800 AIRE-SUR-L'ADOUR
AI03020004,RUE DU COMMANDANT PARISOT,40800 AIRE-SUR-L'ADOUR
AI03020005,RUE DU COMMANDANT PARISOT,40800 AIRE-SUR-L'ADOUR
AI03020006,RUE DU COMMANDANT PARISOT,40800 AIRE-SUR-L'ADOUR
AI03020007,RUE DU COMMANDANT PARISOT,40800 AIRE-SUR-L'ADOUR
AI03020008,RUE DU COMMANDANT PARISOT,40800 AIRE-SUR-L'ADOUR
AI03020009,RUE DU COMMANDANT PARISOT,40800 AIRE-SUR-L'ADOUR
AI03020010,RUE DU COMMANDANT PARISOT,40800 AIRE-SUR-L'ADOUR
AI03020011,RUE DU COMMANDANT PARISOT,40800 AIRE-SUR-L'ADOUR
AI03020012,RUE DU COMMANDANT PARISOT,40800 AIRE-SUR-L'ADOUR
AI03020013,RUE DU COMMANDANT PARISOT,40800 AIRE-SUR-L'ADOUR
AI03020014,RUE DU COMMANDANT PARISOT,40800 AIRE-SUR-L'ADOUR
AI03020015,RUE DU COMMANDANT PARISOT,40800 AIRE-SUR-L'ADOUR
AI04010001,ROUTE DE GUILLON,40800 AIRE-SUR-L'ADOUR
AI04010002,ROUTE DE GUILLON,40800 AIRE-SUR-L'ADOUR
AI04010003,ROUTE DE GUILLON,40800 AIRE-SUR-L'ADOUR
AI04010004,ROUTE DE GUILLON,40800 AIRE-SUR-L'ADOUR
AI04010005,ROUTE DE GUILLON,40800 AIRE-SUR-L'ADOUR
AI04010006,ROUTE DE GUILLON,40800 AIRE-SUR-L'ADOUR
AI04010007,ROUTE DE GUILLON,40800 AIRE-SUR-L'ADOUR
AI04010008,ROUTE DE GUILLON,40800 AIRE-SUR-L'ADOUR
AI04010009,ROUTE DE GUILLON,40800 AIRE-SUR-L'ADOUR
AI04010010,ROUTE DE GUILLON,40800 AIRE-SUR-L'ADOUR
AI04010011,ROUTE DE GUILLON,40800 AIRE-SUR-L'ADOUR
AI04010012,ROUTE DE GUILLON,40800 AIRE-SUR-L'ADOUR
AI04010013,ROUTE DE GUILLON,40800 AIRE-SUR-L'ADOUR
AI04010014,ROUTE DE GUILLON,40800 AIRE-SUR-L'ADOUR
AI04010015,ROUTE DE GUILLON,40800 AIRE-SUR-L'ADOUR
AI04010016,ROUTE DE GUILLON,40800 AIRE-SUR-L'ADOUR
AI04010017,ROUTE DE GUILLON,40800 AIRE-SUR-L'ADOUR
AI04010018,ROUTE DE GUILLON,40800 AIRE-SUR-L'ADOUR
AI04020001,ROUTE DE GUILLON,40800 AIRE-SUR-L'ADOUR
AI04020002,ROUTE DE GUILLON,40800 AIRE-SUR-L'ADOUR
AI04020003,ROUTE DE GUILLON,40800 AIRE-SUR-L'ADOUR
AI04020004,ROUTE DE GUILLON,40800 AIRE-SUR-L'ADOUR
AI04020005,ROUTE DE GUILLON,40800 AIRE-SUR-L'ADOUR
AI04020006,ROUTE DE GUILLON,40800 AIRE-SUR-L'ADOUR
AI04020007,ROUTE DE GUILLON,40800 AIRE-SUR-L'ADOUR
AI04020008,ROUTE DE GUILLON,40800 AIRE-SUR-L'ADOUR
AI04020009,ROUTE DE GUILLON,40800 AIRE-SUR-L'ADOUR
AI04020010,ROUTE DE GUILLON,40800 AIRE-SUR-L'ADOUR
AI04020011,ROUTE DE GUILLON,40800 AIRE-SUR-L'ADOUR
AI04020012,ROUTE DE GUILLON,40800 AIRE-SUR-L'ADOUR
AI04020013,ROUTE DE GUILLON,40800 AIRE-SUR-L'ADOUR
AI04020014,ROUTE DE GUILLON,40800 AIRE-SUR-L'ADOUR
AI04020015,ROUTE DE GUILLON,40800 AIRE-SUR-L'ADOUR
AI04020016,ROUTE DE GUILLON,40800 AIRE-SUR-L'ADOUR
AI04020017,ROUTE DE GUILLON,40800 AIRE-SUR-L'ADOUR
AI04020018,ROUTE DE GUILLON,40800 AIRE-SUR-L'ADOUR
AI04020019,ROUTE DE GUILLON,40800 AIRE-SUR-L'ADOUR
AI04020020,ROUTE DE GUILLON,40800 AIRE-SUR-L'ADOUR
AI04020021,ROUTE DE GUILLON,40800 AIRE-SUR-L'ADOUR
AI04020022,ROUTE DE GUILLON,40800 AIRE-SUR-L'ADOUR
AI05010001,CITE GUILLON II,40800 AIRE-SUR-L'ADOUR
AI05010002,CITE GUILLON II,40800 AIRE-SUR-L'ADOUR
AI05010003,CITE GUILLON II,40800 AIRE-SUR-L'ADOUR
AI05010004,CITE GUILLON II,40800 AIRE-SUR-L'ADOUR
AI05010005,CITE GUILLON II,40800 AIRE-SUR-L'ADOUR
AI05010006,CITE GUILLON II,40800 AIRE-SUR-L'ADOUR
AI05010007,CITE GUILLON II,40800 AIRE-SUR-L'ADOUR
AI05010008,CITE GUILLON II,40800 AIRE-SUR-L'ADOUR
AI05010009,CITE GUILLON II,40800 AIRE-SUR-L'ADOUR
AI05010010,CITE GUILLON II,40800 AIRE-SUR-L'ADOUR
AI05010011,CITE GUILLON II,40800 AIRE-SUR-L'ADOUR
AI05010012,CITE GUILLON II,40800 AIRE-SUR-L'ADOUR
AI05010013,CITE GUILLON II,40800 AIRE-SUR-L'ADOUR
AI05010014,CITE GUILLON II,40800 AIRE-SUR-L'ADOUR
AI05010015,CITE GUILLON II,40800 AIRE-SUR-L'ADOUR
AI05020001,CITE GUILLON II,40800 AIRE-SUR-L'ADOUR
AI05020002,CITE GUILLON II,40800 AIRE-SUR-L'ADOUR
AI05020003,CITE GUILLON II,40800 AIRE-SUR-L'ADOUR
AI05020004,CITE GUILLON II,40800 AIRE-SUR-L'ADOUR
AI05020005,CITE GUILLON II,40800 AIRE-SUR-L'ADOUR
AI05020006,CITE GUILLON II,40800 AIRE-SUR-L'ADOUR
AI05020007,CITE GUILLON II,40800 AIRE-SUR-L'ADOUR
AI05020008,CITE GUILLON II,40800 AIRE-SUR-L'ADOUR
AI05020009,CITE GUILLON II,40800 AIRE-SUR-L'ADOUR
AI05020010,CITE GUILLON II,40800 AIRE-SUR-L'ADOUR
AI05020011,CITE GUILLON II,40800 AIRE-SUR-L'ADOUR
AI05020012,CITE GUILLON II,40800 AIRE-SUR-L'ADOUR
AI05020013,CITE GUILLON II,40800 AIRE-SUR-L'ADOUR
AI05020014,CITE GUILLON II,40800 AIRE-SUR-L'ADOUR
AI05020015,CITE GUILLON II,40800 AIRE-SUR-L'ADOUR
AI05020016,CITE GUILLON II,40800 AIRE-SUR-L'ADOUR
AI06010001,LES RIVES DE L'ADOUR,40800 AIRE-SUR-L'ADOUR
AI06010002,LES RIVES DE L'ADOUR,40800 AIRE-SUR-L'ADOUR
AI06010003,LES RIVES DE L'ADOUR,40800 AIRE-SUR-L'ADOUR
AI06010004,LES RIVES DE L'ADOUR,40800 AIRE-SUR-L'ADOUR
AI06010005,LES RIVES DE L'ADOUR,40800 AIRE-SUR-L'ADOUR
AI06010006,LES RIVES DE L'ADOUR,40800 AIRE-SUR-L'ADOUR
AI06010007,LES RIVES DE L'ADOUR,40800 AIRE-SUR-L'ADOUR
AI06010008,LES RIVES DE L'ADOUR,40800 AIRE-SUR-L'ADOUR
AI06010009,LES RIVES DE L'ADOUR,40800 AIRE-SUR-L'ADOUR
AI06010010,LES RIVES DE L'ADOUR,40800 AIRE-SUR-L'ADOUR
AI06010011,LES RIVES DE L'ADOUR,40800 AIRE-SUR-L'ADOUR
AI06010012,LES RIVES DE L'ADOUR,40800 AIRE-SUR-L'ADOUR
AI06010013,LES RIVES DE L'ADOUR,40800 AIRE-SUR-L'ADOUR
AI07020001,LES RIVES DE L'ADOUR,40800 AIRE-SUR-L'ADOUR
AI07020002,LES RIVES DE L'ADOUR,40800 AIRE-SUR-L'ADOUR
AI07020003,LES RIVES DE L'ADOUR,40800 AIRE-SUR-L'ADOUR
AI07020004,LES RIVES DE L'ADOUR,40800 AIRE-SUR-L'ADOUR
AI07020005,LES RIVES DE L'ADOUR,40800 AIRE-SUR-L'ADOUR
AI07020006,LES RIVES DE L'ADOUR,40800 AIRE-SUR-L'ADOUR
AI07020007,LES RIVES DE L'ADOUR,40800 AIRE-SUR-L'ADOUR
AI07020008,LES RIVES DE L'ADOUR,40800 AIRE-SUR-L'ADOUR
AI07020009,LES RIVES DE L'ADOUR,40800 AIRE-SUR-L'ADOUR
AI07020010,LES RIVES DE L'ADOUR,40800 AIRE-SUR-L'ADOUR
AI07020011,LES RIVES DE L'ADOUR,40800 AIRE-SUR-L'ADOUR
AI07020012,LES RIVES DE L'ADOUR,40800 AIRE-SUR-L'ADOUR
AI07020013,LES RIVES DE L'ADOUR,40800 AIRE-SUR-L'ADOUR
AI07020014,LES RIVES DE L'ADOUR,40800 AIRE-SUR-L'ADOUR
AI07020015,LES RIVES DE L'ADOUR,40800 AIRE-SUR-L'ADOUR
AI09010001,RUE DU 13 JUIN,40800 AIRE-SUR-L'ADOUR
AI09010002,RUE DU 13 JUIN,40800 AIRE-SUR-L'ADOUR
AI09010003,RUE DU 13 JUIN,40800 AIRE-SUR-L'ADOUR
AI09010004,RUE DU 13 JUIN,40800 AIRE-SUR-L'ADOUR
AI09010005,RUE DU 13 JUIN,40800 AIRE-SUR-L'ADOUR
AI09010006,RUE DU 13 JUIN,40800 AIRE-SUR-L'ADOUR
AI10010011,22 RUE CARNOT,40800 AIRE-SUR-L'ADOUR
AI10010012,22 RUE CARNOT,40800 AIRE-SUR-L'ADOUR
AI10010013,22 RUE CARNOT,40800 AIRE-SUR-L'ADOUR
AI10010014,22 RUE CARNOT,40800 AIRE-SUR-L'ADOUR
AI10010015,22 RUE CARNOT,40800 AIRE-SUR-L'ADOUR
AI10010016,22 RUE CARNOT,40800 AIRE-SUR-L'ADOUR
AI10010017,22 RUE CARNOT,40800 AIRE-SUR-L'ADOUR
AI10010021,22 RUE CARNOT,40800 AIRE-SUR-L'ADOUR
AI10010022,22 RUE CARNOT,40800 AIRE-SUR-L'ADOUR
AI10010023,22 RUE CARNOT,40800 AIRE-SUR-L'ADOUR
AI10010031,22 RUE CARNOT,40800 AIRE-SUR-L'ADOUR
AI10010032,22 RUE CARNOT,40800 AIRE-SUR-L'ADOUR
AI10010033,22 RUE CARNOT,40800 AIRE-SUR-L'ADOUR
AI11010001,69 AVENUE DE BORDEAUX,40800 AIRE-SUR-L'ADOUR
AI11010002,69 BIS AVENUE DE BORDEAUX,40800 AIRE-SUR-L'ADOUR
AI11010003,71 AVENUE DE BORDEAUX,40800 AIRE-SUR-L'ADOUR
AI11010004,71 BIS AVENUE DE BORDEAUX,40800 AIRE-SUR-L'ADOUR
AI11010005,73 AVENUE DE BORDEAUX,40800 AIRE-SUR-L'ADOUR
AI11010006,73 BIS AVENUE DE BORDEAUX,40800 AIRE-SUR-L'ADOUR
AI11010007,75 AVENUE DE BORDEAUX,40800 AIRE-SUR-L'ADOUR
AI11010008,75 BIS AVENUE DE BORDEAUX,40800 AIRE-SUR-L'ADOUR
AI12010001,96 CHEMIN DE PERROT,40800 AIRE-SUR-L'ADOUR
AI12010002,114 CHEMIN DE PERROT,40800 AIRE-SUR-L'ADOUR
AI12010003,126 CHEMIN DE PERROT,40800 AIRE-SUR-L'ADOUR
AI12010004,140 CHEMIN DE PERROT,40800 AIRE-SUR-L'ADOUR
AI12010005,168 CHEMIN DE PERROT,40800 AIRE-SUR-L'ADOUR
AI12010006,170 CHEMIN DE PERROT,40800 AIRE-SUR-L'ADOUR
AI12010007,65 RUE DU SOUVENIR FRANCAIS,40800 AIRE-SUR-L'ADOUR
AI12010008,67 RUE DU SOUVENIR FRANCAIS,40800 AIRE-SUR-L'ADOUR
AI12010009,61 RUE DU SOUVENIR FRANCAIS,40800 AIRE-SUR-L'ADOUR
AI12010010,63 RUE DU SOUVENIR FRANCAIS,40800 AIRE-SUR-L'ADOUR
AI12010011,59 RUE DU SOUVENIR FRANCAIS,40800 AIRE-SUR-L'ADOUR
AI12010012,57 RUE DU SOUVENIR FRANCAIS,40800 AIRE-SUR-L'ADOUR
AI12010013,58 RUE DU SOUVENIR FRANCAIS,40800 AIRE-SUR-L'ADOUR
AI12010014,60 RUE DU SOUVENIR FRANCAIS,40800 AIRE-SUR-L'ADOUR
AI12010015,62 RUE DU SOUVENIR FRANCAIS,40800 AIRE-SUR-L'ADOUR
AI12010016,64 RUE DU SOUVENIR FRANCAIS,40800 AIRE-SUR-L'ADOUR
AI12010017,66 RUE DU SOUVENIR FRANCAIS,40800 AIRE-SUR-L'ADOUR
AI12010018,68 RUE DU SOUVENIR FRANCAIS,40800 AIRE-SUR-L'ADOUR
AI12010019,70 RUE DU SOUVENIR FRANCAIS,40800 AIRE-SUR-L'ADOUR
AI12010020,72 RUE DU SOUVENIR FRANCAIS,40800 AIRE-SUR-L'ADOUR
AI12010021,74 RUE DU SOUVENIR FRANCAIS,40800 AIRE-SUR-L'ADOUR
AI12010022,76 RUE DU SOUVENIR FRANCAIS,40800 AIRE-SUR-L'ADOUR
AI12010023,250 CHEMIN DE PERROT,40800 AIRE-SUR-L'ADOUR
AI12010024,242 CHEMIN DE PERROT,40800 AIRE-SUR-L'ADOUR
AI13010001,6 RUE DE LA LIBERATION,40800 AIRE-SUR-L'ADOUR
AI13010002,6 RUE DE LA LIBERATION,40800 AIRE-SUR-L'ADOUR
AI13010003,6 RUE DE LA LIBERATION,40800 AIRE-SUR-L'ADOUR
AI13010004,6 RUE DE LA LIBERATION,40800 AIRE-SUR-L'ADOUR
AI13010005,6 RUE DE LA LIBERATION,40800 AIRE-SUR-L'ADOUR
AI13010006,6 RUE DE LA LIBERATION,40800 AIRE-SUR-L'ADOUR
AI13010007,6 RUE DE LA LIBERATION,40800 AIRE-SUR-L'ADOUR
AI13010008,6 RUE DE LA LIBERATION,40800 AIRE-SUR-L'ADOUR
AI13010009,6 RUE DE LA LIBERATION,40800 AIRE-SUR-L'ADOUR
AI13010010,6 RUE DE LA LIBERATION,40800 AIRE-SUR-L'ADOUR
AI13010011,6 RUE DE LA LIBERATION,40800 AIRE-SUR-L'ADOUR
AI13010012,6 RUE DE LA LIBERATION,40800 AIRE-SUR-L'ADOUR
AI13010013,6 RUE DE LA LIBERATION,40800 AIRE-SUR-L'ADOUR
AI13010014,6 RUE DE LA LIBERATION,40800 AIRE-SUR-L'ADOUR
AI13010015,6 RUE DE LA LIBERATION,40800 AIRE-SUR-L'ADOUR
AI13010016,6 RUE DE LA LIBERATION,40800 AIRE-SUR-L'ADOUR
AI14010001,56 RUE DU SOUVENIR FRANCAIS,40800 AIRE-SUR-L'ADOUR
AI14010002,54 RUE DU SOUVENIR FRANCAIS,40800 AIRE-SUR-L'ADOUR
AI14010005,44 RUE DU SOUVENIR FRANCAIS,40800 AIRE-SUR-L'ADOUR
AI14010006,39 RUE DU SOUVENIR FRANCAIS,40800 AIRE-SUR-L'ADOUR
AI14010007,41 RUE DU SOUVENIR FRANCAIS,40800 AIRE-SUR-L'ADOUR
AI14010010,47 RUE DU SOUVENIR FRANCAIS,40800 AIRE-SUR-L'ADOUR
AI14010011,49 RUE DU SOUVENIR FRANCAIS,40800 AIRE-SUR-L'ADOUR
AI14010012,51 RUE DU SOUVENIR FRANCAIS,40800 AIRE-SUR-L'ADOUR
AI14010013,53 RUE DU SOUVENIR FRANCAIS,40800 AIRE-SUR-L'ADOUR
AI14010014,55 RUE DU SOUVENIR FRANCAIS,40800 AIRE-SUR-L'ADOUR
AI15010001,50 AVENUE DE BORDEAUX,40800 AIRE-SUR-L'ADOUR
AI15010002,50 BIS AVENUE DE BORDEAUX,40800 AIRE-SUR-L'ADOUR
AI15010003,52 AVENUE DE BORDEAUX,40800 AIRE-SUR-L'ADOUR
AI15010004,52 BIS AVENUE DE BORDEAUX,40800 AIRE-SUR-L'ADOUR
AI15010005,54 AVENUE DE BORDEAUX,40800 AIRE-SUR-L'ADOUR
AI15010006,54 BIS AVENUE DE BORDEAUX,40800 AIRE-SUR-L'ADOUR
AI15010007,56 AVENUE DE BORDEAUX,40800 AIRE-SUR-L'ADOUR
AI15010008,56 BIS AVENUE DE BORDEAUX,40800 AIRE-SUR-L'ADOUR
AI16010001,45 RUE FELIX DESPAGNET,40800 AIRE-SUR-L'ADOUR
AI16010002,45 RUE FELIX DESPAGNET,40800 AIRE-SUR-L'ADOUR
AI16010003,45 RUE FELIX DESPAGNET,40800 AIRE-SUR-L'ADOUR
AI16010004,45 RUE FELIX DESPAGNET,40800 AIRE-SUR-L'ADOUR
AI16010005,45 RUE FELIX DESPAGNET,40800 AIRE-SUR-L'ADOUR
AI16010006,45 RUE FELIX DESPAGNET,40800 AIRE-SUR-L'ADOUR
AI16010007,45 RUE FELIX DESPAGNET,40800 AIRE-SUR-L'ADOUR
AI16010008,45 RUE FELIX DESPAGNET,40800 AIRE-SUR-L'ADOUR
AI16010009,45 RUE FELIX DESPAGNET,40800 AIRE-SUR-L'ADOUR
AI16010010,45 RUE FELIX DESPAGNET,40800 AIRE-SUR-L'ADOUR
AI16010011,45 RUE FELIX DESPAGNET,40800 AIRE-SUR-L'ADOUR
AI16010012,45 RUE FELIX DESPAGNET,40800 AIRE-SUR-L'ADOUR
AI16010013,45 RUE FELIX DESPAGNET,40800 AIRE-SUR-L'ADOUR
AI16010014,45 RUE FELIX DESPAGNET,40800 AIRE-SUR-L'ADOUR
AI16010015,45 RUE FELIX DESPAGNET,40800 AIRE-SUR-L'ADOUR
AI16010016,45 RUE FELIX DESPAGNET,40800 AIRE-SUR-L'ADOUR
AI16010017,45 RUE FELIX DESPAGNET,40800 AIRE-SUR-L'ADOUR
AI16010018,45 RUE FELIX DESPAGNET,40800 AIRE-SUR-L'ADOUR
AI16010019,45 RUE FELIX DESPAGNET,40800 AIRE-SUR-L'ADOUR
AI16010020,45 RUE FELIX DESPAGNET,40800 AIRE-SUR-L'ADOUR
AI16010021,45 RUE FELIX DESPAGNET,40800 AIRE-SUR-L'ADOUR
AI16010022,45 RUE FELIX DESPAGNET,40800 AIRE-SUR-L'ADOUR
AI16010023,45 RUE FELIX DESPAGNET,40800 AIRE-SUR-L'ADOUR
AI16010024,45 RUE FELIX DESPAGNET,40800 AIRE-SUR-L'ADOUR
AI16010025,45 RUE FELIX DESPAGNET,40800 AIRE-SUR-L'ADOUR
AI16010026,45 RUE FELIX DESPAGNET,40800 AIRE-SUR-L'ADOUR
AI16010027,45 RUE FELIX DESPAGNET,40800 AIRE-SUR-L'ADOUR
AI16010028,45 RUE FELIX DESPAGNET,40800 AIRE-SUR-L'ADOUR
AI16010029,45 RUE FELIX DESPAGNET,40800 AIRE-SUR-L'ADOUR
AI16010030,45 RUE FELIX DESPAGNET,40800 AIRE-SUR-L'ADOUR
AI16010031,45 RUE FELIX DESPAGNET,40800 AIRE-SUR-L'ADOUR
AI16010032,45 RUE FELIX DESPAGNET,40800 AIRE-SUR-L'ADOUR
AI16010033,45 RUE FELIX DESPAGNET,40800 AIRE-SUR-L'ADOUR
AI16010034,45 RUE FELIX DESPAGNET,40800 AIRE-SUR-L'ADOUR
AI16010035,45 RUE FELIX DESPAGNET,40800 AIRE-SUR-L'ADOUR
AI16010036,45 RUE FELIX DESPAGNET,40800 AIRE-SUR-L'ADOUR
AI16010037,45 RUE FELIX DESPAGNET,40800 AIRE-SUR-L'ADOUR
AI16010038,45 RUE FELIX DESPAGNET,40800 AIRE-SUR-L'ADOUR
AI16010039,45 RUE FELIX DESPAGNET,40800 AIRE-SUR-L'ADOUR
AI16010040,45 RUE FELIX DESPAGNET,40800 AIRE-SUR-L'ADOUR
AI16010041,45 RUE FELIX DESPAGNET,40800 AIRE-SUR-L'ADOUR
AI16010042,45 RUE FELIX DESPAGNET,40800 AIRE-SUR-L'ADOUR
AI16010043,45 RUE FELIX DESPAGNET,40800 AIRE-SUR-L'ADOUR
AI16010044,45 RUE FELIX DESPAGNET,40800 AIRE-SUR-L'ADOUR
AI16010045,45 RUE FELIX DESPAGNET,40800 AIRE-SUR-L'ADOUR
AI16010046,45 RUE FELIX DESPAGNET,40800 AIRE-SUR-L'ADOUR
AI16010047,45 RUE FELIX DESPAGNET,40800 AIRE-SUR-L'ADOUR
AI21010001,16 RUE JEAN ROSTAND,40800 AIRE-SUR-L'ADOUR
AI21010002,16 RUE JEAN ROSTAND,40800 AIRE-SUR-L'ADOUR
AI21010003,16 RUE JEAN ROSTAND,40800 AIRE-SUR-L'ADOUR
AI21010004,16 RUE JEAN ROSTAND,40800 AIRE-SUR-L'ADOUR
AI21010005,16 RUE JEAN ROSTAND,40800 AIRE-SUR-L'ADOUR
AI21010006,16 RUE JEAN ROSTAND,40800 AIRE-SUR-L'ADOUR
AI21010007,16 RUE JEAN ROSTAND,40800 AIRE-SUR-L'ADOUR
AI21010008,16 RUE JEAN ROSTAND,40800 AIRE-SUR-L'ADOUR
AI21010009,16 RUE JEAN ROSTAND,40800 AIRE-SUR-L'ADOUR
AI21010010,16 RUE JEAN ROSTAND,40800 AIRE-SUR-L'ADOUR
AI21010011,16 RUE JEAN ROSTAND,40800 AIRE-SUR-L'ADOUR
AI21010012,16 RUE JEAN ROSTAND,40800 AIRE-SUR-L'ADOUR
AM01010001,185 AVENUE DE L OCEAN,40330 AMOU
AM01010002,185 AVENUE DE L OCEAN,40330 AMOU
AM01010003,185 AVENUE DE L OCEAN,40330 AMOU
AM01010004,185 AVENUE DE L OCEAN,40330 AMOU
AM01010005,185 AVENUE DE L OCEAN,40330 AMOU
AM01010006,185 AVENUE DE L OCEAN,40330 AMOU
AM01010007,185 AVENUE DE L OCEAN,40330 AMOU
AM01010008,185 AVENUE DE L OCEAN,40330 AMOU
AM01010009,185 AVENUE DE L OCEAN,40330 AMOU
AN02010005,803 ROUTE DE LA TUILERIE,40200 AUREILHAN
AN02010006,803 ROUTE DE LA TUILERIE,40200 AUREILHAN
AN02010007,803 ROUTE DE LA TUILERIE,40200 AUREILHAN
AN02010008,803 ROUTE DE LA TUILERIE,40200 AUREILHAN
AN02010009,803 ROUTE DE LA TUILERIE,40200 AUREILHAN
AN02010010,803 ROUTE DE LA TUILERIE,40200 AUREILHAN
AN02010011,803 ROUTE DE LA TUILERIE,40200 AUREILHAN
AN02010012,803 ROUTE DE LA TUILERIE,40200 AUREILHAN
AO01010001,790 RUE GRACIAN,40990 ANGOUME
AO01010002,800 RUE GRACIAN,40990 ANGOUME
AO01010003,817 RUE GRACIAN,40990 ANGOUME
AO01010004,820 RUE GRACIAN,40990 ANGOUME
AR02010001,21 IMPASSE DU GUIBE ROUY,40150 ANGRESSE
AR02010002,21 IMPASSE DU GUIBE ROUY,40150 ANGRESSE
AR02010003,21 IMPASSE DU GUIBE ROUY,40150 ANGRESSE
AR02010004,21 IMPASSE DU GUIBE ROUY,40150 ANGRESSE
AR02010005,21 IMPASSE DU GUIBE ROUY,40150 ANGRESSE
AR02010006,21 IMPASSE DU GUIBE ROUY,40150 ANGRESSE
AR02020001,194 ALLEE JEAN CAZENAVE,40150 ANGRESSE
AR02020002,194 ALLEE JEAN CAZENAVE,40150 ANGRESSE
AR02020003,194 ALLEE JEAN CAZENAVE,40150 ANGRESSE
AR02020004,194 ALLEE JEAN CAZENAVE,40150 ANGRESSE
AR02020005,194 ALLEE JEAN CAZENAVE,40150 ANGRESSE
AR02020006,194 ALLEE JEAN CAZENAVE,40150 ANGRESSE
AR03010001,253 RUE DU CANAL BLANC,40150 ANGRESSE
AR03010002,253 RUE DU CANAL BLANC,40150 ANGRESSE
AR03010003,253 RUE DU CANAL BLANC,40150 ANGRESSE
AR03010004,253 RUE DU CANAL BLANC,40150 ANGRESSE
AR03010005,253 RUE DU CANAL BLANC,40150 ANGRESSE
AR03010006,253 RUE DU CANAL BLANC,40150 ANGRESSE
AR03010007,253 RUE DU CANAL BLANC,40150 ANGRESSE
AR03010008,253 RUE DU CANAL BLANC,40150 ANGRESSE
AR03010009,253 RUE DU CANAL BLANC,40150 ANGRESSE
AR03010010,253 RUE DU CANAL BLANC,40150 ANGRESSE
AR03010011,253 RUE DU CANAL BLANC,40150 ANGRESSE
AR03010012,253 RUE DU CANAL BLANC,40150 ANGRESSE
AR03010013,253 RUE DU CANAL BLANC,40150 ANGRESSE
AR03010014,253 RUE DU CANAL BLANC,40150 ANGRESSE
AS01010001,115 RUE DES SACULES,40110 ARENGOSSE
AS01010002,117 RUE DES SACULES,40110 ARENGOSSE
AS01010003,119 RUE DES SACULES,40110 ARENGOSSE
AS01010004,121 RUE DES SACULES,40110 ARENGOSSE
AS01010005,123 RUE DES SACULES,40110 ARENGOSSE
AS01010006,125 RUE DES SACULES,40110 ARENGOSSE
AU01010001,3 CITE PEBOS,40250 SAINT-AUBIN
AU01010002,1 CITE PEBOS,40250 SAINT-AUBIN
AU01010003,2 CITE PEBOS,40250 SAINT-AUBIN
AU01010004,10 CITE PEBOS,40250 SAINT-AUBIN
AU01010005,4 CITE PEBOS,40250 SAINT-AUBIN
AU01010006,9 CITE PEBOS,40250 SAINT-AUBIN
AU01010007,6 CITE PEBOS,40250 SAINT-AUBIN
AU01010008,7 CITE PEBOS,40250 SAINT-AUBIN
AU01010009,5 CITE PEBOS,40250 SAINT-AUBIN
AU01010010,8 CITE PEBOS,40250 SAINT-AUBIN
AX01010001,7 ALLEE DES CHENES - ARJUZANX,40110 MORCENX-LA-NOUVELLE
AX01010002,8 ALLEE DES CHENES - ARJUZANX,40110 MORCENX-LA-NOUVELLE
AX01010003,9 ALLEE DES CHENES - ARJUZANX,40110 MORCENX-LA-NOUVELLE
AZ01010001,40 PLACE ARISTIDE BRIAND,40140 AZUR
AZ02010001,51 RUE DU GNOY,40140 AZUR
AZ02010002,55 RUE DU GNOY,40140 AZUR
AZ02010003,71 RUE DU GNOY,40140 AZUR
AZ02010004,75 RUE DU GNOY,40140 AZUR
AZ02010005,85 RUE DU GNOY,40140 AZUR
AZ02010006,91 RUE DU GNOY,40140 AZUR
AZ03010001,42 ALLEE DES JARDINS,40140 AZUR
AZ03010002,50 ALLEE DES JARDINS,40140 AZUR
AZ03010003,70 ALLEE DES JARDINS,40140 AZUR
AZ03010004,76 ALLEE DES JARDINS,40140 AZUR
AZ03010005,88 ALLEE DES JARDINS,40140 AZUR
AZ03010006,94 ALLEE DES JARDINS,40140 AZUR
AZ04010001,9 RUE JULES FERRY,40140 AZUR
AZ04010002,11 RUE JULES FERRY,40140 AZUR
AZ05010001,95 RUE JULES FERRY,40140 AZUR
AZ05010002,95 RUE JULES FERRY,40140 AZUR
AZ06010003,95 RUE JULES FERRY,40140 AZUR
AZ06010004,95 RUE JULES FERRY,40140 AZUR
AZ06010005,95 RUE JULES FERRY,40140 AZUR
AZ06010006,95 RUE JULES FERRY,40140 AZUR
BA01010001,30 PLACE DE LA MAIRIE,40390 BIARROTTE
BA01010004,30 PLACE DE LA MAIRIE,40390 BIARROTTE
BA01020002,30 PLACE DE LA MAIRIE,40390 BIARROTTE
BA01020005,30 PLACE DE LA MAIRIE,40390 BIARROTTE
BA01030003,30 PLACE DE LA MAIRIE,40390 BIARROTTE
BA01030006,30 PLACE DE LA MAIRIE,40390 BIARROTTE
BD01010001,42 AVENUE AUGUSTE DUHAU,40180 BENESSE-LES-DAX
BD01010002,42 AVENUE AUGUSTE DUHAU,40180 BENESSE-LES-DAX
BD01010003,42 AVENUE AUGUSTE DUHAU,40180 BENESSE-LES-DAX
BD01010004,42 AVENUE AUGUSTE DUHAU,40180 BENESSE-LES-DAX
BD01020005,42 AVENUE AUGUSTE DUHAU,40180 BENESSE-LES-DAX
BD01020006,42 AVENUE AUGUSTE DUHAU,40180 BENESSE-LES-DAX
BD01020007,42 AVENUE AUGUSTE DUHAU,40180 BENESSE-LES-DAX
BD01020008,42 AVENUE AUGUSTE DUHAU,40180 BENESSE-LES-DAX
BD01030009,42 AVENUE AUGUSTE DUHAU,40180 BENESSE-LES-DAX
BD01030010,42 AVENUE AUGUSTE DUHAU,40180 BENESSE-LES-DAX
BD01030011,42 AVENUE AUGUSTE DUHAU,40180 BENESSE-LES-DAX
BD02010001,67 RUE DE HOURIE,40180 BENESSE-LES-DAX
BD02010002,69 RUE DE HOURIE,40180 BENESSE-LES-DAX
BD02010003,83 RUE DE HOURIE,40180 BENESSE-LES-DAX
BD02010004,76 RUE DE HOURIE,40180 BENESSE-LES-DAX
BD02010005,78 RUE DE HOURIE,40180 BENESSE-LES-DAX
BE01010001,122 CHEMIN DE ST VINCENT,40410 BELHADE
BE01010002,144 CHEMIN DE ST VINCENT,40410 BELHADE
BE01010003,164 CHEMIN DE ST VINCENT,40410 BELHADE
BI01010001,1 CITE GASTON A,40170 BIAS
BI01010002,2 CITE GASTON A,40170 BIAS
BI01010003,3 CITE GASTON A,40170 BIAS
BI01010004,4 CITE GASTON A,40170 BIAS
BI01010005,5 CITE GASTON A,40170 BIAS
BI01010006,6 CITE GASTON A,40170 BIAS
BI01010007,7 CITE GASTON A,40170 BIAS
BI01010008,8 CITE GASTON A,40170 BIAS
BI01010009,9 CITE GASTON A,40170 BIAS
BI01010010,10 CITE GASTON A,40170 BIAS
BI01010011,11 CITE GASTON A,40170 BIAS
BI01010012,12 CITE GASTON B,40170 BIAS
BI01010013,13 CITE GASTON B,40170 BIAS
BI01010014,14 CITE GASTON B,40170 BIAS
BI01010015,15 CITE GASTON B,40170 BIAS
BI02010001,17 RUE DU BOURG NEUF,40170 BIAS
BI02010002,17 RUE DU BOURG NEUF,40170 BIAS
BI02010003,17 RUE DU BOURG NEUF,40170 BIAS
BI02010004,17 RUE DU BOURG NEUF,40170 BIAS
BI02010005,18 RUE DU BOURG NEUF,40170 BIAS
BI02010006,18 RUE DU BOURG NEUF,40170 BIAS
BI02010007,18 RUE DU BOURG NEUF,40170 BIAS
BI02010008,18 RUE DU BOURG NEUF,40170 BIAS
BL01010001,42 LOTISSEMENT GAYOTTE HLM,40300 BELUS
BL01010002,44 LOTISSEMENT GAYOTTE HLM,40300 BELUS
BL01010003,46 LOTISSEMENT GAYOTTE HLM,40300 BELUS
BL01010004,48 LOTISSEMENT GAYOTTE HLM,40300 BELUS
BL01010005,50 LOTISSEMENT GAYOTTE HLM,40300 BELUS
BM01010001,215 RUE CLOS DE L'ESCLOUPE,40280 BRETAGNE-DE-MARSAN
BM01010002,215 RUE CLOS DE L'ESCLOUPE,40280 BRETAGNE-DE-MARSAN
BM01010003,215 RUE CLOS DE L'ESCLOUPE,40280 BRETAGNE-DE-MARSAN
BM01010004,215 RUE CLOS DE L'ESCLOUPE,40280 BRETAGNE-DE-MARSAN
BM01010005,215 RUE CLOS DE L'ESCLOUPE,40280 BRETAGNE-DE-MARSAN
BM01010006,215 RUE CLOS DE L'ESCLOUPE,40280 BRETAGNE-DE-MARSAN
BM01010007,215 RUE CLOS DE L'ESCLOUPE,40280 BRETAGNE-DE-MARSAN
BM01010008,215 RUE CLOS DE L'ESCLOUPE,40280 BRETAGNE-DE-MARSAN
BM01010009,215 RUE CLOS DE L'ESCLOUPE,40280 BRETAGNE-DE-MARSAN
BM01010010,215 RUE CLOS DE L'ESCLOUPE,40280 BRETAGNE-DE-MARSAN
BN01010001,24 RUE DE LA VIEILLE POSTE,40230 BENESSE-MAREMNE
BN01010002,24 RUE DE LA VIEILLE POSTE,40230 BENESSE-MAREMNE
BN01010003,24 RUE DE LA VIEILLE POSTE,40230 BENESSE-MAREMNE
BN01010004,24 RUE DE LA VIEILLE POSTE,40230 BENESSE-MAREMNE
BN01010005,24 RUE DE LA VIEILLE POSTE,40230 BENESSE-MAREMNE
BN01010006,24 RUE DE LA VIEILLE POSTE,40230 BENESSE-MAREMNE
BN01010007,24 RUE DE LA VIEILLE POSTE,40230 BENESSE-MAREMNE
BN01010008,24 RUE DE LA VIEILLE POSTE,40230 BENESSE-MAREMNE
BN01010009,24 RUE DE LA VIEILLE POSTE,40230 BENESSE-MAREMNE
BN01010010,24 RUE DE LA VIEILLE POSTE,40230 BENESSE-MAREMNE
BN02010001,29 RUE DE LA VIEILLE POSTE,40230 BENESSE-MAREMNE
BN02010002,29 RUE DE LA VIEILLE POSTE,40230 BENESSE-MAREMNE
BN02010003,29 RUE DE LA VIEILLE POSTE,40230 BENESSE-MAREMNE
BN02010004,29 RUE DE LA VIEILLE POSTE,40230 BENESSE-MAREMNE
BN02010005,29 RUE DE LA VIEILLE POSTE,40230 BENESSE-MAREMNE
BN02010006,29 RUE DE LA VIEILLE POSTE,40230 BENESSE-MAREMNE
BO01010001,489 RUE DE LA GARE,40090 BOUGUE
BO01010002,489 RUE DE LA GARE,40090 BOUGUE
BO01010003,489 RUE DE LA GARE,40090 BOUGUE
BO01010004,489 RUE DE LA GARE,40090 BOUGUE
BO01020005,489 RUE DE LA GARE,40090 BOUGUE
BQ01010001,34 LOTISSEMENT JEAN LOSTE,40280 BENQUET
BQ01010002,34 LOTISSEMENT JEAN LOSTE,40280 BENQUET
BQ01010003,34 LOTISSEMENT JEAN LOSTE,40280 BENQUET
BQ01010004,34 LOTISSEMENT JEAN LOSTE,40280 BENQUET
BQ01010005,34 LOTISSEMENT JEAN LOSTE,40280 BENQUET
BQ01010006,34 LOTISSEMENT JEAN LOSTE,40280 BENQUET
BQ01010007,34 LOTISSEMENT JEAN LOSTE,40280 BENQUET
BQ02010001,372 AVENUE DE LA CHALOSSE,40280 BENQUET
BQ02010002,372 AVENUE DE LA CHALOSSE,40280 BENQUET
BQ02010003,372 AVENUE DE LA CHALOSSE,40280 BENQUET
BQ02010004,372 AVENUE DE LA CHALOSSE,40280 BENQUET
BQ02010005,372 AVENUE DE LA CHALOSSE,40280 BENQUET
BQ02010006,372 AVENUE DE LA CHALOSSE,40280 BENQUET
BQ02010007,372 AVENUE DE LA CHALOSSE,40280 BENQUET
BQ02010008,372 AVENUE DE LA CHALOSSE,40280 BENQUET
BQ02010009,372 AVENUE DE LA CHALOSSE,40280 BENQUET
BQ02020010,372 AVENUE DE LA CHALOSSE,40280 BENQUET
BQ02020011,372 AVENUE DE LA CHALOSSE,40280 BENQUET
BQ02020012,372 AVENUE DE LA CHALOSSE,40280 BENQUET
BQ02020013,372 AVENUE DE LA CHALOSSE,40280 BENQUET
BQ02020014,372 AVENUE DE LA CHALOSSE,40280 BENQUET
BQ02020015,372 AVENUE DE LA CHALOSSE,40280 BENQUET
BQ02020016,372 AVENUE DE LA CHALOSSE,40280 BENQUET
BR01010001,18 IMPASSE DE LA MAIRIE,40420 BROCAS
BR01010002,18 IMPASSE DE LA MAIRIE,40420 BROCAS
BR01010003,18 IMPASSE DE LA MAIRIE,40420 BROCAS
BR01010004,18 IMPASSE DE LA MAIRIE,40420 BROCAS
BR01010005,18 IMPASSE DE LA MAIRIE,40420 BROCAS
BS01010001,32 RUE ANDRE GIDE,40600 BISCARROSSE
BS01010002,32 RUE ANDRE GIDE,40600 BISCARROSSE
BS01010003,32 RUE ANDRE GIDE,40600 BISCARROSSE
BS01010004,32 RUE ANDRE GIDE,40600 BISCARROSSE
BS01010005,32 RUE ANDRE GIDE,40600 BISCARROSSE
BS01010006,32 RUE ANDRE GIDE,40600 BISCARROSSE
BS01010007,32 RUE ANDRE GIDE,40600 BISCARROSSE
BS01010008,32 RUE ANDRE GIDE,40600 BISCARROSSE
BS01010009,32 RUE ANDRE GIDE,40600 BISCARROSSE
BS01010010,32 RUE ANDRE GIDE,40600 BISCARROSSE
BS01010011,32 RUE ANDRE GIDE,40600 BISCARROSSE
BS01010012,32 RUE ANDRE GIDE,40600 BISCARROSSE
BS01010013,32 RUE ANDRE GIDE,40600 BISCARROSSE
BS01010014,32 RUE ANDRE GIDE,40600 BISCARROSSE
BS01010015,32 RUE ANDRE GIDE,40600 BISCARROSSE
BS01020001,133 RUE MONTAIGNE,40600 BISCARROSSE
BS01020002,133 RUE MONTAIGNE,40600 BISCARROSSE
BS01020003,133 RUE MONTAIGNE,40600 BISCARROSSE
BS01020004,133 RUE MONTAIGNE,40600 BISCARROSSE
BS01020005,133 RUE MONTAIGNE,40600 BISCARROSSE
BS01020006,133 RUE MONTAIGNE,40600 BISCARROSSE
BS01020007,133 RUE MONTAIGNE,40600 BISCARROSSE
BS01020008,133 RUE MONTAIGNE,40600 BISCARROSSE
BS01020009,117 RUE MONTAIGNE,40600 BISCARROSSE
BS01020010,117 RUE MONTAIGNE,40600 BISCARROSSE
BS01020011,117 RUE MONTAIGNE,40600 BISCARROSSE
BS01020012,117 RUE MONTAIGNE,40600 BISCARROSSE
BS01020013,117 RUE MONTAIGNE,40600 BISCARROSSE
BS01020014,117 RUE MONTAIGNE,40600 BISCARROSSE
BS01020015,117 RUE MONTAIGNE,40600 BISCARROSSE
BS01020016,117 RUE MONTAIGNE,40600 BISCARROSSE
BS01030001,103 RUE MONTAIGNE,40600 BISCARROSSE
BS01030002,103 RUE MONTAIGNE,40600 BISCARROSSE
BS01030003,103 RUE MONTAIGNE,40600 BISCARROSSE
BS01030004,103 RUE MONTAIGNE,40600 BISCARROSSE
BS01030005,103 RUE MONTAIGNE,40600 BISCARROSSE
BS01030006,103 RUE MONTAIGNE,40600 BISCARROSSE
BS01030007,93 RUE MONTAIGNE,40600 BISCARROSSE
BS01030008,93 RUE MONTAIGNE,40600 BISCARROSSE
BS01030009,93 RUE MONTAIGNE,40600 BISCARROSSE
BS01030010,93 RUE MONTAIGNE,40600 BISCARROSSE
BS01030011,93 RUE MONTAIGNE,40600 BISCARROSSE
BS01030012,93 RUE MONTAIGNE,40600 BISCARROSSE
BS01030013,93 RUE MONTAIGNE,40600 BISCARROSSE
BS01040001,142 RUE PELIC,40600 BISCARROSSE
BS01040002,142 RUE PELIC,40600 BISCARROSSE
BS01040003,142 RUE PELIC,40600 BISCARROSSE
BS01040004,142 RUE PELIC,40600 BISCARROSSE
BS01040005,142 RUE PELIC,40600 BISCARROSSE
BS01040006,142 RUE PELIC,40600 BISCARROSSE
BS01040007,142 RUE PELIC,40600 BISCARROSSE
BS01040008,126 RUE PELIC,40600 BISCARROSSE
BS01040009,126 RUE PELIC,40600 BISCARROSSE
BS01040010,126 RUE PELIC,40600 BISCARROSSE
BS01040011,126 RUE PELIC,40600 BISCARROSSE
BS01040012,126 RUE PELIC,40600 BISCARROSSE
BS01040013,126 RUE PELIC,40600 BISCARROSSE
BS01040014,126 RUE PELIC,40600 BISCARROSSE
BS01040015,110 RUE PELIC,40600 BISCARROSSE
BS01040016,110 RUE PELIC,40600 BISCARROSSE
BS01040017,110 RUE PELIC,40600 BISCARROSSE
BS01040018,110 RUE PELIC,40600 BISCARROSSE
BS01040019,110 RUE PELIC,40600 BISCARROSSE
BS01040020,110 RUE PELIC,40600 BISCARROSSE
BS01040021,110 RUE PELIC,40600 BISCARROSSE
BS01040022,110 RUE PELIC,40600 BISCARROSSE
BS01050001,84 RUE PELIC,40600 BISCARROSSE
BS01050002,84 RUE PELIC,40600 BISCARROSSE
BS01050003,84 RUE PELIC,40600 BISCARROSSE
BS01050004,84 RUE PELIC,40600 BISCARROSSE
BS01050005,84 RUE PELIC,40600 BISCARROSSE
BS01050006,84 RUE PELIC,40600 BISCARROSSE
BS01050007,80 RUE PELIC,40600 BISCARROSSE
BS01050008,80 RUE PELIC,40600 BISCARROSSE
BS01050009,80 RUE PELIC,40600 BISCARROSSE
BS01050010,80 RUE PELIC,40600 BISCARROSSE
BS01050011,80 RUE PELIC,40600 BISCARROSSE
BS01050012,80 RUE PELIC,40600 BISCARROSSE
BS01060001,64 RUE PELIC,40600 BISCARROSSE
BS01060002,64 RUE PELIC,40600 BISCARROSSE
BS01060003,64 RUE PELIC,40600 BISCARROSSE
BS01060004,64 RUE PELIC,40600 BISCARROSSE
BS01060005,64 RUE PELIC,40600 BISCARROSSE
BS01060006,64 RUE PELIC,40600 BISCARROSSE
BS01060007,64 RUE PELIC,40600 BISCARROSSE
BS01060008,64 RUE PELIC,40600 BISCARROSSE
BS01060009,48 RUE PELIC,40600 BISCARROSSE
BS01060010,48 RUE PELIC,40600 BISCARROSSE
BS01060011,48 RUE PELIC,40600 BISCARROSSE
BS01060012,48 RUE PELIC,40600 BISCARROSSE
BS01060013,48 RUE PELIC,40600 BISCARROSSE
BS01060014,48 RUE PELIC,40600 BISCARROSSE
BS01060015,48 RUE PELIC,40600 BISCARROSSE
BS01060016,48 RUE PELIC,40600 BISCARROSSE
BS01070001,198 RUE PELIC,40600 BISCARROSSE
BS01070002,198 RUE PELIC,40600 BISCARROSSE
BS01070003,198 RUE PELIC,40600 BISCARROSSE
BS01070004,198 RUE PELIC,40600 BISCARROSSE
BS01080001,230 RUE PELIC,40600 BISCARROSSE
BS01080002,230 RUE PELIC,40600 BISCARROSSE
BS01080003,230 RUE PELIC,40600 BISCARROSSE
BS01080004,230 RUE PELIC,40600 BISCARROSSE
BS01090001,199 RUE PELIC,40600 BISCARROSSE
BS01090002,199 RUE PELIC,40600 BISCARROSSE
BS01090003,199 RUE PELIC,40600 BISCARROSSE
BS01090004,199 RUE PELIC,40600 BISCARROSSE
BS01100001,43 RUE DE L'IF,40600 BISCARROSSE
BS01100002,43 RUE DE L'IF,40600 BISCARROSSE
BS01100003,43 RUE DE L'IF,40600 BISCARROSSE
BS01100004,43 RUE DE L'IF,40600 BISCARROSSE
BS01110001,21 RUE DE L'IF,40600 BISCARROSSE
BS01110002,21 RUE DE L'IF,40600 BISCARROSSE
BS01110003,21 RUE DE L'IF,40600 BISCARROSSE
BS01110004,21 RUE DE L'IF,40600 BISCARROSSE
BS01120001,69 RUE DE L'IF,40600 BISCARROSSE
BS01120002,69 RUE DE L'IF,40600 BISCARROSSE
BS01120003,69 RUE DE L'IF,40600 BISCARROSSE
BS01120004,69 RUE DE L'IF,40600 BISCARROSSE
BS01130001,40 RUE EMILE ZOLA,40600 BISCARROSSE
BS01130002,40 RUE EMILE ZOLA,40600 BISCARROSSE
BS01130003,40 RUE EMILE ZOLA,40600 BISCARROSSE
BS01130004,40 RUE EMILE ZOLA,40600 BISCARROSSE
BS01130005,40 RUE EMILE ZOLA,40600 BISCARROSSE
BS01130006,40 RUE EMILE ZOLA,40600 BISCARROSSE
BS01130007,40 RUE EMILE ZOLA,40600 BISCARROSSE
BS01130008,40 RUE EMILE ZOLA,40600 BISCARROSSE
BS01130009,40 RUE EMILE ZOLA,40600 BISCARROSSE
BS01130010,40 RUE EMILE ZOLA,40600 BISCARROSSE
BS01130011,40 RUE EMILE ZOLA,40600 BISCARROSSE
BS01130012,40 RUE EMILE ZOLA,40600 BISCARROSSE
BS01130013,40 RUE EMILE ZOLA,40600 BISCARROSSE
BS01130014,40 RUE EMILE ZOLA,40600 BISCARROSSE
BS01130015,40 RUE EMILE ZOLA,40600 BISCARROSSE
BS01140001,69 RUE EMILE ZOLA,40600 BISCARROSSE
BS01140002,69 RUE EMILE ZOLA,40600 BISCARROSSE
BS01140003,69 RUE EMILE ZOLA,40600 BISCARROSSE
BS01140004,69 RUE EMILE ZOLA,40600 BISCARROSSE
BS01140005,69 RUE EMILE ZOLA,40600 BISCARROSSE
BS01140006,69 RUE EMILE ZOLA,40600 BISCARROSSE
BS01140007,85 RUE EMILE ZOLA,40600 BISCARROSSE
BS01140008,85 RUE EMILE ZOLA,40600 BISCARROSSE
BS01140009,85 RUE EMILE ZOLA,40600 BISCARROSSE
BS01140010,85 RUE EMILE ZOLA,40600 BISCARROSSE
BS01140011,85 RUE EMILE ZOLA,40600 BISCARROSSE
BS01140012,85 RUE EMILE ZOLA,40600 BISCARROSSE
BS01150001,99 RUE EMILE ZOLA,40600 BISCARROSSE
BS01150002,99 RUE EMILE ZOLA,40600 BISCARROSSE
BS01150003,99 RUE EMILE ZOLA,40600 BISCARROSSE
BS01150004,99 RUE EMILE ZOLA,40600 BISCARROSSE
BS01150005,99 RUE EMILE ZOLA,40600 BISCARROSSE
BS01150006,99 RUE EMILE ZOLA,40600 BISCARROSSE
BS01150007,99 RUE EMILE ZOLA,40600 BISCARROSSE
BS01150008,99 RUE EMILE ZOLA,40600 BISCARROSSE
BS01150009,115 RUE EMILE ZOLA,40600 BISCARROSSE
BS01150010,115 RUE EMILE ZOLA,40600 BISCARROSSE
BS01150011,115 RUE EMILE ZOLA,40600 BISCARROSSE
BS01150012,115 RUE EMILE ZOLA,40600 BISCARROSSE
BS01150013,115 RUE EMILE ZOLA,40600 BISCARROSSE
BS01150014,115 RUE EMILE ZOLA,40600 BISCARROSSE
BS01150015,115 RUE EMILE ZOLA,40600 BISCARROSSE
BS01150016,131 RUE EMILE ZOLA,40600 BISCARROSSE
BS01150017,131 RUE EMILE ZOLA,40600 BISCARROSSE
BS01150018,131 RUE EMILE ZOLA,40600 BISCARROSSE
BS01150019,131 RUE EMILE ZOLA,40600 BISCARROSSE
BS01150020,131 RUE EMILE ZOLA,40600 BISCARROSSE
BS01150021,131 RUE EMILE ZOLA,40600 BISCARROSSE
BS01150022,131 RUE EMILE ZOLA,40600 BISCARROSSE
BS01150023,147 RUE EMILE ZOLA,40600 BISCARROSSE
BS01150024,147 RUE EMILE ZOLA,40600 BISCARROSSE
BS01150025,147 RUE EMILE ZOLA,40600 BISCARROSSE
BS01150026,147 RUE EMILE ZOLA,40600 BISCARROSSE
BS01150027,147 RUE EMILE ZOLA,40600 BISCARROSSE
BS01150028,147 RUE EMILE ZOLA,40600 BISCARROSSE
BS01150029,147 RUE EMILE ZOLA,40600 BISCARROSSE
BS01150030,147 RUE EMILE ZOLA,40600 BISCARROSSE
BS01150031,161 RUE EMILE ZOLA,40600 BISCARROSSE
BS01150032,161 RUE EMILE ZOLA,40600 BISCARROSSE
BS01150033,161 RUE EMILE ZOLA,40600 BISCARROSSE
BS01150034,161 RUE EMILE ZOLA,40600 BISCARROSSE
BS01150035,161 RUE EMILE ZOLA,40600 BISCARROSSE
BS01150036,161 RUE EMILE ZOLA,40600 BISCARROSSE
BS01150037,161 RUE EMILE ZOLA,40600 BISCARROSSE
BS01150038,161 RUE EMILE ZOLA,40600 BISCARROSSE
BS01160001,196 RUE SAINT VINCENT DE PAUL,40600 BISCARROSSE
BS01160002,196 RUE SAINT VINCENT DE PAUL,40600 BISCARROSSE
BS01160003,196 RUE SAINT VINCENT DE PAUL,40600 BISCARROSSE
BS01160004,196 RUE SAINT VINCENT DE PAUL,40600 BISCARROSSE
BS01160005,196 RUE SAINT VINCENT DE PAUL,40600 BISCARROSSE
BS01160006,196 RUE SAINT VINCENT DE PAUL,40600 BISCARROSSE
BS01160007,196 RUE SAINT VINCENT DE PAUL,40600 BISCARROSSE
BS01160008,196 RUE SAINT VINCENT DE PAUL,40600 BISCARROSSE
BS01160009,186 RUE SAINT VINCENT DE PAUL,40600 BISCARROSSE
BS01160010,186 RUE SAINT VINCENT DE PAUL,40600 BISCARROSSE
BS01160011,186 RUE SAINT VINCENT DE PAUL,40600 BISCARROSSE
BS01160012,186 RUE SAINT VINCENT DE PAUL,40600 BISCARROSSE
BS01160013,186 RUE SAINT VINCENT DE PAUL,40600 BISCARROSSE
BS01160014,186 RUE SAINT VINCENT DE PAUL,40600 BISCARROSSE
BS01160015,186 RUE SAINT VINCENT DE PAUL,40600 BISCARROSSE
BS01160016,186 RUE SAINT VINCENT DE PAUL,40600 BISCARROSSE
BS01160017,180 RUE SAINT VINCENT DE PAUL,40600 BISCARROSSE
BS01160018,180 RUE SAINT VINCENT DE PAUL,40600 BISCARROSSE
BS01160019,180 RUE SAINT VINCENT DE PAUL,40600 BISCARROSSE
BS01160020,180 RUE SAINT VINCENT DE PAUL,40600 BISCARROSSE
BS01160021,180 RUE SAINT VINCENT DE PAUL,40600 BISCARROSSE
BS01160022,180 RUE SAINT VINCENT DE PAUL,40600 BISCARROSSE
BS01160023,180 RUE SAINT VINCENT DE PAUL,40600 BISCARROSSE
BS01160024,180 RUE SAINT VINCENT DE PAUL,40600 BISCARROSSE
BS01170001,170 RUE SAINT VINCENT DE PAUL,40600 BISCARROSSE
BS01170002,170 RUE SAINT VINCENT DE PAUL,40600 BISCARROSSE
BS01170003,170 RUE SAINT VINCENT DE PAUL,40600 BISCARROSSE
BS01170004,170 RUE SAINT VINCENT DE PAUL,40600 BISCARROSSE
BS01170005,170 RUE SAINT VINCENT DE PAUL,40600 BISCARROSSE
BS01170006,170 RUE SAINT VINCENT DE PAUL,40600 BISCARROSSE
BS01170007,156 RUE SAINT VINCENT DE PAUL,40600 BISCARROSSE
BS01170008,156 RUE SAINT VINCENT DE PAUL,40600 BISCARROSSE
BS01170009,156 RUE SAINT VINCENT DE PAUL,40600 BISCARROSSE
BS01170010,156 RUE SAINT VINCENT DE PAUL,40600 BISCARROSSE
BS01170011,156 RUE SAINT VINCENT DE PAUL,40600 BISCARROSSE
BS01170012,156 RUE SAINT VINCENT DE PAUL,40600 BISCARROSSE
BS01170013,156 RUE SAINT VINCENT DE PAUL,40600 BISCARROSSE
BS01170014,156 RUE SAINT VINCENT DE PAUL,40600 BISCARROSSE
BS01170015,140 RUE SAINT VINCENT DE PAUL,40600 BISCARROSSE
BS01170016,140 RUE SAINT VINCENT DE PAUL,40600 BISCARROSSE
BS01170017,140 RUE SAINT VINCENT DE PAUL,40600 BISCARROSSE
BS01170018,140 RUE SAINT VINCENT DE PAUL,40600 BISCARROSSE
BS01170019,140 RUE SAINT VINCENT DE PAUL,40600 BISCARROSSE
BS01170020,140 RUE SAINT VINCENT DE PAUL,40600 BISCARROSSE
BS01170021,140 RUE SAINT VINCENT DE PAUL,40600 BISCARROSSE
BS01170022,140 RUE SAINT VINCENT DE PAUL,40600 BISCARROSSE
BS01180001,126 RUE SAINT VINCENT DE PAUL,40600 BISCARROSSE
BS01180002,126 RUE SAINT VINCENT DE PAUL,40600 BISCARROSSE
BS01180003,126 RUE SAINT VINCENT DE PAUL,40600 BISCARROSSE
BS01180004,126 RUE SAINT VINCENT DE PAUL,40600 BISCARROSSE
BS01180005,126 RUE SAINT VINCENT DE PAUL,40600 BISCARROSSE
BS01180006,126 RUE SAINT VINCENT DE PAUL,40600 BISCARROSSE
BS01180007,110 RUE SAINT VINCENT DE PAUL,40600 BISCARROSSE
BS01180008,110 RUE SAINT VINCENT DE PAUL,40600 BISCARROSSE
BS01180009,110 RUE SAINT VINCENT DE PAUL,40600 BISCARROSSE
BS01180010,110 RUE SAINT VINCENT DE PAUL,40600 BISCARROSSE
BS01180011,110 RUE SAINT VINCENT DE PAUL,40600 BISCARROSSE
BS01180012,104 RUE SAINT VINCENT DE PAUL,40600 BISCARROSSE
BS01180013,104 RUE SAINT VINCENT DE PAUL,40600 BISCARROSSE
BS01180014,104 RUE SAINT VINCENT DE PAUL,40600 BISCARROSSE
BS01180015,104 RUE SAINT VINCENT DE PAUL,40600 BISCARROSSE
BS01180016,104 RUE SAINT VINCENT DE PAUL,40600 BISCARROSSE
BS01180017,104 RUE SAINT VINCENT DE PAUL,40600 BISCARROSSE
BS01180018,104 RUE SAINT VINCENT DE PAUL,40600 BISCARROSSE
BS01190001,93 RUE DU COUDINEY,40600 BISCARROSSE
BS01190002,93 RUE DU COUDINEY,40600 BISCARROSSE
BS01190003,93 RUE DU COUDINEY,40600 BISCARROSSE
BS01190004,93 RUE DU COUDINEY,40600 BISCARROSSE
BS01190005,93 RUE DU COUDINEY,40600 BISCARROSSE
BS01190006,93 RUE DU COUDINEY,40600 BISCARROSSE
BS01190007,93 RUE DU COUDINEY,40600 BISCARROSSE
BS01190008,93 RUE DU COUDINEY,40600 BISCARROSSE
BS01190009,83 RUE DU COUDINEY,40600 BISCARROSSE
BS01190010,83 RUE DU COUDINEY,40600 BISCARROSSE
BS01190011,83 RUE DU COUDINEY,40600 BISCARROSSE
BS01190012,83 RUE DU COUDINEY,40600 BISCARROSSE
BS01190013,83 RUE DU COUDINEY,40600 BISCARROSSE
BS01190014,83 RUE DU COUDINEY,40600 BISCARROSSE
BS01190015,83 RUE DU COUDINEY,40600 BISCARROSSE
BS01190016,83 RUE DU COUDINEY,40600 BISCARROSSE
BS01200001,50 RUE SAINT VINCENT DE PAUL,40600 BISCARROSSE
BS01200002,50 RUE SAINT VINCENT DE PAUL,40600 BISCARROSSE
BS01200003,50 RUE SAINT VINCENT DE PAUL,40600 BISCARROSSE
BS01200004,50 RUE SAINT VINCENT DE PAUL,40600 BISCARROSSE
BS01200005,50 RUE SAINT VINCENT DE PAUL,40600 BISCARROSSE
BS01200006,50 RUE SAINT VINCENT DE PAUL,40600 BISCARROSSE
BS01200007,50 RUE SAINT VINCENT DE PAUL,40600 BISCARROSSE
BS01200008,36 RUE SAINT VINCENT DE PAUL,40600 BISCARROSSE
BS01200009,36 RUE SAINT VINCENT DE PAUL,40600 BISCARROSSE
BS01200010,36 RUE SAINT VINCENT DE PAUL,40600 BISCARROSSE
BS01200011,36 RUE SAINT VINCENT DE PAUL,40600 BISCARROSSE
BS01200012,36 RUE SAINT VINCENT DE PAUL,40600 BISCARROSSE
BS01200013,36 RUE SAINT VINCENT DE PAUL,40600 BISCARROSSE
BS01200014,36 RUE SAINT VINCENT DE PAUL,40600 BISCARROSSE
BS01200015,36 RUE SAINT VINCENT DE PAUL,40600 BISCARROSSE
BS01200016,20 RUE SAINT VINCENT DE PAUL,40600 BISCARROSSE
BS01200017,20 RUE SAINT VINCENT DE PAUL,40600 BISCARROSSE
BS01200018,20 RUE SAINT VINCENT DE PAUL,40600 BISCARROSSE
BS01200019,20 RUE SAINT VINCENT DE PAUL,40600 BISCARROSSE
BS01200020,20 RUE SAINT VINCENT DE PAUL,40600 BISCARROSSE
BS01200021,20 RUE SAINT VINCENT DE PAUL,40600 BISCARROSSE
BS01200022,20 RUE SAINT VINCENT DE PAUL,40600 BISCARROSSE
BS01200023,20 RUE SAINT VINCENT DE PAUL,40600 BISCARROSSE
BS01210001,46 RUE DU COUDINEY,40600 BISCARROSSE
BS01210002,46 RUE DU COUDINEY,40600 BISCARROSSE
BS01210003,46 RUE DU COUDINEY,40600 BISCARROSSE
BS01210004,46 RUE DU COUDINEY,40600 BISCARROSSE
BS01210005,46 RUE DU COUDINEY,40600 BISCARROSSE
BS01210006,30 RUE DU COUDINEY,40600 BISCARROSSE
BS01210007,30 RUE DU COUDINEY,40600 BISCARROSSE
BS01210008,30 RUE DU COUDINEY,40600 BISCARROSSE
BS01210009,30 RUE DU COUDINEY,40600 BISCARROSSE
BS01210010,30 RUE DU COUDINEY,40600 BISCARROSSE
BS01210011,30 RUE DU COUDINEY,40600 BISCARROSSE
BS01210012,14 RUE DU COUDINEY,40600 BISCARROSSE
BS01210013,14 RUE DU COUDINEY,40600 BISCARROSSE
BS01210014,14 RUE DU COUDINEY,40600 BISCARROSSE
BS01210015,14 RUE DU COUDINEY,40600 BISCARROSSE
BS01210016,14 RUE DU COUDINEY,40600 BISCARROSSE
BS01210017,14 RUE DU COUDINEY,40600 BISCARROSSE
BS01220001,50 RUE DE L'EQUIPAGE,40600 BISCARROSSE
BS01220002,50 RUE DE L'EQUIPAGE,40600 BISCARROSSE
BS01220003,50 RUE DE L'EQUIPAGE,40600 BISCARROSSE
BS01220004,50 RUE DE L'EQUIPAGE,40600 BISCARROSSE
BS01220005,50 RUE DE L'EQUIPAGE,40600 BISCARROSSE
BS01220006,50 RUE DE L'EQUIPAGE,40600 BISCARROSSE
BS01220007,50 RUE DE L'EQUIPAGE,40600 BISCARROSSE
BS01220008,48 RUE DE L'EQUIPAGE,40600 BISCARROSSE
BS01220009,48 RUE DE L'EQUIPAGE,40600 BISCARROSSE
BS01220010,48 RUE DE L'EQUIPAGE,40600 BISCARROSSE
BS01220011,48 RUE DE L'EQUIPAGE,40600 BISCARROSSE
BS01220012,48 RUE DE L'EQUIPAGE,40600 BISCARROSSE
BS01220013,48 RUE DE L'EQUIPAGE,40600 BISCARROSSE
BS01220014,48 RUE DE L'EQUIPAGE,40600 BISCARROSSE
BS01220015,48 RUE DE L'EQUIPAGE,40600 BISCARROSSE
BS01220016,38 RUE DE L'EQUIPAGE,40600 BISCARROSSE
BS01220017,38 RUE DE L'EQUIPAGE,40600 BISCARROSSE
BS01220018,38 RUE DE L'EQUIPAGE,40600 BISCARROSSE
BS01220019,38 RUE DE L'EQUIPAGE,40600 BISCARROSSE
BS01220020,38 RUE DE L'EQUIPAGE,40600 BISCARROSSE
BS01220021,38 RUE DE L'EQUIPAGE,40600 BISCARROSSE
BS01220022,38 RUE DE L'EQUIPAGE,40600 BISCARROSSE
BS01220023,38 RUE DE L'EQUIPAGE,40600 BISCARROSSE
BS01230001,24 RUE DE L'EQUIPAGE,40600 BISCARROSSE
BS01230002,24 RUE DE L'EQUIPAGE,40600 BISCARROSSE
BS01230003,24 RUE DE L'EQUIPAGE,40600 BISCARROSSE
BS01230004,24 RUE DE L'EQUIPAGE,40600 BISCARROSSE
BS01230005,24 RUE DE L'EQUIPAGE,40600 BISCARROSSE
BS01230006,24 RUE DE L'EQUIPAGE,40600 BISCARROSSE
BS01230007,24 RUE DE L'EQUIPAGE,40600 BISCARROSSE
BS01230008,24 RUE DE L'EQUIPAGE,40600 BISCARROSSE
BS02010001,47 RUE DU THYM,40600 BISCARROSSE
BS02010002,47 RUE DU THYM,40600 BISCARROSSE
BS02010003,47 RUE DU THYM,40600 BISCARROSSE
BS02010004,47 RUE DU THYM,40600 BISCARROSSE
BS02010007,42 RUE DU THYM,40600 BISCARROSSE
BS02010008,74 RUE DU THYM,40600 BISCARROSSE
BS02010010,98 RUE DU THYM,40600 BISCARROSSE
BS02010011,97 RUE DU THYM,40600 BISCARROSSE
BS02010014,364 AVENUE JEAN BOUIN,40600 BISCARROSSE
BS02010018,440 AVENUE JEAN BOUIN,40600 BISCARROSSE
BS02020001,53 RUE DU THYM,40600 BISCARROSSE
BS02020002,53 RUE DU THYM,40600 BISCARROSSE
BS02020003,53 RUE DU THYM,40600 BISCARROSSE
BS02020004,53 RUE DU THYM,40600 BISCARROSSE
BS02030001,50 RUE DU ROMARIN,40600 BISCARROSSE
BS02030002,50 RUE DU ROMARIN,40600 BISCARROSSE
BS02030003,50 RUE DU ROMARIN,40600 BISCARROSSE
BS02040001,54 RUE DU ROMARIN,40600 BISCARROSSE
BS02040002,54 RUE DU ROMARIN,40600 BISCARROSSE
BS02040003,54 RUE DU ROMARIN,40600 BISCARROSSE
BS02040004,54 RUE DU ROMARIN,40600 BISCARROSSE
BS02050001,98 RUE DU ROMARIN,40600 BISCARROSSE
BS02050002,98 RUE DU ROMARIN,40600 BISCARROSSE
BS02050003,98 RUE DU ROMARIN,40600 BISCARROSSE
BS02050004,98 RUE DU ROMARIN,40600 BISCARROSSE
BS02060001,426 RUE JEAN BOUIN,40600 BISCARROSSE
BS02060002,426 RUE JEAN BOUIN,40600 BISCARROSSE
BS02060003,426 RUE JEAN BOUIN,40600 BISCARROSSE
BS02060004,426 RUE JEAN BOUIN,40600 BISCARROSSE
BS03010001,7 ALLEE FRANCIS POULENC,40600 BISCARROSSE
BS03010002,21 ALLEE FRANCIS POULENC,40600 BISCARROSSE
BS03010003,25 ALLEE FRANCIS POULENC,40600 BISCARROSSE
BS03010004,43 ALLEE FRANCIS POULENC,40600 BISCARROSSE
BS03010005,48 ALLEE FRANCIS POULENC,40600 BISCARROSSE
BS03010007,4 ALLEE FRANCIS POULENC,40600 BISCARROSSE
BS04010001,1 IMPASSE DES PERDRIX,40600 BISCARROSSE
BS04010003,3 IMPASSE DES PERDRIX,40600 BISCARROSSE
BS04010004,4 IMPASSE DES PERDRIX,40600 BISCARROSSE
BS04010005,5 IMPASSE DES PERDRIX,40600 BISCARROSSE
BS04010006,6 IMPASSE DES PERDRIX,40600 BISCARROSSE
BS04010008,8 IMPASSE DES PERDRIX,40600 BISCARROSSE
BS04010010,10 IMPASSE DES PERDRIX,40600 BISCARROSSE
BS05010001,1 RUE DE LA SOLIDARITE,40600 BISCARROSSE
BS05010002,2 RUE DE LA SOLIDARITE,40600 BISCARROSSE
BS05010003,3 RUE DE LA SOLIDARITE,40600 BISCARROSSE
BS05010004,4 RUE DE LA SOLIDARITE,40600 BISCARROSSE
BS05010005,5 RUE DE LA SOLIDARITE,40600 BISCARROSSE
BS05010006,6 RUE DE LA SOLIDARITE,40600 BISCARROSSE
BS05010007,7 RUE DE LA SOLIDARITE,40600 BISCARROSSE
BS05010008,8 RUE DE LA SOLIDARITE,40600 BISCARROSSE
BS05050001,9 RUE DE LA SOLIDARITE,40600 BISCARROSSE
BS05050002,10 RUE DE LA SOLIDARITE,40600 BISCARROSSE
BS05050003,11 RUE DE LA SOLIDARITE,40600 BISCARROSSE
BS05050004,12 RUE DE LA SOLIDARITE,40600 BISCARROSSE
BS05050005,13 RUE DE LA SOLIDARITE,40600 BISCARROSSE
BS05050006,14 RUE DE LA SOLIDARITE,40600 BISCARROSSE
BS05050007,15 RUE DE LA SOLIDARITE,40600 BISCARROSSE
BS05050008,16 RUE DE LA SOLIDARITE,40600 BISCARROSSE
BS05060001,17 RUE DE LA SOLIDARITE,40600 BISCARROSSE
BS05060002,18 RUE DE LA SOLIDARITE,40600 BISCARROSSE
BS05060003,19 RUE DE LA SOLIDARITE,40600 BISCARROSSE
BS05060004,20 RUE DE LA SOLIDARITE,40600 BISCARROSSE
BS05060005,21 RUE DE LA SOLIDARITE,40600 BISCARROSSE
BS05060006,22 RUE DE LA SOLIDARITE,40600 BISCARROSSE
BS05060007,23 RUE DE LA SOLIDARITE,40600 BISCARROSSE
BS05060008,24 RUE DE LA SOLIDARITE,40600 BISCARROSSE
BS05070001,25 RUE DE LA SOLIDARITE,40600 BISCARROSSE
BS05070002,26 RUE DE LA SOLIDARITE,40600 BISCARROSSE
BS05070003,27 RUE DE LA SOLIDARITE,40600 BISCARROSSE
BS05070004,28 RUE DE LA SOLIDARITE,40600 BISCARROSSE
BS05080001,29 RUE DE LA SOLIDARITE,40600 BISCARROSSE
BS05080002,30 RUE DE LA SOLIDARITE,40600 BISCARROSSE
BS05080003,31 RUE DE LA SOLIDARITE,40600 BISCARROSSE
BS05080004,32 RUE DE LA SOLIDARITE,40600 BISCARROSSE
BS05090001,33 RUE DE LA SOLIDARITE,40600 BISCARROSSE
BS05090002,34 RUE DE LA SOLIDARITE,40600 BISCARROSSE
BS05090003,35 RUE DE LA SOLIDARITE,40600 BISCARROSSE
BS05090004,36 RUE DE LA SOLIDARITE,40600 BISCARROSSE
BS07010001,203 RUE CAMILLE PISSARRO,40600 BISCARROSSE
BS07010002,203 RUE CAMILLE PISSARRO,40600 BISCARROSSE
BS07010003,203 RUE CAMILLE PISSARRO,40600 BISCARROSSE
BS07010004,203 RUE CAMILLE PISSARRO,40600 BISCARROSSE
BS07010005,203 RUE CAMILLE PISSARRO,40600 BISCARROSSE
BS07010006,203 RUE CAMILLE PISSARRO,40600 BISCARROSSE
BS07010007,203 RUE CAMILLE PISSARRO,40600 BISCARROSSE
BS07010008,203 RUE CAMILLE PISSARRO,40600 BISCARROSSE
BS07010009,203 RUE CAMILLE PISSARRO,40600 BISCARROSSE
BS07010010,203 RUE CAMILLE PISSARRO,40600 BISCARROSSE
BS07010011,203 RUE CAMILLE PISSARRO,40600 BISCARROSSE
BS07010012,203 RUE CAMILLE PISSARRO,40600 BISCARROSSE
BS07020001,203 RUE CAMILLE PISSARRO,40600 BISCARROSSE
BS07020002,203 RUE CAMILLE PISSARRO,40600 BISCARROSSE
BS07020003,203 RUE CAMILLE PISSARRO,40600 BISCARROSSE
BS07020004,203 RUE CAMILLE PISSARRO,40600 BISCARROSSE
BS07020005,203 RUE CAMILLE PISSARRO,40600 BISCARROSSE
BS07020006,203 RUE CAMILLE PISSARRO,40600 BISCARROSSE
BS07020007,203 RUE CAMILLE PISSARRO,40600 BISCARROSSE
BS07020008,203 RUE CAMILLE PISSARRO,40600 BISCARROSSE
BS07020009,203 RUE CAMILLE PISSARRO,40600 BISCARROSSE
BS07020010,203 RUE CAMILLE PISSARRO,40600 BISCARROSSE
BS07020011,203 RUE CAMILLE PISSARRO,40600 BISCARROSSE
BS07020012,203 RUE CAMILLE PISSARRO,40600 BISCARROSSE
CA01010001,LANDILLE,40240 CREON-D'ARMAGNAC
CA01010002,LANDILLE,40240 CREON-D'ARMAGNAC
CA01010003,LANDILLE,40240 CREON-D'ARMAGNAC
CA01010004,LANDILLE,40240 CREON-D'ARMAGNAC
CA01010005,LANDILLE,40240 CREON-D'ARMAGNAC
CB01010301,AVENUE DES ALOUETTES,40130 CAPBRETON
CB01010302,AVENUE DES ALOUETTES,40130 CAPBRETON
CB01010303,AVENUE DES ALOUETTES,40130 CAPBRETON
CB01010304,AVENUE DES ALOUETTES,40130 CAPBRETON
CB01010305,AVENUE DES ALOUETTES,40130 CAPBRETON
CB01010311,AVENUE DES ALOUETTES,40130 CAPBRETON
CB01010312,AVENUE DES ALOUETTES,40130 CAPBRETON
CB01010313,AVENUE DES ALOUETTES,40130 CAPBRETON
CB01010314,AVENUE DES ALOUETTES,40130 CAPBRETON
CB01010315,AVENUE DES ALOUETTES,40130 CAPBRETON
CB01010316,AVENUE DES ALOUETTES,40130 CAPBRETON
CB01010321,AVENUE DES ALOUETTES,40130 CAPBRETON
CB01010322,AVENUE DES ALOUETTES,40130 CAPBRETON
CB01010323,AVENUE DES ALOUETTES,40130 CAPBRETON
CB01010324,AVENUE DES ALOUETTES,40130 CAPBRETON
CB01010325,AVENUE DES ALOUETTES,40130 CAPBRETON
CB01010326,AVENUE DES ALOUETTES,40130 CAPBRETON
CB01010401,AVENUE DES ALOUETTES,40130 CAPBRETON
CB01010402,AVENUE DES ALOUETTES,40130 CAPBRETON
CB01010403,AVENUE DES ALOUETTES,40130 CAPBRETON
CB01010404,AVENUE DES ALOUETTES,40130 CAPBRETON
CB01010405,AVENUE DES ALOUETTES,40130 CAPBRETON
CB01010411,AVENUE DES ALOUETTES,40130 CAPBRETON
CB01010412,AVENUE DES ALOUETTES,40130 CAPBRETON
CB01010413,AVENUE DES ALOUETTES,40130 CAPBRETON
CB01010414,AVENUE DES ALOUETTES,40130 CAPBRETON
CB01010415,AVENUE DES ALOUETTES,40130 CAPBRETON
CB01010416,AVENUE DES ALOUETTES,40130 CAPBRETON
CB01010421,AVENUE DES ALOUETTES,40130 CAPBRETON
CB01010422,AVENUE DES ALOUETTES,40130 CAPBRETON
CB01010423,AVENUE DES ALOUETTES,40130 CAPBRETON
CB01010424,AVENUE DES ALOUETTES,40130 CAPBRETON
CB01010425,AVENUE DES ALOUETTES,40130 CAPBRETON
CB01010426,AVENUE DES ALOUETTES,40130 CAPBRETON
CB01020501,AVENUE DES ALOUETTES,40130 CAPBRETON
CB01020502,AVENUE DES ALOUETTES,40130 CAPBRETON
CB01020503,AVENUE DES ALOUETTES,40130 CAPBRETON
CB01020504,AVENUE DES ALOUETTES,40130 CAPBRETON
CB01020505,AVENUE DES ALOUETTES,40130 CAPBRETON
CB01020511,AVENUE DES ALOUETTES,40130 CAPBRETON
CB01020512,AVENUE DES ALOUETTES,40130 CAPBRETON
CB01020513,AVENUE DES ALOUETTES,40130 CAPBRETON
CB01020514,AVENUE DES ALOUETTES,40130 CAPBRETON
CB01020515,AVENUE DES ALOUETTES,40130 CAPBRETON
CB01020516,AVENUE DES ALOUETTES,40130 CAPBRETON
CB01020521,AVENUE DES ALOUETTES,40130 CAPBRETON
CB01020522,AVENUE DES ALOUETTES,40130 CAPBRETON
CB01020523,AVENUE DES ALOUETTES,40130 CAPBRETON
CB01020524,AVENUE DES ALOUETTES,40130 CAPBRETON
CB02010101,AVENUE DES ALOUETTES,40130 CAPBRETON
CB02010102,AVENUE DES ALOUETTES,40130 CAPBRETON
CB02010103,AVENUE DES ALOUETTES,40130 CAPBRETON
CB02010104,AVENUE DES ALOUETTES,40130 CAPBRETON
CB02010105,AVENUE DES ALOUETTES,40130 CAPBRETON
CB02010111,AVENUE DES ALOUETTES,40130 CAPBRETON
CB02010112,AVENUE DES ALOUETTES,40130 CAPBRETON
CB02010113,AVENUE DES ALOUETTES,40130 CAPBRETON
CB02010114,AVENUE DES ALOUETTES,40130 CAPBRETON
CB02010115,AVENUE DES ALOUETTES,40130 CAPBRETON
CB02010116,AVENUE DES ALOUETTES,40130 CAPBRETON
CB02010121,AVENUE DES ALOUETTES,40130 CAPBRETON
CB02010122,AVENUE DES ALOUETTES,40130 CAPBRETON
CB02010123,AVENUE DES ALOUETTES,40130 CAPBRETON
CB02010124,AVENUE DES ALOUETTES,40130 CAPBRETON
CB02010125,AVENUE DES ALOUETTES,40130 CAPBRETON
CB02010126,AVENUE DES ALOUETTES,40130 CAPBRETON
CB02020201,AVENUE DES ALOUETTES,40130 CAPBRETON
CB02020202,AVENUE DES ALOUETTES,40130 CAPBRETON
CB02020203,AVENUE DES ALOUETTES,40130 CAPBRETON
CB02020204,AVENUE DES ALOUETTES,40130 CAPBRETON
CB02020211,AVENUE DES ALOUETTES,40130 CAPBRETON
CB02020212,AVENUE DES ALOUETTES,40130 CAPBRETON
CB02020213,AVENUE DES ALOUETTES,40130 CAPBRETON
CB02020214,AVENUE DES ALOUETTES,40130 CAPBRETON
CB02020215,AVENUE DES ALOUETTES,40130 CAPBRETON
CB02020221,AVENUE DES ALOUETTES,40130 CAPBRETON
CB02020222,AVENUE DES ALOUETTES,40130 CAPBRETON
CB02020223,AVENUE DES ALOUETTES,40130 CAPBRETON
CB02020224,AVENUE DES ALOUETTES,40130 CAPBRETON
CB02020225,AVENUE DES ALOUETTES,40130 CAPBRETON
CB03060017,ALLEE DES BECASSES,40130 CAPBRETON
CB03060019,ALLEE DES BECASSES,40130 CAPBRETON
CB03060021,ALLEE DES BECASSES,40130 CAPBRETON
CB03060023,ALLEE DES BECASSES,40130 CAPBRETON
CB03060025,ALLEE DES BECASSES,40130 CAPBRETON
CB03060027,ALLEE DES BECASSES,40130 CAPBRETON
CB04030011,ALLEE DES BECASSES,40130 CAPBRETON
CB04030013,ALLEE DES BECASSES,40130 CAPBRETON
CB04030015,ALLEE DES BECASSES,40130 CAPBRETON
CB05205003,RUE DES DEFERLANTES,40130 CAPBRETON
CB05205004,RUE DES DEFERLANTES,40130 CAPBRETON
CB05205005,RUE DES DEFERLANTES,40130 CAPBRETON
CB05205006,RUE DES DEFERLANTES,40130 CAPBRETON
CB05205007,RUE DES DEFERLANTES,40130 CAPBRETON
CB05206001,RUE DES DEFERLANTES,40130 CAPBRETON
CB05206003,RUE DES DEFERLANTES,40130 CAPBRETON
CB05206004,RUE DES DEFERLANTES,40130 CAPBRETON
CB05206006,RUE DES DEFERLANTES,40130 CAPBRETON
CB05206007,RUE DES DEFERLANTES,40130 CAPBRETON
CB05206101,RUE DES DEFERLANTES,40130 CAPBRETON
CB05206103,RUE DES DEFERLANTES,40130 CAPBRETON
CB05206104,RUE DES DEFERLANTES,40130 CAPBRETON
CB05206107,RUE DES DEFERLANTES,40130 CAPBRETON
CB05207002,RUE DES DEFERLANTES,40130 CAPBRETON
CB05207003,RUE DES DEFERLANTES,40130 CAPBRETON
CB05207004,RUE DES DEFERLANTES,40130 CAPBRETON
CB05207102,RUE DES DEFERLANTES,40130 CAPBRETON
CB05207103,RUE DES DEFERLANTES,40130 CAPBRETON
CB05207104,RUE DES DEFERLANTES,40130 CAPBRETON
CB06010001,46 AVENUE DU MARECHAL FOCH,40130 CAPBRETON
CB06010002,46 AVENUE DU MARECHAL FOCH,40130 CAPBRETON
CB06020001,46 AVENUE DU MARECHAL FOCH,40130 CAPBRETON
CB06020002,46 AVENUE DU MARECHAL FOCH,40130 CAPBRETON
CB06020003,46 AVENUE DU MARECHAL FOCH,40130 CAPBRETON
CB06020004,46 AVENUE DU MARECHAL FOCH,40130 CAPBRETON
CB06020005,46 AVENUE DU MARECHAL FOCH,40130 CAPBRETON
CB06020006,46 AVENUE DU MARECHAL FOCH,40130 CAPBRETON
CB06030001,46 AVENUE DU MARECHAL FOCH,40130 CAPBRETON
CB06030002,46 AVENUE DU MARECHAL FOCH,40130 CAPBRETON
CB06030003,46 AVENUE DU MARECHAL FOCH,40130 CAPBRETON
CB06030004,46 AVENUE DU MARECHAL FOCH,40130 CAPBRETON
CB06030005,46 AVENUE DU MARECHAL FOCH,40130 CAPBRETON
CB06030006,46 AVENUE DU MARECHAL FOCH,40130 CAPBRETON
CB06030007,46 AVENUE DU MARECHAL FOCH,40130 CAPBRETON
CB06030008,46 AVENUE DU MARECHAL FOCH,40130 CAPBRETON
CB06030009,46 AVENUE DU MARECHAL FOCH,40130 CAPBRETON
CB06030010,46 AVENUE DU MARECHAL FOCH,40130 CAPBRETON
CB06030011,46 AVENUE DU MARECHAL FOCH,40130 CAPBRETON
CB06030012,46 AVENUE DU MARECHAL FOCH,40130 CAPBRETON
CB06040001,46 AVENUE DU MARECHAL FOCH,40130 CAPBRETON
CB06040002,46 AVENUE DU MARECHAL FOCH,40130 CAPBRETON
CB06040003,46 AVENUE DU MARECHAL FOCH,40130 CAPBRETON
CB06040004,46 AVENUE DU MARECHAL FOCH,40130 CAPBRETON
CB06040005,46 AVENUE DU MARECHAL FOCH,40130 CAPBRETON
CB06040006,46 AVENUE DU MARECHAL FOCH,40130 CAPBRETON
CB06040007,46 AVENUE DU MARECHAL FOCH,40130 CAPBRETON
CB07010001,47 AVENUE DU MARECHAL FOCH,40130 CAPBRETON
CB07010002,47 AVENUE DU MARECHAL FOCH,40130 CAPBRETON
CB07010003,47 AVENUE DU MARECHAL FOCH,40130 CAPBRETON
CB07010004,47 AVENUE DU MARECHAL FOCH,40130 CAPBRETON
CB07010005,47 AVENUE DU MARECHAL FOCH,40130 CAPBRETON
CB07010006,47 AVENUE DU MARECHAL FOCH,40130 CAPBRETON
CB07010007,47 AVENUE DU MARECHAL FOCH,40130 CAPBRETON
CB07010008,47 AVENUE DU MARECHAL FOCH,40130 CAPBRETON
CB07010009,47 AVENUE DU MARECHAL FOCH,40130 CAPBRETON
CB07010010,47 AVENUE DU MARECHAL FOCH,40130 CAPBRETON
CB07010011,47 AVENUE DU MARECHAL FOCH,40130 CAPBRETON
CB07010012,47 AVENUE DU MARECHAL FOCH,40130 CAPBRETON
CB07010013,47 AVENUE DU MARECHAL FOCH,40130 CAPBRETON
CB07010014,47 AVENUE DU MARECHAL FOCH,40130 CAPBRETON
CB07010015,47 AVENUE DU MARECHAL FOCH,40130 CAPBRETON
CB07010016,47 AVENUE DU MARECHAL FOCH,40130 CAPBRETON
CB07010017,47 AVENUE DU MARECHAL FOCH,40130 CAPBRETON
CB07010018,47 AVENUE DU MARECHAL FOCH,40130 CAPBRETON
CB07010019,47 AVENUE DU MARECHAL FOCH,40130 CAPBRETON
CB07010020,47 AVENUE DU MARECHAL FOCH,40130 CAPBRETON
CB07010021,47 AVENUE DU MARECHAL FOCH,40130 CAPBRETON
CB07010022,47 AVENUE DU MARECHAL FOCH,40130 CAPBRETON
CB07010023,47 AVENUE DU MARECHAL FOCH,40130 CAPBRETON
CB07010024,47 AVENUE DU MARECHAL FOCH,40130 CAPBRETON
CB07010025,47 AVENUE DU MARECHAL FOCH,40130 CAPBRETON
CB10010001,48 AVENUE DU MARECHAL FOCH,40130 CAPBRETON
CB10010002,48 AVENUE DU MARECHAL FOCH,40130 CAPBRETON
CB10010003,48 AVENUE DU MARECHAL FOCH,40130 CAPBRETON
CB10010004,48 AVENUE DU MARECHAL FOCH,40130 CAPBRETON
CB10010005,48 AVENUE DU MARECHAL FOCH,40130 CAPBRETON
CB10010006,48 AVENUE DU MARECHAL FOCH,40130 CAPBRETON
CB10010007,48 AVENUE DU MARECHAL FOCH,40130 CAPBRETON
CB10010008,48 AVENUE DU MARECHAL FOCH,40130 CAPBRETON
CB10010009,48 AVENUE DU MARECHAL FOCH,40130 CAPBRETON
CB10020001,48 AVENUE DU MARECHAL FOCH,40130 CAPBRETON
CB10020002,48 AVENUE DU MARECHAL FOCH,40130 CAPBRETON
CB10020003,48 AVENUE DU MARECHAL FOCH,40130 CAPBRETON
CB10020004,48 AVENUE DU MARECHAL FOCH,40130 CAPBRETON
CB10020005,48 AVENUE DU MARECHAL FOCH,40130 CAPBRETON
CB10020006,48 AVENUE DU MARECHAL FOCH,40130 CAPBRETON
CB10020007,48 AVENUE DU MARECHAL FOCH,40130 CAPBRETON
CB10030001,48 AVENUE DU MARECHAL FOCH,40130 CAPBRETON
CB10030002,48 AVENUE DU MARECHAL FOCH,40130 CAPBRETON
CB10030003,48 AVENUE DU MARECHAL FOCH,40130 CAPBRETON
CB10030004,48 AVENUE DU MARECHAL FOCH,40130 CAPBRETON
CB10030005,48 AVENUE DU MARECHAL FOCH,40130 CAPBRETON
CB10030006,48 AVENUE DU MARECHAL FOCH,40130 CAPBRETON
CB10030007,48 AVENUE DU MARECHAL FOCH,40130 CAPBRETON
CB10030008,48 AVENUE DU MARECHAL FOCH,40130 CAPBRETON
CB10030009,48 AVENUE DU MARECHAL FOCH,40130 CAPBRETON
CB10040001,48 AVENUE DU MARECHAL FOCH,40130 CAPBRETON
CB10040002,48 AVENUE DU MARECHAL FOCH,40130 CAPBRETON
CB10040003,48 AVENUE DU MARECHAL FOCH,40130 CAPBRETON
CB10040004,48 AVENUE DU MARECHAL FOCH,40130 CAPBRETON
CB10040005,48 AVENUE DU MARECHAL FOCH,40130 CAPBRETON
CB10040006,48 AVENUE DU MARECHAL FOCH,40130 CAPBRETON
CB10040007,48 AVENUE DU MARECHAL FOCH,40130 CAPBRETON
CB10040008,48 AVENUE DU MARECHAL FOCH,40130 CAPBRETON
CB10040009,48 AVENUE DU MARECHAL FOCH,40130 CAPBRETON
CB10040010,48 AVENUE DU MARECHAL FOCH,40130 CAPBRETON
CB10040011,48 AVENUE DU MARECHAL FOCH,40130 CAPBRETON
CB10040012,48 AVENUE DU MARECHAL FOCH,40130 CAPBRETON
CB10040013,48 AVENUE DU MARECHAL FOCH,40130 CAPBRETON
CB10040014,48 AVENUE DU MARECHAL FOCH,40130 CAPBRETON
CB10040015,48 AVENUE DU MARECHAL FOCH,40130 CAPBRETON
CB11010003,3 RUE BAS ARMAGNAC,40130 CAPBRETON
CB11010004,4 RUE BAS ARMAGNAC,40130 CAPBRETON
CB11010005,5 RUE BAS ARMAGNAC,40130 CAPBRETON
CB11010006,6 RUE BAS ARMAGNAC,40130 CAPBRETON
CB11010007,7 RUE BAS ARMAGNAC,40130 CAPBRETON
CB11010008,8 IMPASSE ROXANE,40130 CAPBRETON
CB11010010,10 RUE BAS ARMAGNAC,40130 CAPBRETON
CB11010011,11 RUE BAS ARMAGNAC,40130 CAPBRETON
CB11010016,16 IMPASSE ROXANE,40130 CAPBRETON
CB11010017,17 IMPASSE ROXANE,40130 CAPBRETON
CB11010019,19 RUE EDMOND ROSTAND,40130 CAPBRETON
CB11010020,20 IMPASSE ROXANE,40130 CAPBRETON
CB11010021,21 IMPASSE ROXANE,40130 CAPBRETON
CB11010023,23 IMPASSE ROXANE,40130 CAPBRETON
CB11010024,24 IMPASSE ROXANE,40130 CAPBRETON
CB11010025,25 RUE EDMOND ROSTAND,40130 CAPBRETON
CB11010027,27 RUE EDMOND ROSTAND,40130 CAPBRETON
CB11010028,28 RUE EDMOND ROSTAND,40130 CAPBRETON
CB11010029,RUE MICHEL MONTAIGNE,40130 CAPBRETON
CB11010030,30 RUE EDMOND ROSTAND,40130 CAPBRETON
CB12010001,1 RUE DE LA PEPINIERE,40130 CAPBRETON
CB12010002,2 RUE DE LA PEPINIERE,40130 CAPBRETON
CB12010003,3 RUE DE LA PEPINIERE,40130 CAPBRETON
CB12010004,4 RUE DE LA PEPINIERE,40130 CAPBRETON
CB12010005,5 RUE DE LA PEPINIERE,40130 CAPBRETON
CB12010006,6 RUE DE LA PEPINIERE,40130 CAPBRETON
CB12010007,7 RUE DE LA PEPINIERE,40130 CAPBRETON
CB12010008,8 RUE DE LA PEPINIERE,40130 CAPBRETON
CB13010001,1 ALLEE DES BECASSES,40130 CAPBRETON
CB13010002,1 ALLEE DES BECASSES,40130 CAPBRETON
CB13010003,1 ALLEE DES BECASSES,40130 CAPBRETON
CB13010004,1 ALLEE DES BECASSES,40130 CAPBRETON
CB13010005,1 ALLEE DES BECASSES,40130 CAPBRETON
CB13010006,1 ALLEE DES BECASSES,40130 CAPBRETON
CB14010001,2 RUE GOYA LE TUC DES SABLES,40130 CAPBRETON
CB14010003,2 RUE GOYA LE TUC DES SABLES,40130 CAPBRETON
CB14010004,2 RUE GOYA LE TUC DES SABLES,40130 CAPBRETON
CB14010006,2 RUE GOYA LE TUC DES SABLES,40130 CAPBRETON
CB14010007,2 RUE GOYA LE TUC DES SABLES,40130 CAPBRETON
CB14010008,2 RUE GOYA LE TUC DES SABLES,40130 CAPBRETON
CB14010009,2 RUE GOYA LE TUC DES SABLES,40130 CAPBRETON
CB14010010,2 RUE GOYA LE TUC DES SABLES,40130 CAPBRETON
CB14010011,2 RUE GOYA LE TUC DES SABLES,40130 CAPBRETON
CB14020012,2 RUE GOYA LE TUC DES SABLES,40130 CAPBRETON
CB14020013,2 RUE GOYA LE TUC DES SABLES,40130 CAPBRETON
CB14020014,2 RUE GOYA LE TUC DES SABLES,40130 CAPBRETON
CB14020015,2 RUE GOYA LE TUC DES SABLES,40130 CAPBRETON
CB14020016,2 RUE GOYA LE TUC DES SABLES,40130 CAPBRETON
CB14020018,2 RUE GOYA LE TUC DES SABLES,40130 CAPBRETON
CB14020019,2 RUE GOYA LE TUC DES SABLES,40130 CAPBRETON
CB14020020,2 RUE GOYA LE TUC DES SABLES,40130 CAPBRETON
CB14020021,2 RUE GOYA LE TUC DES SABLES,40130 CAPBRETON
CB15010002,2 RUE GOYA LE TUC DES SABLES,40130 CAPBRETON
CB15010005,2 RUE GOYA LE TUC DES SABLES,40130 CAPBRETON
CB15020017,2 RUE GOYA LE TUC DES SABLES,40130 CAPBRETON
CB15020022,2 RUE GOYA LE TUC DES SABLES,40130 CAPBRETON
CB17010001,RUE DE MATTEDEUIL,40130 CAPBRETON
CB17010002,RUE DE MATTEDEUIL,40130 CAPBRETON
CB17010003,RUE DE MATTEDEUIL,40130 CAPBRETON
CB17010004,RUE DE MATTEDEUIL,40130 CAPBRETON
CB17010005,RUE DE MATTEDEUIL,40130 CAPBRETON
CB17010006,RUE DE MATTEDEUIL,40130 CAPBRETON
CB17010007,RUE DE MATTEDEUIL,40130 CAPBRETON
CB17010008,RUE DE MATTEDEUIL,40130 CAPBRETON
CB17010009,RUE DE MATTEDEUIL,40130 CAPBRETON
CB18010001,7 RUE DES ARTISANS,40130 CAPBRETON
CB18010002,7 RUE DES ARTISANS,40130 CAPBRETON
CB18010003,7 RUE DES ARTISANS,40130 CAPBRETON
CB18010004,7 RUE DES ARTISANS,40130 CAPBRETON
CB18010005,7 RUE DES ARTISANS,40130 CAPBRETON
CB18010006,7 RUE DES ARTISANS,40130 CAPBRETON
CB18010007,7 RUE DES ARTISANS,40130 CAPBRETON
CB18010008,7 RUE DES ARTISANS,40130 CAPBRETON
CB18010009,7 RUE DES ARTISANS,40130 CAPBRETON
CB18010010,7 RUE DES ARTISANS,40130 CAPBRETON
CB18010011,7 RUE DES ARTISANS,40130 CAPBRETON
CB18010012,7 RUE DES ARTISANS,40130 CAPBRETON
CB19010001,2 RUE DES DEFERLANTES,40130 CAPBRETON
CB19010002,2 RUE DES DEFERLANTES,40130 CAPBRETON
CB19010003,2 RUE DES DEFERLANTES,40130 CAPBRETON
CB19010004,2 RUE DES DEFERLANTES,40130 CAPBRETON
CB19010005,2 RUE DES DEFERLANTES,40130 CAPBRETON
CB19010006,2 RUE DES DEFERLANTES,40130 CAPBRETON
CB19010007,2 RUE DES DEFERLANTES,40130 CAPBRETON
CB19010008,2 RUE DES DEFERLANTES,40130 CAPBRETON
CB20010001,1 RUE LIBET CAMPAN,40130 CAPBRETON
CB20010002,1 RUE LIBET CAMPAN,40130 CAPBRETON
CB20010003,1 RUE LIBET CAMPAN,40130 CAPBRETON
CB20010004,1 RUE LIBET CAMPAN,40130 CAPBRETON
CB20010005,1 RUE LIBET CAMPAN,40130 CAPBRETON
CB20010006,1 RUE LIBET CAMPAN,40130 CAPBRETON
CB20010007,1 RUE LIBET CAMPAN,40130 CAPBRETON
CB20010008,1 RUE LIBET CAMPAN,40130 CAPBRETON
CB21010001,8 RUE DE LA TRINQUETTE,40130 CAPBRETON
CB21010002,8 RUE DE LA TRINQUETTE,40130 CAPBRETON
CB21010003,8 RUE DE LA TRINQUETTE,40130 CAPBRETON
CB21010004,8 RUE DE LA TRINQUETTE,40130 CAPBRETON
CB21010005,8 RUE DE LA TRINQUETTE,40130 CAPBRETON
CB21010006,8 RUE DE LA TRINQUETTE,40130 CAPBRETON
CB21010007,8 RUE DE LA TRINQUETTE,40130 CAPBRETON
CB21010008,8 RUE DE LA TRINQUETTE,40130 CAPBRETON
CB21010009,8 RUE DE LA TRINQUETTE,40130 CAPBRETON
CB21010010,8 RUE DE LA TRINQUETTE,40130 CAPBRETON
CB21010011,8 RUE DE LA TRINQUETTE,40130 CAPBRETON
CB21010012,8 RUE DE LA TRINQUETTE,40130 CAPBRETON
CB22010001,1 ALLEE DE LA BISQUINE,40130 CAPBRETON
CB22010002,1 ALLEE DE LA BISQUINE,40130 CAPBRETON
CB22010003,1 ALLEE DE LA BISQUINE,40130 CAPBRETON
CB22010004,1 ALLEE DE LA BISQUINE,40130 CAPBRETON
CB22010005,1 ALLEE DE LA BISQUINE,40130 CAPBRETON
CB22010006,1 ALLEE DE LA BISQUINE,40130 CAPBRETON
CB22010007,1 ALLEE DE LA BISQUINE,40130 CAPBRETON
CB22010008,1 ALLEE DE LA BISQUINE,40130 CAPBRETON
CB23010001,2A RUE DE LA PEPINIERE,40130 CAPBRETON
CB23010002,2A RUE DE LA PEPINIERE,40130 CAPBRETON
CB23010003,2A RUE DE LA PEPINIERE,40130 CAPBRETON
CB23010004,2A RUE DE LA PEPINIERE,40130 CAPBRETON
CB23010005,2A RUE DE LA PEPINIERE,40130 CAPBRETON
CB23010006,2A RUE DE LA PEPINIERE,40130 CAPBRETON
CB23010007,2A RUE DE LA PEPINIERE,40130 CAPBRETON
CB23010008,2A RUE DE LA PEPINIERE,40130 CAPBRETON
CB23010009,2A RUE DE LA PEPINIERE,40130 CAPBRETON
CB23010010,2A RUE DE LA PEPINIERE,40130 CAPBRETON
CB23010011,2A RUE DE LA PEPINIERE,40130 CAPBRETON
CB23010012,2A RUE DE LA PEPINIERE,40130 CAPBRETON
CB23010013,2A RUE DE LA PEPINIERE,40130 CAPBRETON
CB23010014,2A RUE DE LA PEPINIERE,40130 CAPBRETON
CB23010015,2A RUE DE LA PEPINIERE,40130 CAPBRETON
CB23010016,2A RUE DE LA PEPINIERE,40130 CAPBRETON
CB23010017,2A RUE DE LA PEPINIERE,40130 CAPBRETON
CB23010018,2A RUE DE LA PEPINIERE,40130 CAPBRETON
CB23010019,2A RUE DE LA PEPINIERE,40130 CAPBRETON
CB23010020,2A RUE DE LA PEPINIERE,40130 CAPBRETON
CB23010021,2A RUE DE LA PEPINIERE,40130 CAPBRETON
CB23010022,2A RUE DE LA PEPINIERE,40130 CAPBRETON
CB24010001,22 AVENUE DES MYOSOTIS,40130 CAPBRETON
CB24010002,22 AVENUE DES MYOSOTIS,40130 CAPBRETON
CB24010003,22 AVENUE DES MYOSOTIS,40130 CAPBRETON
CB24010004,22 AVENUE DES MYOSOTIS,40130 CAPBRETON
CB24010005,22 AVENUE DES MYOSOTIS,40130 CAPBRETON
CB24010006,22 AVENUE DES MYOSOTIS,40130 CAPBRETON
CB24010007,22 AVENUE DES MYOSOTIS,40130 CAPBRETON
CB24010008,22 AVENUE DES MYOSOTIS,40130 CAPBRETON
CB24010009,22 AVENUE DES MYOSOTIS,40130 CAPBRETON
CB24010010,22 AVENUE DES MYOSOTIS,40130 CAPBRETON
CB24010011,22 AVENUE DES MYOSOTIS,40130 CAPBRETON
CB24010012,22 AVENUE DES MYOSOTIS,40130 CAPBRETON
CB24010013,22 AVENUE DES MYOSOTIS,40130 CAPBRETON
CB24010014,22 AVENUE DES MYOSOTIS,40130 CAPBRETON
CB24010015,22 AVENUE DES MYOSOTIS,40130 CAPBRETON
CB24010016,22 AVENUE DES MYOSOTIS,40130 CAPBRETON
CB24010017,22 AVENUE DES MYOSOTIS,40130 CAPBRETON
CB24010018,22 AVENUE DES MYOSOTIS,40130 CAPBRETON
CB24010019,22 AVENUE DES MYOSOTIS,40130 CAPBRETON
CB24010020,22 AVENUE DES MYOSOTIS,40130 CAPBRETON
CB24010021,22 AVENUE DES MYOSOTIS,40130 CAPBRETON
CB24010022,22 AVENUE DES MYOSOTIS,40130 CAPBRETON
CB24010023,22 AVENUE DES MYOSOTIS,40130 CAPBRETON
CB24010024,22 AVENUE DES MYOSOTIS,40130 CAPBRETON
CB24010025,22 AVENUE DES MYOSOTIS,40130 CAPBRETON
CB24010026,22 AVENUE DES MYOSOTIS,40130 CAPBRETON
CB24010027,22 AVENUE DES MYOSOTIS,40130 CAPBRETON
CB24010028,22 AVENUE DES MYOSOTIS,40130 CAPBRETON
CB24010029,22 AVENUE DES MYOSOTIS,40130 CAPBRETON
CB24010030,22 AVENUE DES MYOSOTIS,40130 CAPBRETON
CB24020031,22 AVENUE DES MYOSOTIS,40130 CAPBRETON
CB24020032,22 AVENUE DES MYOSOTIS,40130 CAPBRETON
CB24020033,22 AVENUE DES MYOSOTIS,40130 CAPBRETON
CB25010001,46 AVENUE DU MARECHAL FOCH,40130 CAPBRETON
CB25010002,46 AVENUE DU MARECHAL FOCH,40130 CAPBRETON
CB25010003,46 AVENUE DU MARECHAL FOCH,40130 CAPBRETON
CB25010004,46 AVENUE DU MARECHAL FOCH,40130 CAPBRETON
CB25010005,46 AVENUE DU MARECHAL FOCH,40130 CAPBRETON
CB25010006,46 AVENUE DU MARECHAL FOCH,40130 CAPBRETON
CB25010007,46 AVENUE DU MARECHAL FOCH,40130 CAPBRETON
CB25010008,46 AVENUE DU MARECHAL FOCH,40130 CAPBRETON
CB26010001,RUE CHICAGO,40130 CAPBRETON
CB26010002,RUE CHICAGO,40130 CAPBRETON
CB26010003,RUE CHICAGO,40130 CAPBRETON
CB26010004,RUE CHICAGO,40130 CAPBRETON
CB26010005,RUE CHICAGO,40130 CAPBRETON
CB26010006,RUE CHICAGO,40130 CAPBRETON
CB26010007,RUE CHICAGO,40130 CAPBRETON
CB26010008,RUE CHICAGO,40130 CAPBRETON
CB26010009,RUE CHICAGO,40130 CAPBRETON
CB26010010,RUE CHICAGO,40130 CAPBRETON
CB26010011,RUE CHICAGO,40130 CAPBRETON
CB26010012,RUE CHICAGO,40130 CAPBRETON
CB26010013,RUE CHICAGO,40130 CAPBRETON
CB26010014,RUE CHICAGO,40130 CAPBRETON
CB26010015,RUE CHICAGO,40130 CAPBRETON
CB26010016,RUE CHICAGO,40130 CAPBRETON
CB26010017,RUE CHICAGO,40130 CAPBRETON
CB26020018,RUE CHICAGO,40130 CAPBRETON
CB26020019,RUE CHICAGO,40130 CAPBRETON
CB26020020,RUE CHICAGO,40130 CAPBRETON
CB26020021,RUE CHICAGO,40130 CAPBRETON
CB26020022,RUE CHICAGO,40130 CAPBRETON
CB26030023,RUE CHICAGO,40130 CAPBRETON
CB26030024,RUE CHICAGO,40130 CAPBRETON
CB26030025,RUE CHICAGO,40130 CAPBRETON
CB26030026,RUE CHICAGO,40130 CAPBRETON
CB26040027,RUE CHICAGO,40130 CAPBRETON
CB26040028,RUE CHICAGO,40130 CAPBRETON
CB26040029,RUE CHICAGO,40130 CAPBRETON
CB26040030,RUE CHICAGO,40130 CAPBRETON
CB28010101,75 RUE MAL DE LATTRE DE TASSIGNY,40130 CAPBRETON
CB28010104,75 RUE MAL DE LATTRE DE TASSIGNY,40130 CAPBRETON
CB28010202,75 RUE MAL DE LATTRE DE TASSIGNY,40130 CAPBRETON
CB29040022,3 ALLEE DE LA BISQUINE,40130 CAPBRETON
CB29040023,3 ALLEE DE LA BISQUINE,40130 CAPBRETON
CB29040024,3 ALLEE DE LA BISQUINE,40130 CAPBRETON
CB29040025,3 ALLEE DE LA BISQUINE,40130 CAPBRETON
CB29040026,3 ALLEE DE LA BISQUINE,40130 CAPBRETON
CB29040027,3 ALLEE DE LA BISQUINE,40130 CAPBRETON
CB29040028,3 ALLEE DE LA BISQUINE,40130 CAPBRETON
CB29050029,3 ALLEE DE LA BISQUINE,40130 CAPBRETON
CB29050030,3 ALLEE DE LA BISQUINE,40130 CAPBRETON
CB29050031,3 ALLEE DE LA BISQUINE,40130 CAPBRETON
CB29050032,3 ALLEE DE LA BISQUINE,40130 CAPBRETON
CB29050033,3 ALLEE DE LA BISQUINE,40130 CAPBRETON
CB29050034,3 ALLEE DE LA BISQUINE,40130 CAPBRETON
CB29050035,3 ALLEE DE LA BISQUINE,40130 CAPBRETON
CB29050036,3 ALLEE DE LA BISQUINE,40130 CAPBRETON
CB29050037,3 ALLEE DE LA BISQUINE,40130 CAPBRETON
CB29050038,3 ALLEE DE LA BISQUINE,40130 CAPBRETON
CB29050039,3 ALLEE DE LA BISQUINE,40130 CAPBRETON
CE01010002,245 IMPASSE DE L'ETANG,40090 CERE
CE01010004,453 RUE DE L'ECUREUIL,40090 CERE
CE01010005,475 RUE DE L'ECUREUIL,40090 CERE
CE02010001,31 RUE DE LA PAMPA,40090 CERE
CE02010002,33 RUE DE LA PAMPA,40090 CERE
CG01010001,ROUTE DE BARADE,40300 CAGNOTTE
CG01010002,ROUTE DE BARADE,40300 CAGNOTTE
CG01010003,ROUTE DE BARADE,40300 CAGNOTTE
CG01010004,ROUTE DE BARADE,40300 CAGNOTTE
CG01010005,ROUTE DE BARADE,40300 CAGNOTTE
CG01010006,ROUTE DE BARADE,40300 CAGNOTTE
CG01010007,ROUTE DE BARADE,40300 CAGNOTTE
CG01010008,ROUTE DE BARADE,40300 CAGNOTTE
CL01010001,CHEMIN DE LA BERGERIE,40430 CALLEN
CL01010002,CHEMIN DE LA BERGERIE,40430 CALLEN
CO01010001,33 IMPASSE DU PRESBYTERE,40210 COMMENSACQ
CO01010002,36 IMPASSE DU PRESBYTERE,40210 COMMENSACQ
CP01010001,350 RUE PETITES LANDES,40090 CAMPET-ET-LAMOLERE
CP01010002,350 RUE PETITES LANDES,40090 CAMPET-ET-LAMOLERE
CP01010003,350 RUE PETITES LANDES,40090 CAMPET-ET-LAMOLERE
CR01010001,2 ROUTE DES PINS,40400 CARCARES-SAINTE-CROIX
CR01010002,2 ROUTE DES PINS,40400 CARCARES-SAINTE-CROIX
CR01010003,2 ROUTE DES PINS,40400 CARCARES-SAINTE-CROIX
CR01010004,2 ROUTE DES PINS,40400 CARCARES-SAINTE-CROIX
CR01010005,2 ROUTE DES PINS,40400 CARCARES-SAINTE-CROIX
CR01010006,2 ROUTE DES PINS,40400 CARCARES-SAINTE-CROIX
CS01010001,CITE LA BARTHE,40380 CASSEN
CS01010002,CITE LA BARTHE,40380 CASSEN
CS01010003,CITE LA BARTHE,40380 CASSEN
CS01010004,CITE LA BARTHE,40380 CASSEN
CS01010005,CITE LA BARTHE,40380 CASSEN
CS01010006,CITE LA BARTHE,40380 CASSEN
CT01320052,149 RUE DES MULETIERS,40260 CASTETS
CT01320053,40 RUE DES MULETIERS,40260 CASTETS
CT01320054,52 RUE DES MULETIERS,40260 CASTETS
CT01320055,68 RUE DES MULETIERS,40260 CASTETS
CT01320056,82 RUE DES MULETIERS,40260 CASTETS
CT01320057,92 RUE DES MULETIERS,40260 CASTETS
CT01320058,106 RUE DES MULETIERS,40260 CASTETS
CT01320059,139 RUE DES MULETIERS,40260 CASTETS
CT01320060,125 RUE DES MULETIERS,40260 CASTETS
CT01320061,95 RUE DES MULETIERS,40260 CASTETS
CT01320062,91 RUE DES MULETIERS,40260 CASTETS
CT01320063,49 RUE DES MULETIERS,40260 CASTETS
CT01320064,43 RUE DES MULETIERS,40260 CASTETS
CT01320065,31 RUE DES MULETIERS,40260 CASTETS
CT01320066,21 RUE DES MULETIERS,40260 CASTETS
CT01320067,78 RUE DES GEMMEURS,40260 CASTETS
CT01320068,88 RUE DES GEMMEURS,40260 CASTETS
CT01320069,102 RUE DES GEMMEURS,40260 CASTETS
CT01320070,112 RUE DES GEMMEURS,40260 CASTETS
CT01320071,126 RUE DES GEMMEURS,40260 CASTETS
CT01320072,144 RUE DES GEMMEURS,40260 CASTETS
CT01320074,180 RUE DES GEMMEURS,40260 CASTETS
CT01320075,194 RUE DES GEMMEURS,40260 CASTETS
CT01320076,216 RUE DES GEMMEURS,40260 CASTETS
CT01320077,228 RUE DES GEMMEURS,40260 CASTETS
CT01320078,233 RUE DES GEMMEURS,40260 CASTETS
CT01320079,219 RUE DES GEMMEURS,40260 CASTETS
CT01320080,213 RUE DES GEMMEURS,40260 CASTETS
CT01320081,193 RUE DES GEMMEURS,40260 CASTETS
CT01320082,185 RUE DES GEMMEURS,40260 CASTETS
CT02010001,113 CHEMIN DU LAMINOIR,40260 CASTETS
CT02010002,113 CHEMIN DU LAMINOIR,40260 CASTETS
CT02010003,113 CHEMIN DU LAMINOIR,40260 CASTETS
CT02010004,113 CHEMIN DU LAMINOIR,40260 CASTETS
CT02010005,113 CHEMIN DU LAMINOIR,40260 CASTETS
CT02010010,113 CHEMIN DU LAMINOIR,40260 CASTETS
CT02010011,113 CHEMIN DU LAMINOIR,40260 CASTETS
CT02010012,113 CHEMIN DU LAMINOIR,40260 CASTETS
CT02020001,113 CHEMIN DU LAMINOIR,40260 CASTETS
CT02020002,113 CHEMIN DU LAMINOIR,40260 CASTETS
CT02020003,113 CHEMIN DU LAMINOIR,40260 CASTETS
CT02020004,113 CHEMIN DU LAMINOIR,40260 CASTETS
CT02020010,113 CHEMIN DU LAMINOIR,40260 CASTETS
CT02020011,113 CHEMIN DU LAMINOIR,40260 CASTETS
CT02020012,113 CHEMIN DU LAMINOIR,40260 CASTETS
CT03010001,464 AVENUE JEAN NOEL SERRET,40260 CASTETS
CT03010002,464 AVENUE JEAN NOEL SERRET,40260 CASTETS
CT03010003,464 AVENUE JEAN NOEL SERRET,40260 CASTETS
CT03010101,464 AVENUE JEAN NOEL SERRET,40260 CASTETS
CT03010102,464 AVENUE JEAN NOEL SERRET,40260 CASTETS
CT03010103,464 AVENUE JEAN NOEL SERRET,40260 CASTETS
CT04010004,464 AVENUE JEAN NOEL SERRET,40260 CASTETS
CT04010005,464 AVENUE JEAN NOEL SERRET,40260 CASTETS
DA01580081,9 RUE CLEMENT ADER,40100 DAX
DA01580082,7 RUE CLEMENT ADER,40100 DAX
DA01580083,5 RUE CLEMENT ADER,40100 DAX
DA01580084,3 RUE CLEMENT ADER,40100 DAX
DA01580085,1 RUE CLEMENT ADER,40100 DAX
DA01580086,2 RUE HELENE BOUCHER,40100 DAX
DA01580087,4 RUE HELENE BOUCHER,40100 DAX
DA01580088,6 RUE HELENE BOUCHER,40100 DAX
DA01580089,8 RUE HELENE BOUCHER,40100 DAX
DA01580090,10 RUE HELENE BOUCHER,40100 DAX
DA01580091,12 RUE HELENE BOUCHER,40100 DAX
DA01580092,14 RUE HELENE BOUCHER,40100 DAX
DA01580093,16 RUE HELENE BOUCHER,40100 DAX
DA01580094,1 RUE DES ALOUETTES,40100 DAX
DA01580095,3 RUE DES ALOUETTES,40100 DAX
DA01580096,5 RUE DES ALOUETTES,40100 DAX
DA01580097,7 RUE DES ALOUETTES,40100 DAX
DA01580098,9 RUE DES ALOUETTES,40100 DAX
DA01580099,11 RUE DES ALOUETTES,40100 DAX
DA01580100,13 RUE DES ALOUETTES,40100 DAX
DA01580101,15 RUE DES ALOUETTES,40100 DAX
DA01580102,17 RUE DES ALOUETTES,40100 DAX
DA01580103,19 RUE DES ALOUETTES,40100 DAX
DA01580104,20 PLACE DE L'AVIATION,40100 DAX
DA01580105,18 PLACE DE L'AVIATION,40100 DAX
DA01580106,16 PLACE DE L'AVIATION,40100 DAX
DA01580107,14 PLACE DE L'AVIATION,40100 DAX
DA01580108,12 PLACE DE L'AVIATION,40100 DAX
DA01580109,10 PLACE DE L'AVIATION,40100 DAX
DA01580110,8 PLACE DE L'AVIATION,40100 DAX
DA01580111,6 PLACE DE L'AVIATION,40100 DAX
DA01580112,4 PLACE DE L'AVIATION,40100 DAX
DA01580113,2 PLACE DE L'AVIATION,40100 DAX
DA01580114,1 RUE DES AILES,40100 DAX
DA01580115,3 RUE DES AILES,40100 DAX
DA01580116,5 RUE DES AILES,40100 DAX
DA01580117,7 RUE DES AILES,40100 DAX
DA01580118,9 RUE DES AILES,40100 DAX
DA01580119,11 RUE DES AILES,40100 DAX
DA01580120,13 RUE DES AILES,40100 DAX
DA01580121,15 RUE DES AILES,40100 DAX
DA01580122,17 RUE DES AILES,40100 DAX
DA01580123,19 RUE DES AILES,40100 DAX
DA01580124,21 RUE DES AILES,40100 DAX
DA01580125,23 RUE DES AILES,40100 DAX
DA01580126,1 RUE BLERIOT,40100 DAX
DA01580127,3 RUE BLERIOT,40100 DAX
DA01580128,5 RUE BLERIOT,40100 DAX
DA01580129,7 RUE BLERIOT,40100 DAX
DA01580130,9 RUE BLERIOT,40100 DAX
DA01580131,11 RUE BLERIOT,40100 DAX
DA01580132,13 RUE BLERIOT,40100 DAX
DA01580133,15 RUE BLERIOT,40100 DAX
DA01580134,17 RUE BLERIOT,40100 DAX
DA01580135,19 RUE BLERIOT,40100 DAX
DA01580136,21 RUE BLERIOT,40100 DAX
DA01580137,23 RUE BLERIOT,40100 DAX
DA01580138,25 RUE BLERIOT,40100 DAX
DA02010111,ESPLANADE DE GAULLE,40100 DAX
DA02010112,ESPLANADE DE GAULLE,40100 DAX
DA02010113,ESPLANADE DE GAULLE,40100 DAX
DA02010121,ESPLANADE DE GAULLE,40100 DAX
DA02010122,ESPLANADE DE GAULLE,40100 DAX
DA02010123,ESPLANADE DE GAULLE,40100 DAX
DA02010131,ESPLANADE DE GAULLE,40100 DAX
DA02010132,ESPLANADE DE GAULLE,40100 DAX
DA02010133,ESPLANADE DE GAULLE,40100 DAX
DA02010141,ESPLANADE DE GAULLE,40100 DAX
DA02010142,ESPLANADE DE GAULLE,40100 DAX
DA02010143,ESPLANADE DE GAULLE,40100 DAX
DA02010151,ESPLANADE DE GAULLE,40100 DAX
DA02010152,ESPLANADE DE GAULLE,40100 DAX
DA02010153,ESPLANADE DE GAULLE,40100 DAX
DA02010161,ESPLANADE DE GAULLE,40100 DAX
DA02010162,ESPLANADE DE GAULLE,40100 DAX
DA02010163,ESPLANADE DE GAULLE,40100 DAX
DA02010171,ESPLANADE DE GAULLE,40100 DAX
DA02010172,ESPLANADE DE GAULLE,40100 DAX
DA02010173,ESPLANADE DE GAULLE,40100 DAX
DA02010181,ESPLANADE DE GAULLE,40100 DAX
DA02010182,ESPLANADE DE GAULLE,40100 DAX
DA02010183,ESPLANADE DE GAULLE,40100 DAX
DA03240001,4 RUE ANDRE MALRAUX,40100 DAX
DA03240002,4 RUE ANDRE MALRAUX,40100 DAX
DA03240003,4 RUE ANDRE MALRAUX,40100 DAX
DA03240004,4 RUE ANDRE MALRAUX,40100 DAX
DA03240005,4 RUE ANDRE MALRAUX,40100 DAX
DA03240006,4 RUE ANDRE MALRAUX,40100 DAX
DA03240007,4 RUE ANDRE MALRAUX,40100 DAX
DA03240008,4 RUE ANDRE MALRAUX,40100 DAX
DA03240009,4 RUE ANDRE MALRAUX,40100 DAX
DA03240010,4 RUE ANDRE MALRAUX,40100 DAX
DA03240011,4 RUE ANDRE MALRAUX,40100 DAX
DA03240012,4 RUE ANDRE MALRAUX,40100 DAX
DA03240013,4 RUE ANDRE MALRAUX,40100 DAX
DA03240014,4 RUE ANDRE MALRAUX,40100 DAX
DA03240015,4 RUE ANDRE MALRAUX,40100 DAX
DA03240016,4 RUE ANDRE MALRAUX,40100 DAX
DA03240017,4 RUE ANDRE MALRAUX,40100 DAX
DA03240018,4 RUE ANDRE MALRAUX,40100 DAX
DA03240019,4 RUE ANDRE MALRAUX,40100 DAX
DA03240020,4 RUE ANDRE MALRAUX,40100 DAX
DA03240021,4 RUE ANDRE MALRAUX,40100 DAX
DA03240022,4 RUE ANDRE MALRAUX,40100 DAX
DA03240023,4 RUE ANDRE MALRAUX,40100 DAX
DA03240024,4 RUE ANDRE MALRAUX,40100 DAX
DA04010101,3 RUE DE LA PERLE,40100 DAX
DA04010102,3 RUE DE LA PERLE,40100 DAX
DA04010111,3 RUE DE LA PERLE,40100 DAX
DA04010112,3 RUE DE LA PERLE,40100 DAX
DA04010121,3 RUE DE LA PERLE,40100 DAX
DA04010122,3 RUE DE LA PERLE,40100 DAX
DA04010201,5 RUE DE LA PERLE,40100 DAX
DA04010202,5 RUE DE LA PERLE,40100 DAX
DA04010211,5 RUE DE LA PERLE,40100 DAX
DA04010212,5 RUE DE LA PERLE,40100 DAX
DA04010221,5 RUE DE LA PERLE,40100 DAX
DA04010222,5 RUE DE LA PERLE,40100 DAX
DA04020302,1 RUE DE LA PERLE,40100 DAX
DA04020303,1 RUE DE LA PERLE,40100 DAX
DA04020304,1 RUE DE LA PERLE,40100 DAX
DA04020311,1 RUE DE LA PERLE,40100 DAX
DA04020312,1 RUE DE LA PERLE,40100 DAX
DA04020313,1 RUE DE LA PERLE,40100 DAX
DA04020314,1 RUE DE LA PERLE,40100 DAX
DA04020321,1 RUE DE LA PERLE,40100 DAX
DA04020322,1 RUE DE LA PERLE,40100 DAX
DA04020323,1 RUE DE LA PERLE,40100 DAX
DA04020324,1 RUE DE LA PERLE,40100 DAX
DA04020331,1 RUE DE LA PERLE,40100 DAX
DA04020332,1 RUE DE LA PERLE,40100 DAX
DA04020333,1 RUE DE LA PERLE,40100 DAX
DA04020334,1 RUE DE LA PERLE,40100 DAX
DA04020341,1 RUE DE LA PERLE,40100 DAX
DA04020342,1 RUE DE LA PERLE,40100 DAX
DA04020343,1 RUE DE LA PERLE,40100 DAX
DA04020344,1 RUE DE LA PERLE,40100 DAX
DA05010101,23 AVENUE FRANCIS PLANTE,40100 DAX
DA05010102,23 AVENUE FRANCIS PLANTE,40100 DAX
DA05010111,23 AVENUE FRANCIS PLANTE,40100 DAX
DA05010112,23 AVENUE FRANCIS PLANTE,40100 DAX
DA05010121,23 AVENUE FRANCIS PLANTE,40100 DAX
DA05010122,23 AVENUE FRANCIS PLANTE,40100 DAX
DA05010131,23 AVENUE FRANCIS PLANTE,40100 DAX
DA05010132,23 AVENUE FRANCIS PLANTE,40100 DAX
DA05010201,23 AVENUE FRANCIS PLANTE,40100 DAX
DA05010202,23 AVENUE FRANCIS PLANTE,40100 DAX
DA05010211,23 AVENUE FRANCIS PLANTE,40100 DAX
DA05010212,23 AVENUE FRANCIS PLANTE,40100 DAX
DA05010221,23 AVENUE FRANCIS PLANTE,40100 DAX
DA05010222,23 AVENUE FRANCIS PLANTE,40100 DAX
DA05010231,23 AVENUE FRANCIS PLANTE,40100 DAX
DA05010232,23 AVENUE FRANCIS PLANTE,40100 DAX
DA05010301,23 AVENUE FRANCIS PLANTE,40100 DAX
DA05010302,23 AVENUE FRANCIS PLANTE,40100 DAX
DA05010311,23 AVENUE FRANCIS PLANTE,40100 DAX
DA05010312,23 AVENUE FRANCIS PLANTE,40100 DAX
DA05010321,23 AVENUE FRANCIS PLANTE,40100 DAX
DA05010322,23 AVENUE FRANCIS PLANTE,40100 DAX
DA05010331,23 AVENUE FRANCIS PLANTE,40100 DAX
DA05010332,23 AVENUE FRANCIS PLANTE,40100 DAX
DA06010121,1 PLACE DU PRESIDIAL,40100 DAX
DA06010122,1 PLACE DU PRESIDIAL,40100 DAX
DA06010123,1 PLACE DU PRESIDIAL,40100 DAX
DA06010124,1 PLACE DU PRESIDIAL,40100 DAX
DA06010125,1 PLACE DU PRESIDIAL,40100 DAX
DA06010126,1 PLACE DU PRESIDIAL,40100 DAX
DA06010131,1 PLACE DU PRESIDIAL,40100 DAX
DA06010132,1 PLACE DU PRESIDIAL,40100 DAX
DA06010133,1 PLACE DU PRESIDIAL,40100 DAX
DA06010134,1 PLACE DU PRESIDIAL,40100 DAX
DA06010135,1 PLACE DU PRESIDIAL,40100 DAX
DA06010136,1 PLACE DU PRESIDIAL,40100 DAX
DA06010141,1 PLACE DU PRESIDIAL,40100 DAX
DA06010142,1 PLACE DU PRESIDIAL,40100 DAX
DA06010143,1 PLACE DU PRESIDIAL,40100 DAX
DA06010211,4 PLACE DU PRESIDIAL,40100 DAX
DA06010212,4 PLACE DU PRESIDIAL,40100 DAX
DA06010213,4 PLACE DU PRESIDIAL,40100 DAX
DA06010214,4 PLACE DU PRESIDIAL,40100 DAX
DA06010221,4 PLACE DU PRESIDIAL,40100 DAX
DA06010222,4 PLACE DU PRESIDIAL,40100 DAX
DA06010223,4 PLACE DU PRESIDIAL,40100 DAX
DA06010224,4 PLACE DU PRESIDIAL,40100 DAX
DA06010225,4 PLACE DU PRESIDIAL,40100 DAX
DA06010226,4 PLACE DU PRESIDIAL,40100 DAX
DA06010231,4 PLACE DU PRESIDIAL,40100 DAX
DA06010232,4 PLACE DU PRESIDIAL,40100 DAX
DA06010233,4 PLACE DU PRESIDIAL,40100 DAX
DA06010234,4 PLACE DU PRESIDIAL,40100 DAX
DA06010235,4 PLACE DU PRESIDIAL,40100 DAX
DA06010236,4 PLACE DU PRESIDIAL,40100 DAX
DA06010241,4 PLACE DU PRESIDIAL,40100 DAX
DA06010242,4 PLACE DU PRESIDIAL,40100 DAX
DA06010243,4 PLACE DU PRESIDIAL,40100 DAX
DA06010311,22 PLACE DU PRESIDIAL,40100 DAX
DA06010312,22 PLACE DU PRESIDIAL,40100 DAX
DA06010313,22 PLACE DU PRESIDIAL,40100 DAX
DA06010314,22 PLACE DU PRESIDIAL,40100 DAX
DA06010315,22 PLACE DU PRESIDIAL,40100 DAX
DA06010316,22 PLACE DU PRESIDIAL,40100 DAX
DA06010317,22 PLACE DU PRESIDIAL,40100 DAX
DA06010318,22 PLACE DU PRESIDIAL,40100 DAX
DA06010319,22 PLACE DU PRESIDIAL,40100 DAX
DA06010321,22 PLACE DU PRESIDIAL,40100 DAX
DA06010322,22 PLACE DU PRESIDIAL,40100 DAX
DA06010323,22 PLACE DU PRESIDIAL,40100 DAX
DA06010324,22 PLACE DU PRESIDIAL,40100 DAX
DA06010325,22 PLACE DU PRESIDIAL,40100 DAX
DA06010326,22 PLACE DU PRESIDIAL,40100 DAX
DA06010327,22 PLACE DU PRESIDIAL,40100 DAX
DA06010328,22 PLACE DU PRESIDIAL,40100 DAX
DA06010329,22 PLACE DU PRESIDIAL,40100 DAX
DA06010331,22 PLACE DU PRESIDIAL,40100 DAX
DA06010332,22 PLACE DU PRESIDIAL,40100 DAX
DA06010333,22 PLACE DU PRESIDIAL,40100 DAX
DA06010334,22 PLACE DU PRESIDIAL,40100 DAX
DA06010335,22 PLACE DU PRESIDIAL,40100 DAX
DA06010336,22 PLACE DU PRESIDIAL,40100 DAX
DA06010337,22 PLACE DU PRESIDIAL,40100 DAX
DA06010338,22 PLACE DU PRESIDIAL,40100 DAX
DA06010339,22 PLACE DU PRESIDIAL,40100 DAX
DA06010341,22 PLACE DU PRESIDIAL,40100 DAX
DA06010342,22 PLACE DU PRESIDIAL,40100 DAX
DA06010343,22 PLACE DU PRESIDIAL,40100 DAX
DA06010344,22 PLACE DU PRESIDIAL,40100 DAX
DA06013110,22 PLACE DU PRESIDIAL,40100 DAX
DA06013210,22 PLACE DU PRESIDIAL,40100 DAX
DA06013211,22 PLACE DU PRESIDIAL,40100 DAX
DA06013310,22 PLACE DU PRESIDIAL,40100 DAX
DA06013311,22 PLACE DU PRESIDIAL,40100 DAX
DA08010007,7 RUE DE LA PERLE,40100 DAX
DA09010109,8 RUE LAMARTINE,40100 DAX
DA09010111,4 RUE LAMARTINE,40100 DAX
DA09010112,2 RUE LAMARTINE,40100 DAX
DA09010126,93 RUE DE LA CROIX BLANCHE,40100 DAX
DA09010128,97 RUE DE LA CROIX BLANCHE,40100 DAX
DA09010129,99 RUE DE LA CROIX BLANCHE,40100 DAX
DA10010001,1 RUE ALEXANDRE DUMAS,40100 DAX
DA10010002,2 RUE ALEXANDRE DUMAS,40100 DAX
DA10010003,3 RUE ALEXANDRE DUMAS,40100 DAX
DA10010004,4 RUE ALEXANDRE DUMAS,40100 DAX
DA10010005,5 RUE ALEXANDRE DUMAS,40100 DAX
DA10010006,6 RUE ALEXANDRE DUMAS,40100 DAX
DA10010007,7 RUE ALEXANDRE DUMAS,40100 DAX
DA10010008,8 RUE ALEXANDRE DUMAS,40100 DAX
DA10010009,9 RUE ALEXANDRE DUMAS,40100 DAX
DA10010010,10 RUE ALEXANDRE DUMAS,40100 DAX
DA10010011,11 RUE ALEXANDRE DUMAS,40100 DAX
DA10010012,12 RUE ALEXANDRE DUMAS,40100 DAX
DA10010013,13 RUE ALEXANDRE DUMAS,40100 DAX
DA10010014,14 RUE ALEXANDRE DUMAS,40100 DAX
DA10010015,15 RUE ALEXANDRE DUMAS,40100 DAX
DA10010016,16 RUE ALEXANDRE DUMAS,40100 DAX
DA10010017,17 RUE ALEXANDRE DUMAS,40100 DAX
DA10010018,18 RUE ALEXANDRE DUMAS,40100 DAX
DA10010019,19 RUE ALEXANDRE DUMAS,40100 DAX
DA10010020,20 RUE ALEXANDRE DUMAS,40100 DAX
DA10010021,21 RUE ALEXANDRE DUMAS,40100 DAX
DA10010022,22 RUE ALEXANDRE DUMAS,40100 DAX
DA10010023,23 RUE ALEXANDRE DUMAS,40100 DAX
DA10010024,24 RUE ALEXANDRE DUMAS,40100 DAX
DA10010025,25 RUE ALEXANDRE DUMAS,40100 DAX
DA10010026,26 RUE ALEXANDRE DUMAS,40100 DAX
DA11010001,RUE DES LIEUTENANTS THOMAZO,40100 DAX
DA11010002,RUE DES LIEUTENANTS THOMAZO,40100 DAX
DA11010003,RUE DES LIEUTENANTS THOMAZO,40100 DAX
DA11010004,RUE DES LIEUTENANTS THOMAZO,40100 DAX
DA11010005,RUE DES LIEUTENANTS THOMAZO,40100 DAX
DA11010006,RUE DES LIEUTENANTS THOMAZO,40100 DAX
DA11010007,RUE DES LIEUTENANTS THOMAZO,40100 DAX
DA11010008,RUE DES LIEUTENANTS THOMAZO,40100 DAX
DA11010009,RUE DES LIEUTENANTS THOMAZO,40100 DAX
DA11010010,RUE DES LIEUTENANTS THOMAZO,40100 DAX
DA11010011,RUE DES LIEUTENANTS THOMAZO,40100 DAX
DA11010012,RUE DES LIEUTENANTS THOMAZO,40100 DAX
DA11010013,RUE DES LIEUTENANTS THOMAZO,40100 DAX
DA11010014,RUE DES LIEUTENANTS THOMAZO,40100 DAX
DA11010015,RUE DES LIEUTENANTS THOMAZO,40100 DAX
DA11010016,RUE DES LIEUTENANTS THOMAZO,40100 DAX
DA11010017,RUE DES LIEUTENANTS THOMAZO,40100 DAX
DA11010018,RUE DES LIEUTENANTS THOMAZO,40100 DAX
DA11010019,RUE DES LIEUTENANTS THOMAZO,40100 DAX
DA11010020,RUE DES LIEUTENANTS THOMAZO,40100 DAX
DA11010021,RUE DES LIEUTENANTS THOMAZO,40100 DAX
DA11010022,RUE DES LIEUTENANTS THOMAZO,40100 DAX
DA11010023,RUE DES LIEUTENANTS THOMAZO,40100 DAX
DA11010024,RUE DES LIEUTENANTS THOMAZO,40100 DAX
DA12010001,57 AVENUE VICTOR HUGO,40100 DAX
DA12010002,57 AVENUE VICTOR HUGO,40100 DAX
DA12010003,57 AVENUE VICTOR HUGO,40100 DAX
DA12010004,57 AVENUE VICTOR HUGO,40100 DAX
DA12010005,57 AVENUE VICTOR HUGO,40100 DAX
DA12010006,57 AVENUE VICTOR HUGO,40100 DAX
DA12010007,57 AVENUE VICTOR HUGO,40100 DAX
DA12010008,57 AVENUE VICTOR HUGO,40100 DAX
DA12010009,57 AVENUE VICTOR HUGO,40100 DAX
DA12010010,57 AVENUE VICTOR HUGO,40100 DAX
DA12010011,57 AVENUE VICTOR HUGO,40100 DAX
DA12010012,57 AVENUE VICTOR HUGO,40100 DAX
DA12010013,57 AVENUE VICTOR HUGO,40100 DAX
DA12010014,57 AVENUE VICTOR HUGO,40100 DAX
DA12010015,57 AVENUE VICTOR HUGO,40100 DAX
DA12010016,57 AVENUE VICTOR HUGO,40100 DAX
DA12010017,57 AVENUE VICTOR HUGO,40100 DAX
DA12010018,57 AVENUE VICTOR HUGO,40100 DAX
DA12010019,57 AVENUE VICTOR HUGO,40100 DAX
DA12010020,57 AVENUE VICTOR HUGO,40100 DAX
DA12010021,57 AVENUE VICTOR HUGO,40100 DAX
DA12010022,57 AVENUE VICTOR HUGO,40100 DAX
DA12010023,57 AVENUE VICTOR HUGO,40100 DAX
DA12010024,57 AVENUE VICTOR HUGO,40100 DAX
DA12010025,57 AVENUE VICTOR HUGO,40100 DAX
DA12010026,57 AVENUE VICTOR HUGO,40100 DAX
DA12010027,57 AVENUE VICTOR HUGO,40100 DAX
DA12010028,57 AVENUE VICTOR HUGO,40100 DAX
DA12010029,57 AVENUE VICTOR HUGO,40100 DAX
DA12010030,57 AVENUE VICTOR HUGO,40100 DAX
DA12010031,57 AVENUE VICTOR HUGO,40100 DAX
DA12010032,57 AVENUE VICTOR HUGO,40100 DAX
DA12010033,57 AVENUE VICTOR HUGO,40100 DAX
DA12010034,57 AVENUE VICTOR HUGO,40100 DAX
DA12010035,57 AVENUE VICTOR HUGO,40100 DAX
DA12010036,57 AVENUE VICTOR HUGO,40100 DAX
DA12010037,57 AVENUE VICTOR HUGO,40100 DAX
DA12010038,57 AVENUE VICTOR HUGO,40100 DAX
DA12010039,57 AVENUE VICTOR HUGO,40100 DAX
DA12010040,57 AVENUE VICTOR HUGO,40100 DAX
DA12010041,57 AVENUE VICTOR HUGO,40100 DAX
DA12010042,57 AVENUE VICTOR HUGO,40100 DAX
DA12010043,57 AVENUE VICTOR HUGO,40100 DAX
DA12010044,57 AVENUE VICTOR HUGO,40100 DAX
DA12010045,57 AVENUE VICTOR HUGO,40100 DAX
DA12010046,57 AVENUE VICTOR HUGO,40100 DAX
DA12020047,8 RUE DU SEL GEMME,40100 DAX
DA12020048,8 RUE DU SEL GEMME,40100 DAX
DA12020049,8 RUE DU SEL GEMME,40100 DAX
DA12020050,8 RUE DU SEL GEMME,40100 DAX
DA12020051,8 RUE DU SEL GEMME,40100 DAX
DA12020052,8 RUE DU SEL GEMME,40100 DAX
DA12020053,8 RUE DU SEL GEMME,40100 DAX
DA12020054,8 RUE DU SEL GEMME,40100 DAX
DA12020055,8 RUE DU SEL GEMME,40100 DAX
DA12020056,8 RUE DU SEL GEMME,40100 DAX
DA12020057,8 RUE DU SEL GEMME,40100 DAX
DA12020058,8 RUE DU SEL GEMME,40100 DAX
DA12020059,8 RUE DU SEL GEMME,40100 DAX
DA12020060,8 RUE DU SEL GEMME,40100 DAX
DA12020061,8 RUE DU SEL GEMME,40100 DAX
DA12020062,8 RUE DU SEL GEMME,40100 DAX
DA12020063,8 RUE DU SEL GEMME,40100 DAX
DA12020064,8 RUE DU SEL GEMME,40100 DAX
DA12020065,8 RUE DU SEL GEMME,40100 DAX
DA12020066,8 RUE DU SEL GEMME,40100 DAX
DA12020067,8 RUE DU SEL GEMME,40100 DAX
DA12020068,8 RUE DU SEL GEMME,40100 DAX
DA12020069,8 RUE DU SEL GEMME,40100 DAX
DA12020070,8 RUE DU SEL GEMME,40100 DAX
DA12020071,8 RUE DU SEL GEMME,40100 DAX
DA12020072,8 RUE DU SEL GEMME,40100 DAX
DA12020073,8 RUE DU SEL GEMME,40100 DAX
DA12020074,8 RUE DU SEL GEMME,40100 DAX
DA12020075,8 RUE DU SEL GEMME,40100 DAX
DA12020076,8 RUE DU SEL GEMME,40100 DAX
DA12020077,8 RUE DU SEL GEMME,40100 DAX
DA12020078,8 RUE DU SEL GEMME,40100 DAX
DA12020079,8 RUE DU SEL GEMME,40100 DAX
DA12020080,8 RUE DU SEL GEMME,40100 DAX
DA12020081,8 RUE DU SEL GEMME,40100 DAX
DA12020082,8 RUE DU SEL GEMME,40100 DAX
DA12020083,8 RUE DU SEL GEMME,40100 DAX
DA12020084,8 RUE DU SEL GEMME,40100 DAX
DA12020085,8 RUE DU SEL GEMME,40100 DAX
DA12020086,8 RUE DU SEL GEMME,40100 DAX
DA12020087,8 RUE DU SEL GEMME,40100 DAX
DA12020088,8 RUE DU SEL GEMME,40100 DAX
DA12020089,8 RUE DU SEL GEMME,40100 DAX
DA12020090,8 RUE DU SEL GEMME,40100 DAX
DA12020091,8 RUE DU SEL GEMME,40100 DAX
DA12020092,8 RUE DU SEL GEMME,40100 DAX
DA12020093,8 RUE DU SEL GEMME,40100 DAX
DA12030094,59 AVENUE VICTOR HUGO,40100 DAX
DA12030095,59 AVENUE VICTOR HUGO,40100 DAX
DA12030096,59 AVENUE VICTOR HUGO,40100 DAX
DA12030097,59 AVENUE VICTOR HUGO,40100 DAX
DA12030098,59 AVENUE VICTOR HUGO,40100 DAX
DA12030099,59 AVENUE VICTOR HUGO,40100 DAX
DA12030100,59 AVENUE VICTOR HUGO,40100 DAX
DA12030101,59 AVENUE VICTOR HUGO,40100 DAX
DA12030102,59 AVENUE VICTOR HUGO,40100 DAX
DA12030103,59 AVENUE VICTOR HUGO,40100 DAX
DA12030104,59 AVENUE VICTOR HUGO,40100 DAX
DA12030105,59 AVENUE VICTOR HUGO,40100 DAX
DA12030106,59 AVENUE VICTOR HUGO,40100 DAX
DA12030107,59 AVENUE VICTOR HUGO,40100 DAX
DA12030108,59 AVENUE VICTOR HUGO,40100 DAX
DA12030109,59 AVENUE VICTOR HUGO,40100 DAX
DA12040110,53 AVENUE VICTOR HUGO,40100 DAX
DA12040111,53 AVENUE VICTOR HUGO,40100 DAX
DA12040112,53 AVENUE VICTOR HUGO,40100 DAX
DA12040113,53 AVENUE VICTOR HUGO,40100 DAX
DA12040114,53 AVENUE VICTOR HUGO,40100 DAX
DA12040115,53 AVENUE VICTOR HUGO,40100 DAX
DA12040116,53 AVENUE VICTOR HUGO,40100 DAX
DA12040117,53 AVENUE VICTOR HUGO,40100 DAX
DA12040118,53 AVENUE VICTOR HUGO,40100 DAX
DA12040119,53 AVENUE VICTOR HUGO,40100 DAX
DA12040120,53 AVENUE VICTOR HUGO,40100 DAX
DA12040121,53 AVENUE VICTOR HUGO,40100 DAX
DA12040122,53 AVENUE VICTOR HUGO,40100 DAX
DA12040123,53 AVENUE VICTOR HUGO,40100 DAX
DA12040124,53 AVENUE VICTOR HUGO,40100 DAX
DA12040125,53 AVENUE VICTOR HUGO,40100 DAX
DA12050126,2 AVENUE FRANCIS PLANTE,40100 DAX
DA12050127,2 AVENUE FRANCIS PLANTE,40100 DAX
DA12050128,2 AVENUE FRANCIS PLANTE,40100 DAX
DA12050129,2 AVENUE FRANCIS PLANTE,40100 DAX
DA12050130,2 AVENUE FRANCIS PLANTE,40100 DAX
DA12050131,2 AVENUE FRANCIS PLANTE,40100 DAX
DA12050132,2 AVENUE FRANCIS PLANTE,40100 DAX
DA12050133,2 AVENUE FRANCIS PLANTE,40100 DAX
DA12050134,2 AVENUE FRANCIS PLANTE,40100 DAX
DA12050135,2 AVENUE FRANCIS PLANTE,40100 DAX
DA12050136,2 AVENUE FRANCIS PLANTE,40100 DAX
DA12050137,2 AVENUE FRANCIS PLANTE,40100 DAX
DA12050138,2 AVENUE FRANCIS PLANTE,40100 DAX
DA12050139,2 AVENUE FRANCIS PLANTE,40100 DAX
DA12050140,2 AVENUE FRANCIS PLANTE,40100 DAX
DA12050141,2 AVENUE FRANCIS PLANTE,40100 DAX
DA12050142,2 AVENUE FRANCIS PLANTE,40100 DAX
DA12050143,2 AVENUE FRANCIS PLANTE,40100 DAX
DA12050144,2 AVENUE FRANCIS PLANTE,40100 DAX
DA12050145,2 AVENUE FRANCIS PLANTE,40100 DAX
DA12050146,2 AVENUE FRANCIS PLANTE,40100 DAX
DA12050147,2 AVENUE FRANCIS PLANTE,40100 DAX
DA12050148,2 AVENUE FRANCIS PLANTE,40100 DAX
DA12060149,2 RUE SEL GEMME,40100 DAX
DA12060150,2 RUE SEL GEMME,40100 DAX
DA12060151,2 RUE SEL GEMME,40100 DAX
DA12060152,2 RUE SEL GEMME,40100 DAX
DA12060153,2 RUE SEL GEMME,40100 DAX
DA12060154,2 RUE SEL GEMME,40100 DAX
DA12060155,2 RUE SEL GEMME,40100 DAX
DA12060156,2 RUE SEL GEMME,40100 DAX
DA12060157,2 RUE SEL GEMME,40100 DAX
DA12060158,2 RUE SEL GEMME,40100 DAX
DA12060159,2 RUE SEL GEMME,40100 DAX
DA12060160,2 RUE SEL GEMME,40100 DAX
DA12060161,2 RUE SEL GEMME,40100 DAX
DA12060162,2 RUE SEL GEMME,40100 DAX
DA12060163,2 RUE SEL GEMME,40100 DAX
DA12060164,2 RUE SEL GEMME,40100 DAX
DA12070165,4 RUE SEL GEMME,40100 DAX
DA12070166,4 RUE SEL GEMME,40100 DAX
DA12070167,4 RUE SEL GEMME,40100 DAX
DA12070168,4 RUE SEL GEMME,40100 DAX
DA12070169,4 RUE SEL GEMME,40100 DAX
DA12070170,4 RUE SEL GEMME,40100 DAX
DA12070171,4 RUE SEL GEMME,40100 DAX
DA12070172,4 RUE SEL GEMME,40100 DAX
DA12070173,4 RUE SEL GEMME,40100 DAX
DA12070174,4 RUE SEL GEMME,40100 DAX
DA12070175,4 RUE SEL GEMME,40100 DAX
DA12070176,4 RUE SEL GEMME,40100 DAX
DA12070177,4 RUE SEL GEMME,40100 DAX
DA12070178,4 RUE SEL GEMME,40100 DAX
DA12070179,4 RUE SEL GEMME,40100 DAX
DA12070180,4 RUE SEL GEMME,40100 DAX
DA12070181,4 RUE SEL GEMME,40100 DAX
DA12070182,4 RUE SEL GEMME,40100 DAX
DA12070183,4 RUE SEL GEMME,40100 DAX
DA12070184,4 RUE SEL GEMME,40100 DAX
DA12070185,4 RUE SEL GEMME,40100 DAX
DA12070186,4 RUE SEL GEMME,40100 DAX
DA12070187,4 RUE SEL GEMME,40100 DAX
DA12080188,6 RUE SEL GEMME,40100 DAX
DA12080189,6 RUE SEL GEMME,40100 DAX
DA12080190,6 RUE SEL GEMME,40100 DAX
DA12080191,6 RUE SEL GEMME,40100 DAX
DA12080192,6 RUE SEL GEMME,40100 DAX
DA12080193,6 RUE SEL GEMME,40100 DAX
DA12080194,6 RUE SEL GEMME,40100 DAX
DA12080195,6 RUE SEL GEMME,40100 DAX
DA12080196,6 RUE SEL GEMME,40100 DAX
DA12080197,6 RUE SEL GEMME,40100 DAX
DA12080198,6 RUE SEL GEMME,40100 DAX
DA12080199,6 RUE SEL GEMME,40100 DAX
DA12080200,6 RUE SEL GEMME,40100 DAX
DA12080201,6 RUE SEL GEMME,40100 DAX
DA12080202,6 RUE SEL GEMME,40100 DAX
DA12080203,6 RUE SEL GEMME,40100 DAX
DA12090204,1 RUE VOLTAIRE,40100 DAX
DA12090205,1 RUE VOLTAIRE,40100 DAX
DA12090206,1 RUE VOLTAIRE,40100 DAX
DA12090207,1 RUE VOLTAIRE,40100 DAX
DA12090208,1 RUE VOLTAIRE,40100 DAX
DA12090209,1 RUE VOLTAIRE,40100 DAX
DA12090210,1 RUE VOLTAIRE,40100 DAX
DA12090211,1 RUE VOLTAIRE,40100 DAX
DA12090212,1 RUE VOLTAIRE,40100 DAX
DA12090213,1 RUE VOLTAIRE,40100 DAX
DA12090214,1 RUE VOLTAIRE,40100 DAX
DA12090215,1 RUE VOLTAIRE,40100 DAX
DA12090216,1 RUE VOLTAIRE,40100 DAX
DA12090217,1 RUE VOLTAIRE,40100 DAX
DA12090218,1 RUE VOLTAIRE,40100 DAX
DA12090219,1 RUE VOLTAIRE,40100 DAX
DA12090220,1 RUE VOLTAIRE,40100 DAX
DA12090221,1 RUE VOLTAIRE,40100 DAX
DA12090222,1 RUE VOLTAIRE,40100 DAX
DA12090223,1 RUE VOLTAIRE,40100 DAX
DA12100224,10 RUE SEL GEMME,40100 DAX
DA12100225,10 RUE SEL GEMME,40100 DAX
DA12100226,10 RUE SEL GEMME,40100 DAX
DA12100227,10 RUE SEL GEMME,40100 DAX
DA12100228,10 RUE SEL GEMME,40100 DAX
DA12100229,10 RUE SEL GEMME,40100 DAX
DA12100230,10 RUE SEL GEMME,40100 DAX
DA12100231,10 RUE SEL GEMME,40100 DAX
DA12100232,10 RUE SEL GEMME,40100 DAX
DA12100233,10 RUE SEL GEMME,40100 DAX
DA12100234,10 RUE SEL GEMME,40100 DAX
DA12100235,10 RUE SEL GEMME,40100 DAX
DA12100236,10 RUE SEL GEMME,40100 DAX
DA12100237,10 RUE SEL GEMME,40100 DAX
DA12100238,10 RUE SEL GEMME,40100 DAX
DA12100239,10 RUE SEL GEMME,40100 DAX
DA12100240,10 RUE SEL GEMME,40100 DAX
DA12100241,10 RUE SEL GEMME,40100 DAX
DA12100242,10 RUE SEL GEMME,40100 DAX
DA12100243,10 RUE SEL GEMME,40100 DAX
DA12100244,10 RUE SEL GEMME,40100 DAX
DA12100245,10 RUE SEL GEMME,40100 DAX
DA12100246,10 RUE SEL GEMME,40100 DAX
DA12100247,10 RUE SEL GEMME,40100 DAX
DA12100248,10 RUE SEL GEMME,40100 DAX
DA12100249,10 RUE SEL GEMME,40100 DAX
DA12100250,10 RUE SEL GEMME,40100 DAX
DA12100251,10 RUE SEL GEMME,40100 DAX
DA12100252,10 RUE SEL GEMME,40100 DAX
DA12100253,10 RUE SEL GEMME,40100 DAX
DA12100254,10 RUE SEL GEMME,40100 DAX
DA12100255,10 RUE SEL GEMME,40100 DAX
DA12100256,10 RUE SEL GEMME,40100 DAX
DA12100257,10 RUE SEL GEMME,40100 DAX
DA12100258,10 RUE SEL GEMME,40100 DAX
DA12100259,10 RUE SEL GEMME,40100 DAX
DA12100260,10 RUE SEL GEMME,40100 DAX
DA12100261,10 RUE SEL GEMME,40100 DAX
DA12100262,10 RUE SEL GEMME,40100 DAX
DA12100263,10 RUE SEL GEMME,40100 DAX
DA12110264,61 AVENUE VICTOR HUGO,40100 DAX
DA12110265,61 AVENUE VICTOR HUGO,40100 DAX
DA12110266,61 AVENUE VICTOR HUGO,40100 DAX
DA12110267,61 AVENUE VICTOR HUGO,40100 DAX
DA12110268,61 AVENUE VICTOR HUGO,40100 DAX
DA12110269,61 AVENUE VICTOR HUGO,40100 DAX
DA12110270,61 AVENUE VICTOR HUGO,40100 DAX
DA12110271,61 AVENUE VICTOR HUGO,40100 DAX
DA12110272,61 AVENUE VICTOR HUGO,40100 DAX
DA12110273,61 AVENUE VICTOR HUGO,40100 DAX
DA12110274,61 AVENUE VICTOR HUGO,40100 DAX
DA12110275,61 AVENUE VICTOR HUGO,40100 DAX
DA12110276,61 AVENUE VICTOR HUGO,40100 DAX
DA12110277,61 AVENUE VICTOR HUGO,40100 DAX
DA12110278,61 AVENUE VICTOR HUGO,40100 DAX
DA12110279,61 AVENUE VICTOR HUGO,40100 DAX
DA12110280,61 AVENUE VICTOR HUGO,40100 DAX
DA12110281,61 AVENUE VICTOR HUGO,40100 DAX
DA12110282,61 AVENUE VICTOR HUGO,40100 DAX
DA12110283,61 AVENUE VICTOR HUGO,40100 DAX
DA12110284,61 AVENUE VICTOR HUGO,40100 DAX
DA12110285,61 AVENUE VICTOR HUGO,40100 DAX
DA12110286,61 AVENUE VICTOR HUGO,40100 DAX
DA12110287,61 AVENUE VICTOR HUGO,40100 DAX
DA12110288,61 AVENUE VICTOR HUGO,40100 DAX
DA12110289,61 AVENUE VICTOR HUGO,40100 DAX
DA12110290,61 AVENUE VICTOR HUGO,40100 DAX
DA12110291,61 AVENUE VICTOR HUGO,40100 DAX
DA12110292,61 AVENUE VICTOR HUGO,40100 DAX
DA12110293,61 AVENUE VICTOR HUGO,40100 DAX
DA12110294,61 AVENUE VICTOR HUGO,40100 DAX
DA12110295,61 AVENUE VICTOR HUGO,40100 DAX
DA12110296,61 AVENUE VICTOR HUGO,40100 DAX
DA12110297,61 AVENUE VICTOR HUGO,40100 DAX
DA12110298,61 AVENUE VICTOR HUGO,40100 DAX
DA12110299,61 AVENUE VICTOR HUGO,40100 DAX
DA12110300,61 AVENUE VICTOR HUGO,40100 DAX
DA12110301,61 AVENUE VICTOR HUGO,40100 DAX
DA12110302,61 AVENUE VICTOR HUGO,40100 DAX
DA12110303,61 AVENUE VICTOR HUGO,40100 DAX
DA12120304,5 RUE VOLTAIRE,40100 DAX
DA12120305,5 RUE VOLTAIRE,40100 DAX
DA12120306,5 RUE VOLTAIRE,40100 DAX
DA12120307,5 RUE VOLTAIRE,40100 DAX
DA12120308,5 RUE VOLTAIRE,40100 DAX
DA12120309,5 RUE VOLTAIRE,40100 DAX
DA12120310,5 RUE VOLTAIRE,40100 DAX
DA12120311,5 RUE VOLTAIRE,40100 DAX
DA12120312,5 RUE VOLTAIRE,40100 DAX
DA12120313,5 RUE VOLTAIRE,40100 DAX
DA12120314,5 RUE VOLTAIRE,40100 DAX
DA12120315,5 RUE VOLTAIRE,40100 DAX
DA12120316,5 RUE VOLTAIRE,40100 DAX
DA12120317,5 RUE VOLTAIRE,40100 DAX
DA12120318,5 RUE VOLTAIRE,40100 DAX
DA12120319,5 RUE VOLTAIRE,40100 DAX
DA12120320,5 RUE VOLTAIRE,40100 DAX
DA12120321,5 RUE VOLTAIRE,40100 DAX
DA12120322,5 RUE VOLTAIRE,40100 DAX
DA12120323,5 RUE VOLTAIRE,40100 DAX
DA12120324,5 RUE VOLTAIRE,40100 DAX
DA12120325,5 RUE VOLTAIRE,40100 DAX
DA12120326,5 RUE VOLTAIRE,40100 DAX
DA12120327,5 RUE VOLTAIRE,40100 DAX
DA12120328,5 RUE VOLTAIRE,40100 DAX
DA12120329,5 RUE VOLTAIRE,40100 DAX
DA12120330,5 RUE VOLTAIRE,40100 DAX
DA12120331,5 RUE VOLTAIRE,40100 DAX
DA12120332,5 RUE VOLTAIRE,40100 DAX
DA12120333,5 RUE VOLTAIRE,40100 DAX
DA12120334,5 RUE VOLTAIRE,40100 DAX
DA12120335,5 RUE VOLTAIRE,40100 DAX
DA13010001,2 RUE DES LANDES,40100 DAX
DA13010002,2 RUE DES LANDES,40100 DAX
DA13010003,2 RUE DES LANDES,40100 DAX
DA13010004,2 RUE DES LANDES,40100 DAX
DA13010005,2 RUE DES LANDES,40100 DAX
DA13010006,2 RUE DES LANDES,40100 DAX
DA13010007,2 RUE DES LANDES,40100 DAX
DA13010008,2 RUE DES LANDES,40100 DAX
DA13010009,2 RUE DES LANDES,40100 DAX
DA13010010,2 RUE DES LANDES,40100 DAX
DA13010011,2 RUE DES LANDES,40100 DAX
DA13010012,2 RUE DES LANDES,40100 DAX
DA13010013,1 RUE DES LANDES,40100 DAX
DA13010014,1 RUE DES LANDES,40100 DAX
DA13010015,1 RUE DES LANDES,40100 DAX
DA13010016,1 RUE DES LANDES,40100 DAX
DA13010017,1 RUE DES LANDES,40100 DAX
DA13010018,1 RUE DES LANDES,40100 DAX
DA13010019,1 RUE DES LANDES,40100 DAX
DA13010020,1 RUE DES LANDES,40100 DAX
DA13010021,1 RUE DES LANDES,40100 DAX
DA13010022,1 RUE DES LANDES,40100 DAX
DA13010023,1 RUE DES LANDES,40100 DAX
DA13010024,1 RUE DES LANDES,40100 DAX
DA13010025,3 RUE DES LANDES,40100 DAX
DA13010026,3 RUE DES LANDES,40100 DAX
DA13010027,3 RUE DES LANDES,40100 DAX
DA13010028,3 RUE DES LANDES,40100 DAX
DA13010029,3 RUE DES LANDES,40100 DAX
DA13010030,3 RUE DES LANDES,40100 DAX
DA13010031,3 RUE DES LANDES,40100 DAX
DA13010032,3 RUE DES LANDES,40100 DAX
DA13010033,3 RUE DES LANDES,40100 DAX
DA13010034,3 RUE DES LANDES,40100 DAX
DA13010035,3 RUE DES LANDES,40100 DAX
DA13010036,3 RUE DES LANDES,40100 DAX
DA13010037,5 RUE DES LANDES,40100 DAX
DA13010038,5 RUE DES LANDES,40100 DAX
DA13010039,5 RUE DES LANDES,40100 DAX
DA13010040,5 RUE DES LANDES,40100 DAX
DA13010041,5 RUE DES LANDES,40100 DAX
DA13010042,5 RUE DES LANDES,40100 DAX
DA13010043,5 RUE DES LANDES,40100 DAX
DA13010044,5 RUE DES LANDES,40100 DAX
DA13010045,5 RUE DES LANDES,40100 DAX
DA13010046,5 RUE DES LANDES,40100 DAX
DA13010047,5 RUE DES LANDES,40100 DAX
DA13010048,5 RUE DES LANDES,40100 DAX
DA14010001,1 RUE BUFFON,40100 DAX
DA14010002,1 RUE BUFFON,40100 DAX
DA14010003,1 RUE BUFFON,40100 DAX
DA14010004,1 RUE BUFFON,40100 DAX
DA14010005,1 RUE BUFFON,40100 DAX
DA14010006,1 RUE BUFFON,40100 DAX
DA14010007,1 RUE BUFFON,40100 DAX
DA14010008,1 RUE BUFFON,40100 DAX
DA14010009,1 RUE BUFFON,40100 DAX
DA14010010,1 RUE BUFFON,40100 DAX
DA14010011,1 RUE BUFFON,40100 DAX
DA14010012,1 RUE BUFFON,40100 DAX
DA14010013,1 RUE BUFFON,40100 DAX
DA14010014,1 RUE BUFFON,40100 DAX
DA14010015,1 RUE BUFFON,40100 DAX
DA14010016,1 RUE BUFFON,40100 DAX
DA14010017,1 RUE BUFFON,40100 DAX
DA14010018,1 RUE BUFFON,40100 DAX
DA14010019,1 RUE BUFFON,40100 DAX
DA14010020,1 RUE BUFFON,40100 DAX
DA14010021,1 RUE BUFFON,40100 DAX
DA14010022,1 RUE BUFFON,40100 DAX
DA14010023,1 RUE BUFFON,40100 DAX
DA14010024,1 RUE BUFFON,40100 DAX
DA14010025,1 RUE BUFFON,40100 DAX
DA14010026,1 RUE BUFFON,40100 DAX
DA14010027,1 RUE BUFFON,40100 DAX
DA14010028,1 RUE BUFFON,40100 DAX
DA14010029,1 RUE BUFFON,40100 DAX
DA14010030,1 RUE BUFFON,40100 DAX
DA14010031,1 RUE BUFFON,40100 DAX
DA14010032,1 RUE BUFFON,40100 DAX
DA14010033,1 RUE BUFFON,40100 DAX
DA14010034,1 RUE BUFFON,40100 DAX
DA14010035,1 RUE BUFFON,40100 DAX
DA14010036,1 RUE BUFFON,40100 DAX
DA14010037,1 RUE BUFFON,40100 DAX
DA14010038,1 RUE BUFFON,40100 DAX
DA14010039,1 RUE BUFFON,40100 DAX
DA14010040,1 RUE BUFFON,40100 DAX
DA14020041,2 RUE BUFFON,40100 DAX
DA14020042,2 RUE BUFFON,40100 DAX
DA14020043,2 RUE BUFFON,40100 DAX
DA14020044,2 RUE BUFFON,40100 DAX
DA14020045,2 RUE BUFFON,40100 DAX
DA14020046,2 RUE BUFFON,40100 DAX
DA14020047,2 RUE BUFFON,40100 DAX
DA14020048,2 RUE BUFFON,40100 DAX
DA14020049,2 RUE BUFFON,40100 DAX
DA14020050,2 RUE BUFFON,40100 DAX
DA14020051,2 RUE BUFFON,40100 DAX
DA14020052,2 RUE BUFFON,40100 DAX
DA14020053,2 RUE BUFFON,40100 DAX
DA14020054,2 RUE BUFFON,40100 DAX
DA14020055,2 RUE BUFFON,40100 DAX
DA14020056,2 RUE BUFFON,40100 DAX
DA14020057,2 RUE BUFFON,40100 DAX
DA14020058,2 RUE BUFFON,40100 DAX
DA14020059,2 RUE BUFFON,40100 DAX
DA14020060,2 RUE BUFFON,40100 DAX
DA14020061,2 RUE BUFFON,40100 DAX
DA14020062,2 RUE BUFFON,40100 DAX
DA14020063,2 RUE BUFFON,40100 DAX
DA14020064,2 RUE BUFFON,40100 DAX
DA14020065,2 RUE BUFFON,40100 DAX
DA14020066,2 RUE BUFFON,40100 DAX
DA14020067,2 RUE BUFFON,40100 DAX
DA14020068,2 RUE BUFFON,40100 DAX
DA14020069,2 RUE BUFFON,40100 DAX
DA14020070,2 RUE BUFFON,40100 DAX
DA14020071,2 RUE BUFFON,40100 DAX
DA14020072,2 RUE BUFFON,40100 DAX
DA14020073,2 RUE BUFFON,40100 DAX
DA14020074,2 RUE BUFFON,40100 DAX
DA14020075,2 RUE BUFFON,40100 DAX
DA14020076,2 RUE BUFFON,40100 DAX
DA14020077,2 RUE BUFFON,40100 DAX
DA14020078,2 RUE BUFFON,40100 DAX
DA14020079,2 RUE BUFFON,40100 DAX
DA14020080,2 RUE BUFFON,40100 DAX
DA14030081,4 RUE BUFFON,40100 DAX
DA14030082,4 RUE BUFFON,40100 DAX
DA14030083,4 RUE BUFFON,40100 DAX
DA14030084,4 RUE BUFFON,40100 DAX
DA14030085,4 RUE BUFFON,40100 DAX
DA14030086,4 RUE BUFFON,40100 DAX
DA14030087,4 RUE BUFFON,40100 DAX
DA14030088,4 RUE BUFFON,40100 DAX
DA14030089,4 RUE BUFFON,40100 DAX
DA14030090,4 RUE BUFFON,40100 DAX
DA14030091,4 RUE BUFFON,40100 DAX
DA14030092,4 RUE BUFFON,40100 DAX
DA14030093,4 RUE BUFFON,40100 DAX
DA14030094,4 RUE BUFFON,40100 DAX
DA14030095,4 RUE BUFFON,40100 DAX
DA14030096,4 RUE BUFFON,40100 DAX
DA14030097,4 RUE BUFFON,40100 DAX
DA14030098,4 RUE BUFFON,40100 DAX
DA14030099,4 RUE BUFFON,40100 DAX
DA14030100,4 RUE BUFFON,40100 DAX
DA14030101,4 RUE BUFFON,40100 DAX
DA14030102,4 RUE BUFFON,40100 DAX
DA14030103,4 RUE BUFFON,40100 DAX
DA14030104,4 RUE BUFFON,40100 DAX
DA14030105,4 RUE BUFFON,40100 DAX
DA14030106,4 RUE BUFFON,40100 DAX
DA14030107,4 RUE BUFFON,40100 DAX
DA14030108,4 RUE BUFFON,40100 DAX
DA14030109,4 RUE BUFFON,40100 DAX
DA14030110,4 RUE BUFFON,40100 DAX
DA14030111,4 RUE BUFFON,40100 DAX
DA14030112,4 RUE BUFFON,40100 DAX
DA14030113,4 RUE BUFFON,40100 DAX
DA14030114,4 RUE BUFFON,40100 DAX
DA14030115,4 RUE BUFFON,40100 DAX
DA14030116,4 RUE BUFFON,40100 DAX
DA14030117,4 RUE BUFFON,40100 DAX
DA14030118,4 RUE BUFFON,40100 DAX
DA14030119,4 RUE BUFFON,40100 DAX
DA14030120,4 RUE BUFFON,40100 DAX
DA14040121,3 RUE BUFFON,40100 DAX
DA14040122,3 RUE BUFFON,40100 DAX
DA14040123,3 RUE BUFFON,40100 DAX
DA14040124,3 RUE BUFFON,40100 DAX
DA14040125,3 RUE BUFFON,40100 DAX
DA14040126,3 RUE BUFFON,40100 DAX
DA14040127,3 RUE BUFFON,40100 DAX
DA14040128,3 RUE BUFFON,40100 DAX
DA14040129,3 RUE BUFFON,40100 DAX
DA14040130,3 RUE BUFFON,40100 DAX
DA14040131,3 RUE BUFFON,40100 DAX
DA14040132,3 RUE BUFFON,40100 DAX
DA14040133,3 RUE BUFFON,40100 DAX
DA14040134,3 RUE BUFFON,40100 DAX
DA14040135,3 RUE BUFFON,40100 DAX
DA14040136,3 RUE BUFFON,40100 DAX
DA14040137,3 RUE BUFFON,40100 DAX
DA14040138,3 RUE BUFFON,40100 DAX
DA14040139,3 RUE BUFFON,40100 DAX
DA14040140,3 RUE BUFFON,40100 DAX
DA14040141,3 RUE BUFFON,40100 DAX
DA14040142,3 RUE BUFFON,40100 DAX
DA14040143,3 RUE BUFFON,40100 DAX
DA14040144,3 RUE BUFFON,40100 DAX
DA14040145,3 RUE BUFFON,40100 DAX
DA14040146,3 RUE BUFFON,40100 DAX
DA14040147,3 RUE BUFFON,40100 DAX
DA14040148,3 RUE BUFFON,40100 DAX
DA14040149,3 RUE BUFFON,40100 DAX
DA14040150,3 RUE BUFFON,40100 DAX
DA14040151,3 RUE BUFFON,40100 DAX
DA14040152,3 RUE BUFFON,40100 DAX
DA14040153,3 RUE BUFFON,40100 DAX
DA14040154,3 RUE BUFFON,40100 DAX
DA14040155,3 RUE BUFFON,40100 DAX
DA14040156,3 RUE BUFFON,40100 DAX
DA14040157,3 RUE BUFFON,40100 DAX
DA14040158,3 RUE BUFFON,40100 DAX
DA14040159,3 RUE BUFFON,40100 DAX
DA14040160,3 RUE BUFFON,40100 DAX
DA15010001,BOULEVARD DARCET,40100 DAX
DA15010002,BOULEVARD DARCET,40100 DAX
DA15010003,BOULEVARD DARCET,40100 DAX
DA15010004,BOULEVARD DARCET,40100 DAX
DA15010005,BOULEVARD DARCET,40100 DAX
DA15010006,BOULEVARD DARCET,40100 DAX
DA15010007,BOULEVARD DARCET,40100 DAX
DA15010008,BOULEVARD DARCET,40100 DAX
DA15010009,BOULEVARD DARCET,40100 DAX
DA15010010,BOULEVARD DARCET,40100 DAX
DA15010011,BOULEVARD DARCET,40100 DAX
DA15010012,BOULEVARD DARCET,40100 DAX
DA15010013,BOULEVARD DARCET,40100 DAX
DA15010014,BOULEVARD DARCET,40100 DAX
DA15010015,BOULEVARD DARCET,40100 DAX
DA15010016,BOULEVARD DARCET,40100 DAX
DA15010017,BOULEVARD DARCET,40100 DAX
DA15010018,BOULEVARD DARCET,40100 DAX
DA15010019,BOULEVARD DARCET,40100 DAX
DA15010020,BOULEVARD DARCET,40100 DAX
DA15010021,BOULEVARD DARCET,40100 DAX
DA15010022,BOULEVARD DARCET,40100 DAX
DA15010023,BOULEVARD DARCET,40100 DAX
DA15010024,BOULEVARD DARCET,40100 DAX
DA15010025,BOULEVARD DARCET,40100 DAX
DA15010026,BOULEVARD DARCET,40100 DAX
DA15010027,BOULEVARD DARCET,40100 DAX
DA15010028,BOULEVARD DARCET,40100 DAX
DA15010029,BOULEVARD DARCET,40100 DAX
DA15020030,BOULEVARD DARCET,40100 DAX
DA15020031,BOULEVARD DARCET,40100 DAX
DA15020032,BOULEVARD DARCET,40100 DAX
DA15020033,BOULEVARD DARCET,40100 DAX
DA15020034,BOULEVARD DARCET,40100 DAX
DA15020035,BOULEVARD DARCET,40100 DAX
DA15020036,BOULEVARD DARCET,40100 DAX
DA15020037,BOULEVARD DARCET,40100 DAX
DA15020038,BOULEVARD DARCET,40100 DAX
DA15020039,BOULEVARD DARCET,40100 DAX
DA15020040,BOULEVARD DARCET,40100 DAX
DA15020041,BOULEVARD DARCET,40100 DAX
DA15020042,BOULEVARD DARCET,40100 DAX
DA15020043,BOULEVARD DARCET,40100 DAX
DA15020044,BOULEVARD DARCET,40100 DAX
DA15020045,BOULEVARD DARCET,40100 DAX
DA15020046,BOULEVARD DARCET,40100 DAX
DA15020047,BOULEVARD DARCET,40100 DAX
DA15020048,BOULEVARD DARCET,40100 DAX
DA15020049,BOULEVARD DARCET,40100 DAX
DA15020050,BOULEVARD DARCET,40100 DAX
DA15020051,BOULEVARD DARCET,40100 DAX
DA15020052,BOULEVARD DARCET,40100 DAX
DA15020053,BOULEVARD DARCET,40100 DAX
DA15020054,BOULEVARD DARCET,40100 DAX
DA15020055,BOULEVARD DARCET,40100 DAX
DA15020056,BOULEVARD DARCET,40100 DAX
DA15020057,BOULEVARD DARCET,40100 DAX
DA15020058,BOULEVARD DARCET,40100 DAX
DA15020059,BOULEVARD DARCET,40100 DAX
DA15020060,BOULEVARD DARCET,40100 DAX
DA15020061,BOULEVARD DARCET,40100 DAX
DA15020062,BOULEVARD DARCET,40100 DAX
DA15020063,BOULEVARD DARCET,40100 DAX
DA15020064,BOULEVARD DARCET,40100 DAX
DA15020065,BOULEVARD DARCET,40100 DAX
DA15030066,BOULEVARD DARCET,40100 DAX
DA15030067,BOULEVARD DARCET,40100 DAX
DA15030068,BOULEVARD DARCET,40100 DAX
DA15030069,BOULEVARD DARCET,40100 DAX
DA15030070,BOULEVARD DARCET,40100 DAX
DA15030071,BOULEVARD DARCET,40100 DAX
DA15030072,BOULEVARD DARCET,40100 DAX
DA15030073,BOULEVARD DARCET,40100 DAX
DA15030074,BOULEVARD DARCET,40100 DAX
DA15030075,BOULEVARD DARCET,40100 DAX
DA15030076,BOULEVARD DARCET,40100 DAX
DA15030077,BOULEVARD DARCET,40100 DAX
DA15030078,BOULEVARD DARCET,40100 DAX
DA15030079,BOULEVARD DARCET,40100 DAX
DA15030080,BOULEVARD DARCET,40100 DAX
DA15030081,BOULEVARD DARCET,40100 DAX
DA15030082,BOULEVARD DARCET,40100 DAX
DA15030083,BOULEVARD DARCET,40100 DAX
DA15030084,BOULEVARD DARCET,40100 DAX
DA15030085,BOULEVARD DARCET,40100 DAX
DA15030086,BOULEVARD DARCET,40100 DAX
DA15030087,BOULEVARD DARCET,40100 DAX
DA15030088,BOULEVARD DARCET,40100 DAX
DA15030089,BOULEVARD DARCET,40100 DAX
DA15040090,RUE TURGOT,40100 DAX
DA15040091,RUE TURGOT,40100 DAX
DA15040092,RUE TURGOT,40100 DAX
DA15040093,RUE TURGOT,40100 DAX
DA15040094,RUE TURGOT,40100 DAX
DA15040095,RUE TURGOT,40100 DAX
DA15040096,RUE TURGOT,40100 DAX
DA15040097,RUE TURGOT,40100 DAX
DA15040098,RUE TURGOT,40100 DAX
DA15040099,RUE TURGOT,40100 DAX
DA15040100,RUE TURGOT,40100 DAX
DA15040101,RUE TURGOT,40100 DAX
DA15040102,RUE TURGOT,40100 DAX
DA15040103,RUE TURGOT,40100 DAX
DA15040104,RUE TURGOT,40100 DAX
DA15040105,RUE TURGOT,40100 DAX
DA15040106,RUE TURGOT,40100 DAX
DA15040107,RUE TURGOT,40100 DAX
DA15050108,RUE JEAN JACQUES ROUSSEAU,40100 DAX
DA15050109,RUE JEAN JACQUES ROUSSEAU,40100 DAX
DA15050110,RUE JEAN JACQUES ROUSSEAU,40100 DAX
DA15050111,RUE JEAN JACQUES ROUSSEAU,40100 DAX
DA15050112,RUE JEAN JACQUES ROUSSEAU,40100 DAX
DA15050113,RUE JEAN JACQUES ROUSSEAU,40100 DAX
DA15050114,RUE JEAN JACQUES ROUSSEAU,40100 DAX
DA15050115,RUE JEAN JACQUES ROUSSEAU,40100 DAX
DA15050116,RUE JEAN JACQUES ROUSSEAU,40100 DAX
DA15050117,RUE JEAN JACQUES ROUSSEAU,40100 DAX
DA15060118,RUE JEAN JACQUES ROUSSEAU,40100 DAX
DA15060119,RUE JEAN JACQUES ROUSSEAU,40100 DAX
DA15060120,RUE JEAN JACQUES ROUSSEAU,40100 DAX
DA15060121,RUE JEAN JACQUES ROUSSEAU,40100 DAX
DA15060122,RUE JEAN JACQUES ROUSSEAU,40100 DAX
DA15060123,RUE JEAN JACQUES ROUSSEAU,40100 DAX
DA15060124,RUE JEAN JACQUES ROUSSEAU,40100 DAX
DA15060125,RUE JEAN JACQUES ROUSSEAU,40100 DAX
DA15060126,RUE JEAN JACQUES ROUSSEAU,40100 DAX
DA15060127,RUE JEAN JACQUES ROUSSEAU,40100 DAX
DA15060128,RUE JEAN JACQUES ROUSSEAU,40100 DAX
DA15060129,RUE JEAN JACQUES ROUSSEAU,40100 DAX
DA15060130,RUE JEAN JACQUES ROUSSEAU,40100 DAX
DA15060131,RUE JEAN JACQUES ROUSSEAU,40100 DAX
DA15070132,BOULEVARD DARCET,40100 DAX
DA15070133,BOULEVARD DARCET,40100 DAX
DA15070134,BOULEVARD DARCET,40100 DAX
DA15070135,BOULEVARD DARCET,40100 DAX
DA15070136,BOULEVARD DARCET,40100 DAX
DA15070137,BOULEVARD DARCET,40100 DAX
DA15070138,BOULEVARD DARCET,40100 DAX
DA15070139,BOULEVARD DARCET,40100 DAX
DA15070140,BOULEVARD DARCET,40100 DAX
DA15070141,BOULEVARD DARCET,40100 DAX
DA15070142,BOULEVARD DARCET,40100 DAX
DA15070143,BOULEVARD DARCET,40100 DAX
DA15070144,BOULEVARD DARCET,40100 DAX
DA15070145,BOULEVARD DARCET,40100 DAX
DA16010001,10 RUE DES LANDES,40100 DAX
DA16010002,10 RUE DES LANDES,40100 DAX
DA16010003,10 RUE DES LANDES,40100 DAX
DA16010004,10 RUE DES LANDES,40100 DAX
DA16010005,10 RUE DES LANDES,40100 DAX
DA16010006,10 RUE DES LANDES,40100 DAX
DA16010007,10 RUE DES LANDES,40100 DAX
DA16010008,10 RUE DES LANDES,40100 DAX
DA16010009,8 RUE DES LANDES,40100 DAX
DA16010010,8 RUE DES LANDES,40100 DAX
DA16010011,8 RUE DES LANDES,40100 DAX
DA16010012,8 RUE DES LANDES,40100 DAX
DA16010013,8 RUE DES LANDES,40100 DAX
DA16010014,8 RUE DES LANDES,40100 DAX
DA16010015,8 RUE DES LANDES,40100 DAX
DA16010016,8 RUE DES LANDES,40100 DAX
DA16010017,6 RUE DES LANDES,40100 DAX
DA16010018,6 RUE DES LANDES,40100 DAX
DA16010019,6 RUE DES LANDES,40100 DAX
DA16010020,6 RUE DES LANDES,40100 DAX
DA16010021,6 RUE DES LANDES,40100 DAX
DA16010022,6 RUE DES LANDES,40100 DAX
DA16010023,6 RUE DES LANDES,40100 DAX
DA16010024,6 RUE DES LANDES,40100 DAX
DA16010025,4 RUE DES LANDES,40100 DAX
DA16010026,4 RUE DES LANDES,40100 DAX
DA16010027,4 RUE DES LANDES,40100 DAX
DA16010028,4 RUE DES LANDES,40100 DAX
DA16010029,4 RUE DES LANDES,40100 DAX
DA16010030,4 RUE DES LANDES,40100 DAX
DA16010031,4 RUE DES LANDES,40100 DAX
DA16010032,4 RUE DES LANDES,40100 DAX
DA16010033,4 RUE DES LANDES,40100 DAX
DA16010034,4 RUE DES LANDES,40100 DAX
DA17010001,1 RUE DES TULIPES,40100 DAX
DA17010002,2 RUE DES TULIPES,40100 DAX
DA17010003,3 RUE DES TULIPES,40100 DAX
DA17010004,4 RUE DES TULIPES,40100 DAX
DA17010005,5 RUE DES TULIPES,40100 DAX
DA17010006,6 RUE DES TULIPES,40100 DAX
DA17010007,7 RUE DES TULIPES,40100 DAX
DA17010008,8 RUE DES TULIPES,40100 DAX
DA17010009,10 RUE DES TULIPES,40100 DAX
DA17010010,12 RUE DES TULIPES,40100 DAX
DA17010011,3 RUE DES VERGNES,40100 DAX
DA17010012,5 RUE DES VERGNES,40100 DAX
DA17010013,7 RUE DES VERGNES,40100 DAX
DA17010014,8 RUE DES VERGNES,40100 DAX
DA17010015,9 RUE DES VERGNES,40100 DAX
DA17010016,10 RUE DES VERGNES,40100 DAX
DA17010017,11 RUE DES VERGNES,40100 DAX
DA17010018,12 RUE DES VERGNES,40100 DAX
DA17010019,RUE DES VERGNES,40100 DAX
DA17010020,14 RUE DES VERGNES,40100 DAX
DA17010021,15 RUE DES VERGNES,40100 DAX
DA17010022,16 RUE DES VERGNES,40100 DAX
DA17010023,17 RUE DES VERGNES,40100 DAX
DA17010024,18 RUE DES VERGNES,40100 DAX
DA17010025,19 RUE DES VERGNES,40100 DAX
DA17010026,20 RUE DES VERGNES,40100 DAX
DA17010027,21 RUE DES VERGNES,40100 DAX
DA17010028,22 RUE DES VERGNES,40100 DAX
DA17010029,24 RUE DES VERGNES,40100 DAX
DA17010030,26 RUE DES VERGNES,40100 DAX
DA17010031,28 RUE DES VERGNES,40100 DAX
DA17010032,30 RUE DES VERGNES,40100 DAX
DA17010033,32 RUE DES VERGNES,40100 DAX
DA17010034,34 RUE DES VERGNES,40100 DAX
DA17010035,32 RUE DES NARCISSES,40100 DAX
DA17010036,34 RUE DES NARCISSES,40100 DAX
DA17010037,36 RUE DES NARCISSES,40100 DAX
DA17010038,38 RUE DES NARCISSES,40100 DAX
DA17010039,1 RUE DES JONQUILLES,40100 DAX
DA17010040,3 RUE DES JONQUILLES,40100 DAX
DA17010041,5 RUE DES JONQUILLES,40100 DAX
DA17010042,7 RUE DES JONQUILLES,40100 DAX
DA17010043,9 RUE DES JONQUILLES,40100 DAX
DA17010044,11 RUE DES JONQUILLES,40100 DAX
DA17010045,13 RUE DES JONQUILLES,40100 DAX
DA17010046,15 RUE DES JONQUILLES,40100 DAX
DA17010047,17 RUE DES JONQUILLES,40100 DAX
DA17010048,19 RUE DES JONQUILLES,40100 DAX
DA17010049,21 RUE DES JONQUILLES,40100 DAX
DA17010050,23 RUE DES JONQUILLES,40100 DAX
DA18010001,18 ALLEE DES PRIMEVERES,40100 DAX
DA18010002,20 ALLEE DES PRIMEVERES,40100 DAX
DA18010003,22 ALLEE DES PRIMEVERES,40100 DAX
DA18010004,2 ALLEE DES PRIMEVERES,40100 DAX
DA18010005,2 ALLEE DES PRIMEVERES,40100 DAX
DA18010006,2 ALLEE DES PRIMEVERES,40100 DAX
DA18010007,2 ALLEE DES PRIMEVERES,40100 DAX
DA18010008,2 ALLEE DES PRIMEVERES,40100 DAX
DA18010009,2 ALLEE DES PRIMEVERES,40100 DAX
DA18010010,2 ALLEE DES PRIMEVERES,40100 DAX
DA18010011,4 ALLEE DES PRIMEVERES,40100 DAX
DA18010012,4 ALLEE DES PRIMEVERES,40100 DAX
DA18010013,4 ALLEE DES PRIMEVERES,40100 DAX
DA18010014,4 ALLEE DES PRIMEVERES,40100 DAX
DA18010015,4 ALLEE DES PRIMEVERES,40100 DAX
DA18010016,4 ALLEE DES PRIMEVERES,40100 DAX
DA18010017,4 ALLEE DES PRIMEVERES,40100 DAX
DA18010018,6 ALLEE DES PRIMEVERES,40100 DAX
DA18010019,6 ALLEE DES PRIMEVERES,40100 DAX
DA18010020,6 ALLEE DES PRIMEVERES,40100 DAX
DA18010021,6 ALLEE DES PRIMEVERES,40100 DAX
DA18010022,6 ALLEE DES PRIMEVERES,40100 DAX
DA18010023,8 ALLEE DES PRIMEVERES,40100 DAX
DA18010024,8 ALLEE DES PRIMEVERES,40100 DAX
DA18010025,8 ALLEE DES PRIMEVERES,40100 DAX
DA18010026,8 ALLEE DES PRIMEVERES,40100 DAX
DA18010027,8 ALLEE DES PRIMEVERES,40100 DAX
DA18010028,8 ALLEE DES PRIMEVERES,40100 DAX
DA18010029,10 ALLEE DES PRIMEVERES,40100 DAX
DA18010030,10 ALLEE DES PRIMEVERES,40100 DAX
DA18010031,10 ALLEE DES PRIMEVERES,40100 DAX
DA18010032,10 ALLEE DES PRIMEVERES,40100 DAX
DA18010033,10 ALLEE DES PRIMEVERES,40100 DAX
DA18010034,10 ALLEE DES PRIMEVERES,40100 DAX
DA18010035,10 ALLEE DES PRIMEVERES,40100 DAX
DA18010036,10 ALLEE DES PRIMEVERES,40100 DAX
DA18010037,12 ALLEE DES PRIMEVERES,40100 DAX
DA18010038,12 ALLEE DES PRIMEVERES,40100 DAX
DA18010039,12 ALLEE DES PRIMEVERES,40100 DAX
DA18010040,12 ALLEE DES PRIMEVERES,40100 DAX
DA18010041,12 ALLEE DES PRIMEVERES,40100 DAX
DA18010042,14 ALLEE DES PRIMEVERES,40100 DAX
DA18010043,14 ALLEE DES PRIMEVERES,40100 DAX
DA18010044,14 ALLEE DES PRIMEVERES,40100 DAX
DA18010045,14 ALLEE DES PRIMEVERES,40100 DAX
DA18010046,14 ALLEE DES PRIMEVERES,40100 DAX
DA18010047,14 ALLEE DES PRIMEVERES,40100 DAX
DA18010048,16 ALLEE DES PRIMEVERES,40100 DAX
DA18010049,16 ALLEE DES PRIMEVERES,40100 DAX
DA18010050,16 ALLEE DES PRIMEVERES,40100 DAX
DA18010051,16 ALLEE DES PRIMEVERES,40100 DAX
DA18010052,16 ALLEE DES PRIMEVERES,40100 DAX
DA18010053,16 ALLEE DES PRIMEVERES,40100 DAX
DA18010054,16 ALLEE DES PRIMEVERES,40100 DAX
DA18010055,8 ALLEE DES CAMELIAS,40100 DAX
DA18010056,10 ALLEE DES CAMELIAS,40100 DAX
DA18010057,12 ALLEE DES CAMELIAS,40100 DAX
DA18010058,1 ALLEE DES CAMELIAS,40100 DAX
DA18010059,1 ALLEE DES CAMELIAS,40100 DAX
DA18010060,1 ALLEE DES CAMELIAS,40100 DAX
DA18010061,1 ALLEE DES CAMELIAS,40100 DAX
DA18010062,1 ALLEE DES CAMELIAS,40100 DAX
DA18010063,1 ALLEE DES CAMELIAS,40100 DAX
DA18010064,1 ALLEE DES CAMELIAS,40100 DAX
DA18010065,2 ALLEE DES CAMELIAS,40100 DAX
DA18010066,2 ALLEE DES CAMELIAS,40100 DAX
DA18010067,2 ALLEE DES CAMELIAS,40100 DAX
DA18010068,2 ALLEE DES CAMELIAS,40100 DAX
DA18010069,2 ALLEE DES CAMELIAS,40100 DAX
DA18010070,3 ALLEE DES CAMELIAS,40100 DAX
DA18010071,3 ALLEE DES CAMELIAS,40100 DAX
DA18010072,3 ALLEE DES CAMELIAS,40100 DAX
DA18010073,3 ALLEE DES CAMELIAS,40100 DAX
DA18010074,3 ALLEE DES CAMELIAS,40100 DAX
DA18010075,3 ALLEE DES CAMELIAS,40100 DAX
DA18010076,4 ALLEE DES CAMELIAS,40100 DAX
DA18010077,4 ALLEE DES CAMELIAS,40100 DAX
DA18010078,4 ALLEE DES CAMELIAS,40100 DAX
DA18010079,4 ALLEE DES CAMELIAS,40100 DAX
DA18010080,4 ALLEE DES CAMELIAS,40100 DAX
DA18010081,4 ALLEE DES CAMELIAS,40100 DAX
DA18010082,4 ALLEE DES CAMELIAS,40100 DAX
DA18010083,5 ALLEE DES CAMELIAS,40100 DAX
DA18010084,5 ALLEE DES CAMELIAS,40100 DAX
DA18010085,5 ALLEE DES CAMELIAS,40100 DAX
DA18010086,5 ALLEE DES CAMELIAS,40100 DAX
DA18010087,5 ALLEE DES CAMELIAS,40100 DAX
DA18010088,5 ALLEE DES CAMELIAS,40100 DAX
DA18010089,5 ALLEE DES CAMELIAS,40100 DAX
DA18010090,6 ALLEE DES CAMELIAS,40100 DAX
DA18010091,6 ALLEE DES CAMELIAS,40100 DAX
DA18010092,6 ALLEE DES CAMELIAS,40100 DAX
DA18010093,6 ALLEE DES CAMELIAS,40100 DAX
DA18010094,6 ALLEE DES CAMELIAS,40100 DAX
DA18010095,7 ALLEE DES CAMELIAS,40100 DAX
DA18010096,7 ALLEE DES CAMELIAS,40100 DAX
DA18010097,7 ALLEE DES CAMELIAS,40100 DAX
DA18010098,7 ALLEE DES CAMELIAS,40100 DAX
DA18010099,7 ALLEE DES CAMELIAS,40100 DAX
DA18010100,7 ALLEE DES CAMELIAS,40100 DAX
DA19010001,COURS DU MARECHAL FOCH,40100 DAX
DA19010002,COURS DU MARECHAL FOCH,40100 DAX
DA19010003,COURS DU MARECHAL FOCH,40100 DAX
DA19010004,COURS DU MARECHAL FOCH,40100 DAX
DA19010005,COURS DU MARECHAL FOCH,40100 DAX
DA19010006,COURS DU MARECHAL FOCH,40100 DAX
DA19010007,COURS DU MARECHAL FOCH,40100 DAX
DA19010008,COURS DU MARECHAL FOCH,40100 DAX
DA19010009,COURS DU MARECHAL FOCH,40100 DAX
DA19010010,COURS DU MARECHAL FOCH,40100 DAX
DA19010011,COURS DU MARECHAL FOCH,40100 DAX
DA19010012,COURS DU MARECHAL FOCH,40100 DAX
DA19010013,COURS DU MARECHAL FOCH,40100 DAX
DA19010014,COURS DU MARECHAL FOCH,40100 DAX
DA19010015,COURS DU MARECHAL FOCH,40100 DAX
DA19010016,COURS DU MARECHAL FOCH,40100 DAX
DA19010017,COURS DU MARECHAL FOCH,40100 DAX
DA19010018,COURS DU MARECHAL FOCH,40100 DAX
DA19010019,COURS DU MARECHAL FOCH,40100 DAX
DA19010020,COURS DU MARECHAL FOCH,40100 DAX
DA19010021,COURS DU MARECHAL FOCH,40100 DAX
DA20010001,23 RUE MAURICE UTRILLO,40100 DAX
DA20010002,25 RUE MAURICE UTRILLO,40100 DAX
DA20010003,27 RUE MAURICE UTRILLO,40100 DAX
DA20010004,30 RUE MAURICE UTRILLO,40100 DAX
DA20010005,32 RUE MAURICE UTRILLO,40100 DAX
DA20010006,33 RUE MAURICE UTRILLO,40100 DAX
DA20010007,34 RUE MAURICE UTRILLO,40100 DAX
DA20010008,36 RUE MAURICE UTRILLO,40100 DAX
DA20010009,38 RUE MAURICE UTRILLO,40100 DAX
DA20010010,40 RUE MAURICE UTRILLO,40100 DAX
DA20010011,42 RUE MAURICE UTRILLO,40100 DAX
DA20010012,1 RUE GEORGES BRASSENS,40100 DAX
DA20010013,2 RUE GEORGES BRASSENS,40100 DAX
DA20010014,3 RUE GEORGES BRASSENS,40100 DAX
DA20010015,4 RUE GEORGES BRASSENS,40100 DAX
DA20010016,6 RUE GEORGES BRASSENS,40100 DAX
DA20010017,8 RUE GEORGES BRASSENS,40100 DAX
DA20010018,10 RUE GEORGES BRASSENS,40100 DAX
DA20010019,12 RUE GEORGES BRASSENS,40100 DAX
DA20010020,14 RUE GEORGES BRASSENS,40100 DAX
DA20010021,16 RUE GEORGES BRASSENS,40100 DAX
DA20010022,18 RUE GEORGES BRASSENS,40100 DAX
DA20010023,20 RUE GEORGES BRASSENS,40100 DAX
DA20010024,22 RUE GEORGES BRASSENS,40100 DAX
DA20010025,24 RUE GEORGES BRASSENS,40100 DAX
DA20010026,26 RUE GEORGES BRASSENS,40100 DAX
DA20010027,28 RUE GEORGES BRASSENS,40100 DAX
DA20010028,30 RUE GEORGES BRASSENS,40100 DAX
DA20010029,32 RUE GEORGES BRASSENS,40100 DAX
DA20010030,34 RUE GEORGES BRASSENS,40100 DAX
DA20010031,36 RUE GEORGES BRASSENS,40100 DAX
DA20010032,38 RUE GEORGES BRASSENS,40100 DAX
DA20010033,40 RUE GEORGES BRASSENS,40100 DAX
DA20010034,42 RUE GEORGES BRASSENS,40100 DAX
DA20020035,11 RUE MAURICE UTRILLO,40100 DAX
DA20020036,13 RUE MAURICE UTRILLO,40100 DAX
DA20020037,15 RUE MAURICE UTRILLO,40100 DAX
DA20020038,17 RUE MAURICE UTRILLO,40100 DAX
DA20020039,19 RUE MAURICE UTRILLO,40100 DAX
DA20020040,29 RUE MAURICE UTRILLO,40100 DAX
DA20020041,31 RUE MAURICE UTRILLO,40100 DAX
DA20020042,35 RUE MAURICE UTRILLO,40100 DAX
DA20020043,43 RUE PIERRE FRESNAY,40100 DAX
DA20020044,45 RUE PIERRE FRESNAY,40100 DAX
DA21010001,6 AVENUE DE LOGRONO,40100 DAX
DA21010002,6 AVENUE DE LOGRONO,40100 DAX
DA21010003,6 AVENUE DE LOGRONO,40100 DAX
DA21010004,6 AVENUE DE LOGRONO,40100 DAX
DA21010005,6 AVENUE DE LOGRONO,40100 DAX
DA21010006,6 AVENUE DE LOGRONO,40100 DAX
DA21010007,6 AVENUE DE LOGRONO,40100 DAX
DA21010008,6 AVENUE DE LOGRONO,40100 DAX
DA21010009,6 AVENUE DE LOGRONO,40100 DAX
DA21010010,6 AVENUE DE LOGRONO,40100 DAX
DA21010011,6 AVENUE DE LOGRONO,40100 DAX
DA21010012,6 AVENUE DE LOGRONO,40100 DAX
DA21010013,6 AVENUE DE LOGRONO,40100 DAX
DA21010014,6 AVENUE DE LOGRONO,40100 DAX
DA21010015,6 AVENUE DE LOGRONO,40100 DAX
DA21010016,6 AVENUE DE LOGRONO,40100 DAX
DA21010017,6 AVENUE DE LOGRONO,40100 DAX
DA21010018,6 AVENUE DE LOGRONO,40100 DAX
DA21010019,6 AVENUE DE LOGRONO,40100 DAX
DA21010020,6 AVENUE DE LOGRONO,40100 DAX
DA21010021,6 AVENUE DE LOGRONO,40100 DAX
DA21010022,6 AVENUE DE LOGRONO,40100 DAX
DA21010023,6 AVENUE DE LOGRONO,40100 DAX
DA21010024,6 AVENUE DE LOGRONO,40100 DAX
DA21010025,6 AVENUE DE LOGRONO,40100 DAX
DA21010026,6 AVENUE DE LOGRONO,40100 DAX
DA21010027,6 AVENUE DE LOGRONO,40100 DAX
DA21010028,6 AVENUE DE LOGRONO,40100 DAX
DA21010029,6 AVENUE DE LOGRONO,40100 DAX
DA21010030,6 AVENUE DE LOGRONO,40100 DAX
DA21010031,6 AVENUE DE LOGRONO,40100 DAX
DA21010032,6 AVENUE DE LOGRONO,40100 DAX
DA21010033,6 AVENUE DE LOGRONO,40100 DAX
DA21010034,6 AVENUE DE LOGRONO,40100 DAX
DA21010035,6 AVENUE DE LOGRONO,40100 DAX
DA21010036,6 AVENUE DE LOGRONO,40100 DAX
DA21010037,6 AVENUE DE LOGRONO,40100 DAX
DA21010038,6 AVENUE DE LOGRONO,40100 DAX
DA21010039,6 AVENUE DE LOGRONO,40100 DAX
DA21010040,6 AVENUE DE LOGRONO,40100 DAX
DA22010001,15 RUE SAINT EXUPERY,40100 DAX
DA22010002,13 RUE SAINT EXUPERY,40100 DAX
DA22010003,11 RUE SAINT EXUPERY,40100 DAX
DA22010004,9 RUE SAINT EXUPERY,40100 DAX
DA22010005,7 RUE SAINT EXUPERY,40100 DAX
DA22010006,5 RUE SAINT EXUPERY,40100 DAX
DA22010007,27 RUE PIERRE LATECOERE,40100 DAX
DA22010008,25 RUE PIERRE LATECOERE,40100 DAX
DA22010009,23 RUE PIERRE LATECOERE,40100 DAX
DA22010010,21 RUE PIERRE LATECOERE,40100 DAX
DA22010011,19 RUE PIERRE LATECOERE,40100 DAX
DA22020012,2 RUE DES ALOUETTES,40100 DAX
DA22020013,4 RUE DES ALOUETTES,40100 DAX
DA22020014,6 RUE DES ALOUETTES,40100 DAX
DA22020015,8 RUE DES ALOUETTES,40100 DAX
DA22020016,17 RUE PIERRE LATECOERE,40100 DAX
DA22020017,15 RUE PIERRE LATECOERE,40100 DAX
DA22020018,13 RUE PIERRE LATECOERE,40100 DAX
DA22020019,11 RUE PIERRE LATECOERE,40100 DAX
DA22020020,9 RUE PIERRE LATECOERE,40100 DAX
DA22020021,7 RUE PIERRE LATECOERE,40100 DAX
DA22020022,5 RUE PIERRE LATECOERE,40100 DAX
DA22020023,3 RUE PIERRE LATECOERE,40100 DAX
DA22020024,1 RUE PIERRE LATECOERE,40100 DAX
DA22030025,2 RUE BLERIOT,40100 DAX
DA22030026,4 RUE BLERIOT,40100 DAX
DA22030027,6 RUE BLERIOT,40100 DAX
DA22030028,8 RUE BLERIOT,40100 DAX
DA22030029,10 RUE BLERIOT,40100 DAX
DA22030030,12 RUE BLERIOT,40100 DAX
DA22030031,14 RUE BLERIOT,40100 DAX
DA22030032,16 RUE BLERIOT,40100 DAX
DA22030033,18 RUE BLERIOT,40100 DAX
DA22030034,20 RUE BLERIOT,40100 DAX
DA22030035,22 RUE BLERIOT,40100 DAX
DA22030036,24 RUE BLERIOT,40100 DAX
DA22030037,26 RUE BLERIOT,40100 DAX
DA22030038,28 RUE BLERIOT,40100 DAX
DA22030039,30 RUE BLERIOT,40100 DAX
DA23010001,1 RUE DU GRAND PITON,40100 DAX
DA23010002,1 RUE DU GRAND PITON,40100 DAX
DA23010003,1 RUE DU GRAND PITON,40100 DAX
DA23010004,1 RUE DU GRAND PITON,40100 DAX
DA23010005,1 RUE DU GRAND PITON,40100 DAX
DA23010006,1 RUE DU GRAND PITON,40100 DAX
DA23010007,1 RUE DU GRAND PITON,40100 DAX
DA23010008,1 RUE DU GRAND PITON,40100 DAX
DA23010009,1 RUE DU GRAND PITON,40100 DAX
DA23010010,1 RUE DU GRAND PITON,40100 DAX
DA23010011,1 RUE DU GRAND PITON,40100 DAX
DA23010012,1 RUE DU GRAND PITON,40100 DAX
DA23010013,1 RUE DU GRAND PITON,40100 DAX
DA23010014,1 RUE DU GRAND PITON,40100 DAX
DA23010015,1 RUE DU GRAND PITON,40100 DAX
DA23010016,1 RUE DU GRAND PITON,40100 DAX
DA23010017,1 RUE DU GRAND PITON,40100 DAX
DA23010018,1 RUE DU GRAND PITON,40100 DAX
DA23010019,1 RUE DU GRAND PITON,40100 DAX
DA23010020,1 RUE DU GRAND PITON,40100 DAX
DA23010021,1 RUE DU GRAND PITON,40100 DAX
DA23010022,3 RUE DU GRAND PITON,40100 DAX
DA23010023,3 RUE DU GRAND PITON,40100 DAX
DA23010024,3 RUE DU GRAND PITON,40100 DAX
DA23010025,3 RUE DU GRAND PITON,40100 DAX
DA23010026,3 RUE DU GRAND PITON,40100 DAX
DA23010027,3 RUE DU GRAND PITON,40100 DAX
DA23010028,3 RUE DU GRAND PITON,40100 DAX
DA23010029,3 RUE DU GRAND PITON,40100 DAX
DA23010030,3 RUE DU GRAND PITON,40100 DAX
DA23010031,3 RUE DU GRAND PITON,40100 DAX
DA23010032,3 RUE DU GRAND PITON,40100 DAX
DA23010033,3 RUE DU GRAND PITON,40100 DAX
DA23010034,3 RUE DU GRAND PITON,40100 DAX
DA23010035,3 RUE DU GRAND PITON,40100 DAX
DA23010036,3 RUE DU GRAND PITON,40100 DAX
DA23010037,3 RUE DU GRAND PITON,40100 DAX
DA23010038,3 RUE DU GRAND PITON,40100 DAX
DA23010039,3 RUE DU GRAND PITON,40100 DAX
DA23010040,3 RUE DU GRAND PITON,40100 DAX
DA23010041,3 RUE DU GRAND PITON,40100 DAX
DA23010042,3 RUE DU GRAND PITON,40100 DAX
DA23010043,3 RUE DU GRAND PITON,40100 DAX
DA23010044,3 RUE DU GRAND PITON,40100 DAX
DA23020045,5 RUE DU GRAND PITON,40100 DAX
DA23020046,5 RUE DU GRAND PITON,40100 DAX
DA23020047,5 RUE DU GRAND PITON,40100 DAX
DA23020048,5 RUE DU GRAND PITON,40100 DAX
DA23020049,5 RUE DU GRAND PITON,40100 DAX
DA23020050,5 RUE DU GRAND PITON,40100 DAX
DA23020051,5 RUE DU GRAND PITON,40100 DAX
DA23020052,5 RUE DU GRAND PITON,40100 DAX
DA23020053,5 RUE DU GRAND PITON,40100 DAX
DA23020054,5 RUE DU GRAND PITON,40100 DAX
DA23020055,5 RUE DU GRAND PITON,40100 DAX
DA23020056,5 RUE DU GRAND PITON,40100 DAX
DA23020057,5 RUE DU GRAND PITON,40100 DAX
DA23020058,5 RUE DU GRAND PITON,40100 DAX
DA23020059,5 RUE DU GRAND PITON,40100 DAX
DA23020060,5 RUE DU GRAND PITON,40100 DAX
DA23020061,5 RUE DU GRAND PITON,40100 DAX
DA23020062,5 RUE DU GRAND PITON,40100 DAX
DA23020063,5 RUE DU GRAND PITON,40100 DAX
DA23020064,5 RUE DU GRAND PITON,40100 DAX
DA23020065,5 RUE DU GRAND PITON,40100 DAX
DA23020066,5 RUE DU GRAND PITON,40100 DAX
DA23020067,5 RUE DU GRAND PITON,40100 DAX
DA23020068,5 RUE DU GRAND PITON,40100 DAX
DA23020069,5 RUE DU GRAND PITON,40100 DAX
DA23020070,5 RUE DU GRAND PITON,40100 DAX
DA23020071,5 RUE DU GRAND PITON,40100 DAX
DA23020072,5 RUE DU GRAND PITON,40100 DAX
DA23020073,5 RUE DU GRAND PITON,40100 DAX
DA23020074,5 RUE DU GRAND PITON,40100 DAX
DA23020075,5 RUE DU GRAND PITON,40100 DAX
DA23020076,5 RUE DU GRAND PITON,40100 DAX
DA23020077,5 RUE DU GRAND PITON,40100 DAX
DA23020078,5 RUE DU GRAND PITON,40100 DAX
DA23020079,5 RUE DU GRAND PITON,40100 DAX
DA23020080,5 RUE DU GRAND PITON,40100 DAX
DA23020081,5 RUE DU GRAND PITON,40100 DAX
DA23020082,5 RUE DU GRAND PITON,40100 DAX
DA23020083,5 RUE DU GRAND PITON,40100 DAX
DA23020084,5 RUE DU GRAND PITON,40100 DAX
DA23020085,5 RUE DU GRAND PITON,40100 DAX
DA23020086,5 RUE DU GRAND PITON,40100 DAX
DA23020087,5 RUE DU GRAND PITON,40100 DAX
DA23020088,5 RUE DU GRAND PITON,40100 DAX
DA24010001,27 RUE GAMBETTA,40100 DAX
DA24010002,27 RUE GAMBETTA,40100 DAX
DA24010003,27 RUE GAMBETTA,40100 DAX
DA24010004,27 RUE GAMBETTA,40100 DAX
DA24010005,27 RUE GAMBETTA,40100 DAX
DA24010006,27 RUE GAMBETTA,40100 DAX
DA24010007,27 RUE GAMBETTA,40100 DAX
DA24010008,27 RUE GAMBETTA,40100 DAX
DA24010009,27 RUE GAMBETTA,40100 DAX
DA24010010,27 RUE GAMBETTA,40100 DAX
DA24010011,27 RUE GAMBETTA,40100 DAX
DA24010012,27 RUE GAMBETTA,40100 DAX
DA24010013,27 RUE GAMBETTA,40100 DAX
DA24010014,27 RUE GAMBETTA,40100 DAX
DA24010015,27 RUE GAMBETTA,40100 DAX
DA24010016,27 RUE GAMBETTA,40100 DAX
DA24010017,27 RUE GAMBETTA,40100 DAX
DA24010018,27 RUE GAMBETTA,40100 DAX
DA24010019,27 RUE GAMBETTA,40100 DAX
DA24010020,27 RUE GAMBETTA,40100 DAX
DA24010021,27 RUE GAMBETTA,40100 DAX
DA25010001,21 BOULEVARD LEON LESPARRE,40100 DAX
DA25010002,23 BOULEVARD LEON LESPARRE,40100 DAX
DA25010003,25 BOULEVARD LEON LESPARRE,40100 DAX
DA25010004,27 BOULEVARD LEON LESPARRE,40100 DAX
DA25010005,29 BOULEVARD LEON LESPARRE,40100 DAX
DA25010006,31 BOULEVARD LEON LESPARRE,40100 DAX
DA25010007,2 BOULEVARD DARCET,40100 DAX
DA25010008,4 BOULEVARD DARCET,40100 DAX
DA25010009,6 BOULEVARD DARCET,40100 DAX
DA25010010,8 BOULEVARD DARCET,40100 DAX
DA25010011,10 BOULEVARD DARCET,40100 DAX
DA25010012,12 BOULEVARD DARCET,40100 DAX
DA25010013,14 RUE DE LA CITE DU GOND,40100 DAX
DA25010014,16 RUE DE LA CITE DU GOND,40100 DAX
DA25010015,18 RUE DE LA CITE DU GOND,40100 DAX
DA25010016,20 RUE DE LA CITE DU GOND,40100 DAX
DA25010017,22 RUE DE LA CITE DU GOND,40100 DAX
DA25010018,24 RUE DE LA CITE DU GOND,40100 DAX
DA25010019,1 PLACE LEON LESPPARRE,40100 DAX
DA25010020,2 PLACE LEON LESPPARRE,40100 DAX
DA25010021,3 PLACE LEON LESPPARRE,40100 DAX
DA25010022,4 PLACE LEON LESPPARRE,40100 DAX
DA25010023,5 PLACE LEON LESPPARRE,40100 DAX
DA25010024,6 PLACE LEON LESPPARRE,40100 DAX
DA25010025,7 PLACE LEON LESPPARRE,40100 DAX
DA25010026,8 PLACE LEON LESPPARRE,40100 DAX
DA25010027,9 PLACE LEON LESPPARRE,40100 DAX
DA25010028,10 PLACE LEON LESPPARRE,40100 DAX
DA25010029,12 PLACE LEON LESPPARRE,40100 DAX
DA25020030,7 BOULEVARD LEON LESPARRE,40100 DAX
DA25020031,2 BOULEVARD LEON LESPARRE,40100 DAX
DA25020032,9 BOULEVARD LEON LESPARRE,40100 DAX
DA25020033,4 BOULEVARD LEON LESPARRE,40100 DAX
DA25020034,11 BOULEVARD LEON LESPARRE,40100 DAX
DA25020035,6 BOULEVARD LEON LESPARRE,40100 DAX
DA25020036,8 BOULEVARD LEON LESPARRE,40100 DAX
DA25020037,64 BOULEVARD LEON LESPARRE,40100 DAX
DA25020038,66 BOULEVARD LEON LESPARRE,40100 DAX
DA25020039,68 BOULEVARD LEON LESPARRE,40100 DAX
DA25020040,70 BOULEVARD LEON LESPARRE,40100 DAX
DA25020041,72 BOULEVARD LEON LESPARRE,40100 DAX
DA25020042,74 BOULEVARD LEON LESPARRE,40100 DAX
DA25020043,76 BOULEVARD LEON LESPARRE,40100 DAX
DA25020044,78 BOULEVARD LEON LESPARRE,40100 DAX
DA25020045,25 RUE DES GRILLONS,40100 DAX
DA25020046,27 RUE DES GRILLONS,40100 DAX
DA25020047,29 RUE DES GRILLONS,40100 DAX
DA25020048,31 RUE DES GRILLONS,40100 DAX
DA25020049,33 RUE DES GRILLONS,40100 DAX
DA25020050,11 RUE DE LA CITE DU GOND,40100 DAX
DA25020051,13 RUE DE LA CITE DU GOND,40100 DAX
DA25020052,15 RUE DE LA CITE DU GOND,40100 DAX
DA25020053,17 RUE DE LA CITE DU GOND,40100 DAX
DA25020054,19 RUE DE LA CITE DU GOND,40100 DAX
DA25020055,21 RUE DE LA CITE DU GOND,40100 DAX
DA25020056,13 PLACE LEON LESPPARRE,40100 DAX
DA25020057,14 PLACE LEON LESPPARRE,40100 DAX
DA25020058,15 PLACE LEON LESPPARRE,40100 DAX
DA25020059,16 PLACE LEON LESPPARRE,40100 DAX
DA25020060,17 PLACE LEON LESPPARRE,40100 DAX
DA25020061,18 PLACE LEON LESPPARRE,40100 DAX
DA25020062,19 PLACE LEON LESPPARRE,40100 DAX
DA25020063,20 PLACE LEON LESPPARRE,40100 DAX
DA25020064,21 PLACE LEON LESPPARRE,40100 DAX
DA25020065,22 PLACE LEON LESPPARRE,40100 DAX
DA25030066,13 BOULEVARD LEON LESPARRE,40100 DAX
DA25030067,15 BOULEVARD LEON LESPARRE,40100 DAX
DA25030068,17 BOULEVARD LEON LESPARRE,40100 DAX
DA25030069,19 BOULEVARD LEON LESPARRE,40100 DAX
DA25030070,38 BOULEVARD LEON LESPARRE,40100 DAX
DA25030071,40 BOULEVARD LEON LESPARRE,40100 DAX
DA25030072,42 BOULEVARD LEON LESPARRE,40100 DAX
DA25030073,44 BOULEVARD LEON LESPARRE,40100 DAX
DA25030074,46 BOULEVARD LEON LESPARRE,40100 DAX
DA25030075,48 BOULEVARD LEON LESPARRE,40100 DAX
DA25030076,2 RUE DE LA CITE DU GOND,40100 DAX
DA25030077,4 RUE DE LA CITE DU GOND,40100 DAX
DA25030078,6 RUE DE LA CITE DU GOND,40100 DAX
DA25030079,8 RUE DE LA CITE DU GOND,40100 DAX
DA25030080,10 RUE DE LA CITE DU GOND,40100 DAX
DA25030081,12 RUE DE LA CITE DU GOND,40100 DAX
DA25040082,20 BOULEVARD LEON LESPARRE,40100 DAX
DA25040083,22 BOULEVARD LEON LESPARRE,40100 DAX
DA25040084,24 BOULEVARD LEON LESPARRE,40100 DAX
DA25040085,26 BOULEVARD LEON LESPARRE,40100 DAX
DA25040086,28 BOULEVARD LEON LESPARRE,40100 DAX
DA25040087,30 BOULEVARD LEON LESPARRE,40100 DAX
DA25040088,32 BOULEVARD LEON LESPARRE,40100 DAX
DA25040089,34 BOULEVARD LEON LESPARRE,40100 DAX
DA25040090,36 BOULEVARD LEON LESPARRE,40100 DAX
DA25040091,50 BOULEVARD LEON LESPARRE,40100 DAX
DA25040092,52 BOULEVARD LEON LESPARRE,40100 DAX
DA25040093,5 RUE DES GRILLONS,40100 DAX
DA25040094,7 RUE DES GRILLONS,40100 DAX
DA25040095,9 RUE DES GRILLONS,40100 DAX
DA25040096,11 RUE DES GRILLONS,40100 DAX
DA25040097,13 RUE DES GRILLONS,40100 DAX
DA25040098,15 RUE DES GRILLONS,40100 DAX
DA25040099,17 RUE DES GRILLONS,40100 DAX
DA25040100,19 RUE DES GRILLONS,40100 DAX
DA25040101,21 RUE DES GRILLONS,40100 DAX
DA25050102,10 BOULEVARD LEON LESPARRE,40100 DAX
DA25050103,12 BOULEVARD LEON LESPARRE,40100 DAX
DA25050104,14 BOULEVARD LEON LESPARRE,40100 DAX
DA25050105,16 BOULEVARD LEON LESPARRE,40100 DAX
DA25050106,18 BOULEVARD LEON LESPARRE,40100 DAX
DA25050107,54 BOULEVARD LEON LESPARRE,40100 DAX
DA25050108,56 BOULEVARD LEON LESPARRE,40100 DAX
DA25050109,58 BOULEVARD LEON LESPARRE,40100 DAX
DA25050110,60 BOULEVARD LEON LESPARRE,40100 DAX
DA25050111,62 BOULEVARD LEON LESPARRE,40100 DAX
DA25050112,23 RUE DES GRILLONS,40100 DAX
DA25050113,14 BOULEVARD DARCET,40100 DAX
DA25050114,16 BOULEVARD DARCET,40100 DAX
DA25050115,18 BOULEVARD DARCET,40100 DAX
DA25050116,1 RUE DE LA CITE DU GOND,40100 DAX
DA25050117,3 RUE DE LA CITE DU GOND,40100 DAX
DA25050118,5 RUE DE LA CITE DU GOND,40100 DAX
DA25050119,7 RUE DE LA CITE DU GOND,40100 DAX
DA25050120,9 RUE DE LA CITE DU GOND,40100 DAX
DA26010001,21 AVENUE JULES BASTIAT,40100 DAX
DA26010002,21 AVENUE JULES BASTIAT,40100 DAX
DA26010003,21 AVENUE JULES BASTIAT,40100 DAX
DA26010004,21 AVENUE JULES BASTIAT,40100 DAX
DA26010005,21 AVENUE JULES BASTIAT,40100 DAX
DA26010006,21 AVENUE JULES BASTIAT,40100 DAX
DA26010007,21 AVENUE JULES BASTIAT,40100 DAX
DA26010008,21 AVENUE JULES BASTIAT,40100 DAX
DA26010009,21 AVENUE JULES BASTIAT,40100 DAX
DA26010010,21 AVENUE JULES BASTIAT,40100 DAX
DA26010011,21 AVENUE JULES BASTIAT,40100 DAX
DA26010012,21 AVENUE JULES BASTIAT,40100 DAX
DA26010013,21 AVENUE JULES BASTIAT,40100 DAX
DA26010014,21 AVENUE JULES BASTIAT,40100 DAX
DA26010015,21 AVENUE JULES BASTIAT,40100 DAX
DA26010016,21 AVENUE JULES BASTIAT,40100 DAX
DA26010017,21 AVENUE JULES BASTIAT,40100 DAX
DA26010018,21 AVENUE JULES BASTIAT,40100 DAX
DA26010019,21 AVENUE JULES BASTIAT,40100 DAX
DA26010020,21 AVENUE JULES BASTIAT,40100 DAX
DA26010021,21 AVENUE JULES BASTIAT,40100 DAX
DA26010022,21 AVENUE JULES BASTIAT,40100 DAX
DA26010023,21 AVENUE JULES BASTIAT,40100 DAX
DA26010024,21 AVENUE JULES BASTIAT,40100 DAX
DA26010025,21 AVENUE JULES BASTIAT,40100 DAX
DA26010026,21 AVENUE JULES BASTIAT,40100 DAX
DA26010027,21 AVENUE JULES BASTIAT,40100 DAX
DA26020028,21 AVENUE JULES BASTIAT,40100 DAX
DA26020029,21 AVENUE JULES BASTIAT,40100 DAX
DA26020030,21 AVENUE JULES BASTIAT,40100 DAX
DA26020031,21 AVENUE JULES BASTIAT,40100 DAX
DA26020032,21 AVENUE JULES BASTIAT,40100 DAX
DA26020033,21 AVENUE JULES BASTIAT,40100 DAX
DA26020034,21 AVENUE JULES BASTIAT,40100 DAX
DA26020035,21 AVENUE JULES BASTIAT,40100 DAX
DA26020036,21 AVENUE JULES BASTIAT,40100 DAX
DA26020037,21 AVENUE JULES BASTIAT,40100 DAX
DA26020038,21 AVENUE JULES BASTIAT,40100 DAX
DA26020039,21 AVENUE JULES BASTIAT,40100 DAX
DA26020040,21 AVENUE JULES BASTIAT,40100 DAX
DA26020041,21 AVENUE JULES BASTIAT,40100 DAX
DA26020042,21 AVENUE JULES BASTIAT,40100 DAX
DA26020043,21 AVENUE JULES BASTIAT,40100 DAX
DA26020044,21 AVENUE JULES BASTIAT,40100 DAX
DA26020045,21 AVENUE JULES BASTIAT,40100 DAX
DA26020046,21 AVENUE JULES BASTIAT,40100 DAX
DA26020047,21 AVENUE JULES BASTIAT,40100 DAX
DA26020048,21 AVENUE JULES BASTIAT,40100 DAX
DA26020049,21 AVENUE JULES BASTIAT,40100 DAX
DA26020050,21 AVENUE JULES BASTIAT,40100 DAX
DA26020051,21 AVENUE JULES BASTIAT,40100 DAX
DA26020052,21 AVENUE JULES BASTIAT,40100 DAX
DA26020053,21 AVENUE JULES BASTIAT,40100 DAX
DA26020054,21 AVENUE JULES BASTIAT,40100 DAX
DA27010001,1 RUE DES ABEILLES,40100 DAX
DA27010002,3 RUE DES ABEILLES,40100 DAX
DA27010003,5 RUE DES ABEILLES,40100 DAX
DA27010004,7 RUE DES ABEILLES,40100 DAX
DA27010005,9 RUE DES ABEILLES,40100 DAX
DA27010006,11 RUE DES ABEILLES,40100 DAX
DA27010007,13 RUE DES ABEILLES,40100 DAX
DA27010008,15 RUE DES ABEILLES,40100 DAX
DA27010009,17 RUE DES ABEILLES,40100 DAX
DA27010010,19 RUE DES ABEILLES,40100 DAX
DA27010011,23 RUE DES ABEILLES,40100 DAX
DA27010012,21 RUE DES ABEILLES,40100 DAX
DA27010013,1 RUE DES CIGALES,40100 DAX
DA27010014,3 RUE DES CIGALES,40100 DAX
DA27010015,5 RUE DES CIGALES,40100 DAX
DA27010016,7 RUE DES CIGALES,40100 DAX
DA27010017,9 RUE DES CIGALES,40100 DAX
DA27010018,11 RUE DES CIGALES,40100 DAX
DA27010019,13 RUE DES CIGALES,40100 DAX
DA27010020,15 RUE DES CIGALES,40100 DAX
DA27010021,17 RUE DES CIGALES,40100 DAX
DA27010022,19 RUE DES CIGALES,40100 DAX
DA27010023,21 RUE DES CIGALES,40100 DAX
DA27010024,23 RUE DES CIGALES,40100 DAX
DA27010025,25 RUE DES CIGALES,40100 DAX
DA27010026,27 RUE DES CIGALES,40100 DAX
DA27010027,29 RUE DES CIGALES,40100 DAX
DA27010028,31 RUE DES CIGALES,40100 DAX
DA27010029,22 RUE DE BIARRITZ,40100 DAX
DA27010030,24 RUE DE BIARRITZ,40100 DAX
DA28010001,20 RUE CLEMENT ADER,40100 DAX
DA28010002,22 RUE CLEMENT ADER,40100 DAX
DA28010003,24 RUE CLEMENT ADER,40100 DAX
DA28010004,2 PLACE DES GAZELLES,40100 DAX
DA28010005,4 PLACE DES GAZELLES,40100 DAX
DA28010006,6 PLACE DES GAZELLES,40100 DAX
DA28010007,7 PLACE DES GAZELLES,40100 DAX
DA28010008,9 PLACE DES GAZELLES,40100 DAX
DA28010009,11 PLACE DES GAZELLES,40100 DAX
DA28010010,20 PLACE DES GAZELLES,40100 DAX
DA28010011,22 PLACE DES GAZELLES,40100 DAX
DA28010012,8 PLACE DES GAZELLES,40100 DAX
DA28010013,10 PLACE DES GAZELLES,40100 DAX
DA28010014,12 PLACE DES GAZELLES,40100 DAX
DA28010015,14 PLACE DES GAZELLES,40100 DAX
DA28010016,16 PLACE DES GAZELLES,40100 DAX
DA28010017,18 PLACE DES GAZELLES,40100 DAX
DA28010018,1 PLACE DES GAZELLES,40100 DAX
DA28010019,3 PLACE DES GAZELLES,40100 DAX
DA28010020,5 PLACE DES GAZELLES,40100 DAX
DA28020132,32 RUE BLERIOT,40100 DAX
DA28020134,34 RUE BLERIOT,40100 DAX
DA28020136,36 RUE BLERIOT,40100 DAX
DA28020138,38 RUE BLERIOT,40100 DAX
DA28020140,40 RUE BLERIOT,40100 DAX
DA28020142,42 RUE BLERIOT,40100 DAX
DA28020144,44 RUE BLERIOT,40100 DAX
DA28020146,46 RUE BLERIOT,40100 DAX
DA28020148,48 RUE BLERIOT,40100 DAX
DA28020150,50 RUE BLERIOT,40100 DAX
DA28020152,52 RUE BLERIOT,40100 DAX
DA28020154,54 RUE BLERIOT,40100 DAX
DA28020156,56 RUE BLERIOT,40100 DAX
DA28020202,2 RUE CLEMENT ADER,40100 DAX
DA28020204,4 RUE CLEMENT ADER,40100 DAX
DA28020206,6 RUE CLEMENT ADER,40100 DAX
DA28020208,8 RUE CLEMENT ADER,40100 DAX
DA28020210,10 RUE CLEMENT ADER,40100 DAX
DA28020212,12 RUE CLEMENT ADER,40100 DAX
DA28020214,14 RUE CLEMENT ADER,40100 DAX
DA28020216,16 RUE CLEMENT ADER,40100 DAX
DA28020218,18 RUE CLEMENT ADER,40100 DAX
DA28020226,26 RUE CLEMENT ADER,40100 DAX
DA28020228,28 RUE CLEMENT ADER,40100 DAX
DA28020230,30 RUE CLEMENT ADER,40100 DAX
DA28020232,32 RUE CLEMENT ADER,40100 DAX
DA28020234,34 RUE CLEMENT ADER,40100 DAX
DA28020236,36 RUE CLEMENT ADER,40100 DAX
DA28020238,38 RUE CLEMENT ADER,40100 DAX
DA28020240,40 RUE CLEMENT ADER,40100 DAX
DA29010001,24 RUE DE L'EPARGNE,40100 DAX
DA29010002,24 RUE DE L'EPARGNE,40100 DAX
DA29010003,24 RUE DE L'EPARGNE,40100 DAX
DA29010004,24 RUE DE L'EPARGNE,40100 DAX
DA29010005,24 RUE DE L'EPARGNE,40100 DAX
DA29010006,24 RUE DE L'EPARGNE,40100 DAX
DA29020007,26 RUE DE L'EPARGNE,40100 DAX
DA29020008,26 RUE DE L'EPARGNE,40100 DAX
DA29020009,26 RUE DE L'EPARGNE,40100 DAX
DA29020010,26 RUE DE L'EPARGNE,40100 DAX
DA29020011,26 RUE DE L'EPARGNE,40100 DAX
DA29020012,26 RUE DE L'EPARGNE,40100 DAX
DA29030013,28 RUE DE L'EPARGNE,40100 DAX
DA29030014,28 RUE DE L'EPARGNE,40100 DAX
DA29030015,28 RUE DE L'EPARGNE,40100 DAX
DA29030016,28 RUE DE L'EPARGNE,40100 DAX
DA29040017,30 RUE DE L'EPARGNE,40100 DAX
DA29040018,30 RUE DE L'EPARGNE,40100 DAX
DA29040019,30 RUE DE L'EPARGNE,40100 DAX
DA29040020,30 RUE DE L'EPARGNE,40100 DAX
DA31210001,105 AVENUE FRANCIS PLANTE,40100 DAX
DA31210002,105 AVENUE FRANCIS PLANTE,40100 DAX
DA31210003,105 AVENUE FRANCIS PLANTE,40100 DAX
DA31210004,105 AVENUE FRANCIS PLANTE,40100 DAX
DA31210005,105 AVENUE FRANCIS PLANTE,40100 DAX
DA31210006,105 AVENUE FRANCIS PLANTE,40100 DAX
DA31210007,105 AVENUE FRANCIS PLANTE,40100 DAX
DA31210011,105 AVENUE FRANCIS PLANTE,40100 DAX
DA31210012,105 AVENUE FRANCIS PLANTE,40100 DAX
DA31210013,105 AVENUE FRANCIS PLANTE,40100 DAX
DA31210014,105 AVENUE FRANCIS PLANTE,40100 DAX
DA31210015,105 AVENUE FRANCIS PLANTE,40100 DAX
DA31210016,105 AVENUE FRANCIS PLANTE,40100 DAX
DA31210017,105 AVENUE FRANCIS PLANTE,40100 DAX
DA31210021,105 AVENUE FRANCIS PLANTE,40100 DAX
DA31210022,105 AVENUE FRANCIS PLANTE,40100 DAX
DA31210023,105 AVENUE FRANCIS PLANTE,40100 DAX
DA31210024,105 AVENUE FRANCIS PLANTE,40100 DAX
DA31210025,105 AVENUE FRANCIS PLANTE,40100 DAX
DA31210026,105 AVENUE FRANCIS PLANTE,40100 DAX
DA31210027,105 AVENUE FRANCIS PLANTE,40100 DAX
DA32550001,1 PROMENADE DES BAIGNOTS,40100 DAX
DA32550002,1 PROMENADE DES BAIGNOTS,40100 DAX
DA32550003,1 PROMENADE DES BAIGNOTS,40100 DAX
DA32550004,1 PROMENADE DES BAIGNOTS,40100 DAX
DA32550005,1 PROMENADE DES BAIGNOTS,40100 DAX
DA32550006,1 PROMENADE DES BAIGNOTS,40100 DAX
DA32550007,1 PROMENADE DES BAIGNOTS,40100 DAX
DA32550008,1 PROMENADE DES BAIGNOTS,40100 DAX
DA32550009,1 PROMENADE DES BAIGNOTS,40100 DAX
DA32550010,1 PROMENADE DES BAIGNOTS,40100 DAX
DA32550011,1 PROMENADE DES BAIGNOTS,40100 DAX
DA32550012,1 PROMENADE DES BAIGNOTS,40100 DAX
DA32550013,1 PROMENADE DES BAIGNOTS,40100 DAX
DA32550101,1 PROMENADE DES BAIGNOTS,40100 DAX
DA32550102,1 PROMENADE DES BAIGNOTS,40100 DAX
DA32550103,1 PROMENADE DES BAIGNOTS,40100 DAX
DA32550104,1 PROMENADE DES BAIGNOTS,40100 DAX
DA32550105,1 PROMENADE DES BAIGNOTS,40100 DAX
DA32550106,1 PROMENADE DES BAIGNOTS,40100 DAX
DA32550107,1 PROMENADE DES BAIGNOTS,40100 DAX
DA32550108,1 PROMENADE DES BAIGNOTS,40100 DAX
DA32550109,1 PROMENADE DES BAIGNOTS,40100 DAX
DA32550110,1 PROMENADE DES BAIGNOTS,40100 DAX
DA32550111,1 PROMENADE DES BAIGNOTS,40100 DAX
DA32550112,1 PROMENADE DES BAIGNOTS,40100 DAX
DA32550113,1 PROMENADE DES BAIGNOTS,40100 DAX
DA32550114,1 PROMENADE DES BAIGNOTS,40100 DAX
DA32550201,1 PROMENADE DES BAIGNOTS,40100 DAX
DA32550202,1 PROMENADE DES BAIGNOTS,40100 DAX
DA32550203,1 PROMENADE DES BAIGNOTS,40100 DAX
DA32550204,1 PROMENADE DES BAIGNOTS,40100 DAX
DA32550205,1 PROMENADE DES BAIGNOTS,40100 DAX
DA32550206,1 PROMENADE DES BAIGNOTS,40100 DAX
DA32550207,1 PROMENADE DES BAIGNOTS,40100 DAX
DA32550208,1 PROMENADE DES BAIGNOTS,40100 DAX
DA32550209,1 PROMENADE DES BAIGNOTS,40100 DAX
DA32550210,1 PROMENADE DES BAIGNOTS,40100 DAX
DA32550211,1 PROMENADE DES BAIGNOTS,40100 DAX
DA32550212,1 PROMENADE DES BAIGNOTS,40100 DAX
DA32550213,1 PROMENADE DES BAIGNOTS,40100 DAX
DA32550214,1 PROMENADE DES BAIGNOTS,40100 DAX
DA32550301,1 PROMENADE DES BAIGNOTS,40100 DAX
DA32550302,1 PROMENADE DES BAIGNOTS,40100 DAX
DA32550303,1 PROMENADE DES BAIGNOTS,40100 DAX
DA32550304,1 PROMENADE DES BAIGNOTS,40100 DAX
DA32550305,1 PROMENADE DES BAIGNOTS,40100 DAX
DA32550306,1 PROMENADE DES BAIGNOTS,40100 DAX
DA32550307,1 PROMENADE DES BAIGNOTS,40100 DAX
DA32550308,1 PROMENADE DES BAIGNOTS,40100 DAX
DA32550309,1 PROMENADE DES BAIGNOTS,40100 DAX
DA32550310,1 PROMENADE DES BAIGNOTS,40100 DAX
DA32550311,1 PROMENADE DES BAIGNOTS,40100 DAX
DA32550312,1 PROMENADE DES BAIGNOTS,40100 DAX
DA32550313,1 PROMENADE DES BAIGNOTS,40100 DAX
DA32550314,1 PROMENADE DES BAIGNOTS,40100 DAX
DA38010001,ROUTE DE TALAMON,40100 DAX
DA38010002,ROUTE DE TALAMON,40100 DAX
DA38010003,ROUTE DE TALAMON,40100 DAX
DA38010004,ROUTE DE TALAMON,40100 DAX
DA38010005,ROUTE DE TALAMON,40100 DAX
DA38010006,ROUTE DE TALAMON,40100 DAX
DA38010007,ROUTE DE TALAMON,40100 DAX
DA38010008,ROUTE DE TALAMON,40100 DAX
DA38010009,ROUTE DE TALAMON,40100 DAX
DA38010010,ROUTE DE TALAMON,40100 DAX
DA38010011,ROUTE DE TALAMON,40100 DAX
DA38010012,ROUTE DE TALAMON,40100 DAX
DA38010013,ROUTE DE TALAMON,40100 DAX
DA38010014,ROUTE DE TALAMON,40100 DAX
DA38010015,ROUTE DE TALAMON,40100 DAX
DA38010016,ROUTE DE TALAMON,40100 DAX
DA38010017,ROUTE DE TALAMON,40100 DAX
DA38010018,ROUTE DE TALAMON,40100 DAX
DA38010019,ROUTE DE TALAMON,40100 DAX
DA38010020,ROUTE DE TALAMON,40100 DAX
DA38010021,ROUTE DE TALAMON,40100 DAX
DA38010022,ROUTE DE TALAMON,40100 DAX
DA38010023,ROUTE DE TALAMON,40100 DAX
DA38010024,ROUTE DE TALAMON,40100 DAX
DA38010025,ROUTE DE TALAMON,40100 DAX
DA39010001,26 RUE CAZADE,40100 DAX
DA40010001,5 AVENUE NUNGESSER ET COLI,40100 DAX
DA40010002,5 AVENUE NUNGESSER ET COLI,40100 DAX
DA40010003,5 AVENUE NUNGESSER ET COLI,40100 DAX
DA40010004,5 AVENUE NUNGESSER ET COLI,40100 DAX
DA40010005,5 AVENUE NUNGESSER ET COLI,40100 DAX
DA40010006,5 AVENUE NUNGESSER ET COLI,40100 DAX
DA40010007,5 AVENUE NUNGESSER ET COLI,40100 DAX
DA40010008,5 AVENUE NUNGESSER ET COLI,40100 DAX
DA40010009,5 AVENUE NUNGESSER ET COLI,40100 DAX
DA40010010,5 AVENUE NUNGESSER ET COLI,40100 DAX
DA40020001,5 AVENUE NUNGESSER ET COLI,40100 DAX
DA40020002,5 AVENUE NUNGESSER ET COLI,40100 DAX
DA40020003,5 AVENUE NUNGESSER ET COLI,40100 DAX
DA40020004,5 AVENUE NUNGESSER ET COLI,40100 DAX
DA40020005,5 AVENUE NUNGESSER ET COLI,40100 DAX
DA40020006,5 AVENUE NUNGESSER ET COLI,40100 DAX
DA40020007,5 AVENUE NUNGESSER ET COLI,40100 DAX
DA40020008,5 AVENUE NUNGESSER ET COLI,40100 DAX
DA40020009,5 AVENUE NUNGESSER ET COLI,40100 DAX
DA40020010,5 AVENUE NUNGESSER ET COLI,40100 DAX
DA40020011,5 AVENUE NUNGESSER ET COLI,40100 DAX
DA40020012,5 AVENUE NUNGESSER ET COLI,40100 DAX
DA40020013,5 AVENUE NUNGESSER ET COLI,40100 DAX
DA40020014,5 AVENUE NUNGESSER ET COLI,40100 DAX
DA40020015,5 AVENUE NUNGESSER ET COLI,40100 DAX
DA40020016,5 AVENUE NUNGESSER ET COLI,40100 DAX
DA40020017,5 AVENUE NUNGESSER ET COLI,40100 DAX
DA40020018,5 AVENUE NUNGESSER ET COLI,40100 DAX
DA40020019,5 AVENUE NUNGESSER ET COLI,40100 DAX
DA40020020,5 AVENUE NUNGESSER ET COLI,40100 DAX
DA40020021,5 AVENUE NUNGESSER ET COLI,40100 DAX
DA40020022,5 AVENUE NUNGESSER ET COLI,40100 DAX
DA40020023,5 AVENUE NUNGESSER ET COLI,40100 DAX
DA40020024,5 AVENUE NUNGESSER ET COLI,40100 DAX
DA40020025,5 AVENUE NUNGESSER ET COLI,40100 DAX
DA40020026,5 AVENUE NUNGESSER ET COLI,40100 DAX
DA40020027,5 AVENUE NUNGESSER ET COLI,40100 DAX
DA40020028,5 AVENUE NUNGESSER ET COLI,40100 DAX
DA40020029,5 AVENUE NUNGESSER ET COLI,40100 DAX
DA40020030,5 AVENUE NUNGESSER ET COLI,40100 DAX
DA40030001,5 AVENUE NUNGESSER ET COLI,40100 DAX
DA40030002,5 AVENUE NUNGESSER ET COLI,40100 DAX
DA40030003,5 AVENUE NUNGESSER ET COLI,40100 DAX
DA40030004,5 AVENUE NUNGESSER ET COLI,40100 DAX
DA40030005,5 AVENUE NUNGESSER ET COLI,40100 DAX
DA40030006,5 AVENUE NUNGESSER ET COLI,40100 DAX
DA40030007,5 AVENUE NUNGESSER ET COLI,40100 DAX
DA40030008,5 AVENUE NUNGESSER ET COLI,40100 DAX
DA40030009,5 AVENUE NUNGESSER ET COLI,40100 DAX
DA40030010,5 AVENUE NUNGESSER ET COLI,40100 DAX
DA40030011,5 AVENUE NUNGESSER ET COLI,40100 DAX
DA40030012,5 AVENUE NUNGESSER ET COLI,40100 DAX
DA40030013,5 AVENUE NUNGESSER ET COLI,40100 DAX
DA40030014,5 AVENUE NUNGESSER ET COLI,40100 DAX
DA40030015,5 AVENUE NUNGESSER ET COLI,40100 DAX
DA40030016,5 AVENUE NUNGESSER ET COLI,40100 DAX
DA40030017,5 AVENUE NUNGESSER ET COLI,40100 DAX
DA40030018,5 AVENUE NUNGESSER ET COLI,40100 DAX
DA40030019,5 AVENUE NUNGESSER ET COLI,40100 DAX
DA40030020,5 AVENUE NUNGESSER ET COLI,40100 DAX
DA40030021,5 AVENUE NUNGESSER ET COLI,40100 DAX
DA40030022,5 AVENUE NUNGESSER ET COLI,40100 DAX
DA40030023,5 AVENUE NUNGESSER ET COLI,40100 DAX
DA40030024,5 AVENUE NUNGESSER ET COLI,40100 DAX
DA40030025,5 AVENUE NUNGESSER ET COLI,40100 DAX
DA40030026,5 AVENUE NUNGESSER ET COLI,40100 DAX
DA40030027,5 AVENUE NUNGESSER ET COLI,40100 DAX
DA40030028,5 AVENUE NUNGESSER ET COLI,40100 DAX
DA40030029,5 AVENUE NUNGESSER ET COLI,40100 DAX
DA40030030,5 AVENUE NUNGESSER ET COLI,40100 DAX
DA40030031,5 AVENUE NUNGESSER ET COLI,40100 DAX
DA40030032,5 AVENUE NUNGESSER ET COLI,40100 DAX
DA40030033,5 AVENUE NUNGESSER ET COLI,40100 DAX
DA40030034,5 AVENUE NUNGESSER ET COLI,40100 DAX
DA40030035,5 AVENUE NUNGESSER ET COLI,40100 DAX
DA40030036,5 AVENUE NUNGESSER ET COLI,40100 DAX
DA40030037,5 AVENUE NUNGESSER ET COLI,40100 DAX
DA40030038,5 AVENUE NUNGESSER ET COLI,40100 DAX
DA40030039,5 AVENUE NUNGESSER ET COLI,40100 DAX
DA40030040,5 AVENUE NUNGESSER ET COLI,40100 DAX
DA40030041,5 AVENUE NUNGESSER ET COLI,40100 DAX
DA40030042,5 AVENUE NUNGESSER ET COLI,40100 DAX
DA40030043,5 AVENUE NUNGESSER ET COLI,40100 DAX
DA40030044,5 AVENUE NUNGESSER ET COLI,40100 DAX
DA40030045,5 AVENUE NUNGESSER ET COLI,40100 DAX
DA40030046,5 AVENUE NUNGESSER ET COLI,40100 DAX
DA40030047,5 AVENUE NUNGESSER ET COLI,40100 DAX
DA40030048,5 AVENUE NUNGESSER ET COLI,40100 DAX
DA40030049,5 AVENUE NUNGESSER ET COLI,40100 DAX
DA40030050,5 AVENUE NUNGESSER ET COLI,40100 DAX
DA40030051,5 AVENUE NUNGESSER ET COLI,40100 DAX
DA40030052,5 AVENUE NUNGESSER ET COLI,40100 DAX
DA40030053,5 AVENUE NUNGESSER ET COLI,40100 DAX
DA40030054,5 AVENUE NUNGESSER ET COLI,40100 DAX
DA40030055,5 AVENUE NUNGESSER ET COLI,40100 DAX
DA40030056,5 AVENUE NUNGESSER ET COLI,40100 DAX
DA40030057,5 AVENUE NUNGESSER ET COLI,40100 DAX
DA40030058,5 AVENUE NUNGESSER ET COLI,40100 DAX
DA40030059,5 AVENUE NUNGESSER ET COLI,40100 DAX
DA40030060,5 AVENUE NUNGESSER ET COLI,40100 DAX
DA40030061,5 AVENUE NUNGESSER ET COLI,40100 DAX
DA40030062,5 AVENUE NUNGESSER ET COLI,40100 DAX
DA40030063,5 AVENUE NUNGESSER ET COLI,40100 DAX
DA40030064,5 AVENUE NUNGESSER ET COLI,40100 DAX
DA40030065,5 AVENUE NUNGESSER ET COLI,40100 DAX
DA40030066,5 AVENUE NUNGESSER ET COLI,40100 DAX
DA40030067,5 AVENUE NUNGESSER ET COLI,40100 DAX
DA40030068,5 AVENUE NUNGESSER ET COLI,40100 DAX
DA40030069,5 AVENUE NUNGESSER ET COLI,40100 DAX
DA40030070,5 AVENUE NUNGESSER ET COLI,40100 DAX
DA40030071,5 AVENUE NUNGESSER ET COLI,40100 DAX
DA40030072,5 AVENUE NUNGESSER ET COLI,40100 DAX
DA40030073,5 AVENUE NUNGESSER ET COLI,40100 DAX
DA40030074,5 AVENUE NUNGESSER ET COLI,40100 DAX
DA40030075,5 AVENUE NUNGESSER ET COLI,40100 DAX
DA40030076,5 AVENUE NUNGESSER ET COLI,40100 DAX
DA40030077,5 AVENUE NUNGESSER ET COLI,40100 DAX
DA40030078,5 AVENUE NUNGESSER ET COLI,40100 DAX
DA40030079,5 AVENUE NUNGESSER ET COLI,40100 DAX
DA40030080,5 AVENUE NUNGESSER ET COLI,40100 DAX
DA40030081,5 AVENUE NUNGESSER ET COLI,40100 DAX
DA40030082,5 AVENUE NUNGESSER ET COLI,40100 DAX
DA40030083,5 AVENUE NUNGESSER ET COLI,40100 DAX
DA40030084,5 AVENUE NUNGESSER ET COLI,40100 DAX
DA40030085,5 AVENUE NUNGESSER ET COLI,40100 DAX
DA40030086,5 AVENUE NUNGESSER ET COLI,40100 DAX
DA40030087,5 AVENUE NUNGESSER ET COLI,40100 DAX
DA40030088,5 AVENUE NUNGESSER ET COLI,40100 DAX
DA40040001,5 AVENUE NUNGESSER ET COLI,40100 DAX
DA40040002,5 AVENUE NUNGESSER ET COLI,40100 DAX
DA40040003,5 AVENUE NUNGESSER ET COLI,40100 DAX
DA40040004,5 AVENUE NUNGESSER ET COLI,40100 DAX
DA40040005,5 AVENUE NUNGESSER ET COLI,40100 DAX
DA40040006,5 AVENUE NUNGESSER ET COLI,40100 DAX
DA40040007,5 AVENUE NUNGESSER ET COLI,40100 DAX
DA40040008,5 AVENUE NUNGESSER ET COLI,40100 DAX
DA43010001,31 AVENUE DE L AERODROME,40100 DAX
DA43010002,31 AVENUE DE L AERODROME,40100 DAX
DA43010003,31 AVENUE DE L AERODROME,40100 DAX
DA43010004,31 AVENUE DE L AERODROME,40100 DAX
DA43010005,31 AVENUE DE L AERODROME,40100 DAX
DA43010006,31 AVENUE DE L AERODROME,40100 DAX
DA43010007,31 AVENUE DE L AERODROME,40100 DAX
DA43010008,31 AVENUE DE L AERODROME,40100 DAX
DA43010009,31 AVENUE DE L AERODROME,40100 DAX
DA43010010,31 AVENUE DE L AERODROME,40100 DAX
DA43010011,31 AVENUE DE L AERODROME,40100 DAX
DA43010012,31 AVENUE DE L AERODROME,40100 DAX
DA43010013,31 AVENUE DE L AERODROME,40100 DAX
DA43010014,31 AVENUE DE L AERODROME,40100 DAX
DA43010015,31 AVENUE DE L AERODROME,40100 DAX
DA43010016,31 AVENUE DE L AERODROME,40100 DAX
DA43010017,31 AVENUE DE L AERODROME,40100 DAX
DA43010018,31 AVENUE DE L AERODROME,40100 DAX
DA43020019,31 AVENUE DE L AERODROME,40100 DAX
DA43020020,31 AVENUE DE L AERODROME,40100 DAX
DA43020021,31 AVENUE DE L AERODROME,40100 DAX
DA43020022,31 AVENUE DE L AERODROME,40100 DAX
DA43020023,31 AVENUE DE L AERODROME,40100 DAX
DA43020024,31 AVENUE DE L AERODROME,40100 DAX
DA43020025,31 AVENUE DE L AERODROME,40100 DAX
DA43020026,31 AVENUE DE L AERODROME,40100 DAX
DA43020027,31 AVENUE DE L AERODROME,40100 DAX
DA43020028,31 AVENUE DE L AERODROME,40100 DAX
DA43020029,31 AVENUE DE L AERODROME,40100 DAX
DA43020030,31 AVENUE DE L AERODROME,40100 DAX
DA43020031,31 AVENUE DE L AERODROME,40100 DAX
DA44010001,3 AVENUE DU SABLAR,40100 DAX
DA44010002,3 AVENUE DU SABLAR,40100 DAX
DA44010003,3 AVENUE DU SABLAR,40100 DAX
DA44010004,3 AVENUE DU SABLAR,40100 DAX
DA44010008,3 AVENUE DU SABLAR,40100 DAX
DA44010009,3 AVENUE DU SABLAR,40100 DAX
DA44010010,3 AVENUE DU SABLAR,40100 DAX
DA44010011,3 AVENUE DU SABLAR,40100 DAX
DA44010015,3 AVENUE DU SABLAR,40100 DAX
DA44010016,3 AVENUE DU SABLAR,40100 DAX
DA44010017,3 AVENUE DU SABLAR,40100 DAX
DA44010018,3 AVENUE DU SABLAR,40100 DAX
DA44010022,3 AVENUE DU SABLAR,40100 DAX
DA44010023,3 AVENUE DU SABLAR,40100 DAX
DA44010024,3 AVENUE DU SABLAR,40100 DAX
DA44010025,3 AVENUE DU SABLAR,40100 DAX
DA44020005,3 AVENUE DU SABLAR,40100 DAX
DA44020006,3 AVENUE DU SABLAR,40100 DAX
DA44020007,3 AVENUE DU SABLAR,40100 DAX
DA44020012,3 AVENUE DU SABLAR,40100 DAX
DA44020013,3 AVENUE DU SABLAR,40100 DAX
DA44020014,3 AVENUE DU SABLAR,40100 DAX
DA44020019,3 AVENUE DU SABLAR,40100 DAX
DA44020020,3 AVENUE DU SABLAR,40100 DAX
DA44020021,3 AVENUE DU SABLAR,40100 DAX
DA44020026,3 AVENUE DU SABLAR,40100 DAX
DA44020027,3 AVENUE DU SABLAR,40100 DAX
DA44020028,3 AVENUE DU SABLAR,40100 DAX
DA45010001,6 PLACE DU MARECHAL JOFFRE,40100 DAX
DA45010002,6 PLACE DU MARECHAL JOFFRE,40100 DAX
DA45010003,6 PLACE DU MARECHAL JOFFRE,40100 DAX
DA45010101,6 PLACE DU MARECHAL JOFFRE,40100 DAX
DA45010102,6 PLACE DU MARECHAL JOFFRE,40100 DAX
DA45010103,6 PLACE DU MARECHAL JOFFRE,40100 DAX
DA45010201,6 PLACE DU MARECHAL JOFFRE,40100 DAX
DA45010202,6 PLACE DU MARECHAL JOFFRE,40100 DAX
DA45010203,6 PLACE DU MARECHAL JOFFRE,40100 DAX
DA45010301,6 PLACE DU MARECHAL JOFFRE,40100 DAX
DA45020001,6 PLACE DU MARECHAL JOFFRE,40100 DAX
DA45020002,6 PLACE DU MARECHAL JOFFRE,40100 DAX
DA45020003,6 PLACE DU MARECHAL JOFFRE,40100 DAX
DA45020101,6 PLACE DU MARECHAL JOFFRE,40100 DAX
DA45020102,6 PLACE DU MARECHAL JOFFRE,40100 DAX
DA45020103,6 PLACE DU MARECHAL JOFFRE,40100 DAX
DA45020201,6 PLACE DU MARECHAL JOFFRE,40100 DAX
DA45020202,6 PLACE DU MARECHAL JOFFRE,40100 DAX
DA45020203,6 PLACE DU MARECHAL JOFFRE,40100 DAX
DA45020301,6 PLACE DU MARECHAL JOFFRE,40100 DAX
DA45020302,6 PLACE DU MARECHAL JOFFRE,40100 DAX
DA45020303,6 PLACE DU MARECHAL JOFFRE,40100 DAX
DA45030001,6 PLACE DU MARECHAL JOFFRE,40100 DAX
DA45030002,6 PLACE DU MARECHAL JOFFRE,40100 DAX
DA45030101,6 PLACE DU MARECHAL JOFFRE,40100 DAX
DA45030102,6 PLACE DU MARECHAL JOFFRE,40100 DAX
DA45030201,6 PLACE DU MARECHAL JOFFRE,40100 DAX
DA45030202,6 PLACE DU MARECHAL JOFFRE,40100 DAX
DA45030301,6 PLACE DU MARECHAL JOFFRE,40100 DAX
DA45030302,6 PLACE DU MARECHAL JOFFRE,40100 DAX
DA46010001,4 IMPASSE ANTONIO MACHADO,40100 DAX
DA46010002,4 IMPASSE ANTONIO MACHADO,40100 DAX
DA46010003,4 IMPASSE ANTONIO MACHADO,40100 DAX
DA46010004,4 IMPASSE ANTONIO MACHADO,40100 DAX
DA46010005,4 IMPASSE ANTONIO MACHADO,40100 DAX
DA46010006,4 IMPASSE ANTONIO MACHADO,40100 DAX
DA46010011,4 IMPASSE ANTONIO MACHADO,40100 DAX
DA46010012,4 IMPASSE ANTONIO MACHADO,40100 DAX
DA46010013,4 IMPASSE ANTONIO MACHADO,40100 DAX
DA46010014,4 IMPASSE ANTONIO MACHADO,40100 DAX
DA46010015,4 IMPASSE ANTONIO MACHADO,40100 DAX
DA46010016,4 IMPASSE ANTONIO MACHADO,40100 DAX
DA46020001,4 IMPASSE ANTONIO MACHADO,40100 DAX
DA46020002,4 IMPASSE ANTONIO MACHADO,40100 DAX
DA46020011,4 IMPASSE ANTONIO MACHADO,40100 DAX
DA47010001,7 ROUTE DU PLAN,40100 DAX
DA47010002,7 ROUTE DU PLAN,40100 DAX
DA47010003,7 ROUTE DU PLAN,40100 DAX
DA47010004,7 ROUTE DU PLAN,40100 DAX
DA47010101,7 ROUTE DU PLAN,40100 DAX
DA47010102,7 ROUTE DU PLAN,40100 DAX
DA47010103,7 ROUTE DU PLAN,40100 DAX
DA47010104,7 ROUTE DU PLAN,40100 DAX
DA47010105,7 ROUTE DU PLAN,40100 DAX
DA47010106,7 ROUTE DU PLAN,40100 DAX
DA47020001,7 ROUTE DU PLAN,40100 DAX
DA47020002,7 ROUTE DU PLAN,40100 DAX
DA47020003,7 ROUTE DU PLAN,40100 DAX
DA47020004,7 ROUTE DU PLAN,40100 DAX
DA47020101,7 ROUTE DU PLAN,40100 DAX
DA47020102,7 ROUTE DU PLAN,40100 DAX
DA47020103,7 ROUTE DU PLAN,40100 DAX
DA47020104,7 ROUTE DU PLAN,40100 DAX
DA47020105,7 ROUTE DU PLAN,40100 DAX
DA47020106,7 ROUTE DU PLAN,40100 DAX
DA47030001,7 ROUTE DU PLAN,40100 DAX
DA47030002,7 ROUTE DU PLAN,40100 DAX
DA47030003,7 ROUTE DU PLAN,40100 DAX
DA47030004,7 ROUTE DU PLAN,40100 DAX
DA47030005,7 ROUTE DU PLAN,40100 DAX
DA47030006,7 ROUTE DU PLAN,40100 DAX
DA47030007,7 ROUTE DU PLAN,40100 DAX
DA47030008,7 ROUTE DU PLAN,40100 DAX
DA47030009,7 ROUTE DU PLAN,40100 DAX
DA47030010,7 ROUTE DU PLAN,40100 DAX
DA47030101,7 ROUTE DU PLAN,40100 DAX
DA47030102,7 ROUTE DU PLAN,40100 DAX
DA47030103,7 ROUTE DU PLAN,40100 DAX
DA47030104,7 ROUTE DU PLAN,40100 DAX
DA47030105,7 ROUTE DU PLAN,40100 DAX
DA47030106,7 ROUTE DU PLAN,40100 DAX
DA47030107,7 ROUTE DU PLAN,40100 DAX
DA47030108,7 ROUTE DU PLAN,40100 DAX
DA47030109,7 ROUTE DU PLAN,40100 DAX
DA47030110,7 ROUTE DU PLAN,40100 DAX
DA47030111,7 ROUTE DU PLAN,40100 DAX
DA47040001,7 ROUTE DU PLAN,40100 DAX
DA47040002,7 ROUTE DU PLAN,40100 DAX
DA47040003,7 ROUTE DU PLAN,40100 DAX
DA47040004,7 ROUTE DU PLAN,40100 DAX
DA47040005,7 ROUTE DU PLAN,40100 DAX
DA47040006,7 ROUTE DU PLAN,40100 DAX
DA47040007,7 ROUTE DU PLAN,40100 DAX
DA47040008,7 ROUTE DU PLAN,40100 DAX
DA47040009,7 ROUTE DU PLAN,40100 DAX
DA47040010,7 ROUTE DU PLAN,40100 DAX
DA47040011,7 ROUTE DU PLAN,40100 DAX
DA47040012,7 ROUTE DU PLAN,40100 DAX
DA47040013,7 ROUTE DU PLAN,40100 DAX
DA47040014,7 ROUTE DU PLAN,40100 DAX
DA47040015,7 ROUTE DU PLAN,40100 DAX
DA47040016,7 ROUTE DU PLAN,40100 DAX
DA48020301,1 RUE DE LA PERLE,40100 DAX
DA49010111,23 AVENUE PAUL LAHARGOU,40100 DAX
DA49010112,23 AVENUE PAUL LAHARGOU,40100 DAX
DA49010113,23 AVENUE PAUL LAHARGOU,40100 DAX
DA49010114,23 AVENUE PAUL LAHARGOU,40100 DAX
DA49010115,23 AVENUE PAUL LAHARGOU,40100 DAX
DA49010116,23 AVENUE PAUL LAHARGOU,40100 DAX
DA49010117,23 AVENUE PAUL LAHARGOU,40100 DAX
DA49010118,23 AVENUE PAUL LAHARGOU,40100 DAX
DA49010119,23 AVENUE PAUL LAHARGOU,40100 DAX
DA49010121,23 AVENUE PAUL LAHARGOU,40100 DAX
DA49010122,23 AVENUE PAUL LAHARGOU,40100 DAX
DA49010123,23 AVENUE PAUL LAHARGOU,40100 DAX
DA49010124,23 AVENUE PAUL LAHARGOU,40100 DAX
DA49010125,23 AVENUE PAUL LAHARGOU,40100 DAX
DA49010126,23 AVENUE PAUL LAHARGOU,40100 DAX
DA49010127,23 AVENUE PAUL LAHARGOU,40100 DAX
DA49010128,23 AVENUE PAUL LAHARGOU,40100 DAX
DA49010129,23 AVENUE PAUL LAHARGOU,40100 DAX
DA49020201,23 RUE PAUL LAHARGOU,40100 DAX
DA49020202,23 RUE PAUL LAHARGOU,40100 DAX
DA49020203,23 RUE PAUL LAHARGOU,40100 DAX
DA49020204,23 RUE PAUL LAHARGOU,40100 DAX
DA49020205,23 RUE PAUL LAHARGOU,40100 DAX
DA49020206,23 RUE PAUL LAHARGOU,40100 DAX
DA49020207,23 RUE PAUL LAHARGOU,40100 DAX
DA49020208,23 RUE PAUL LAHARGOU,40100 DAX
DA49020209,23 RUE PAUL LAHARGOU,40100 DAX
DA49020211,23 RUE PAUL LAHARGOU,40100 DAX
DA49020212,23 RUE PAUL LAHARGOU,40100 DAX
DA49020213,23 RUE PAUL LAHARGOU,40100 DAX
DA49020214,23 RUE PAUL LAHARGOU,40100 DAX
DA49020215,23 RUE PAUL LAHARGOU,40100 DAX
DA49020216,23 RUE PAUL LAHARGOU,40100 DAX
DA49020217,23 RUE PAUL LAHARGOU,40100 DAX
DA49020218,23 RUE PAUL LAHARGOU,40100 DAX
DA49020219,23 RUE PAUL LAHARGOU,40100 DAX
DA49020220,23 RUE PAUL LAHARGOU,40100 DAX
DA49020221,23 RUE PAUL LAHARGOU,40100 DAX
DA49020222,23 RUE PAUL LAHARGOU,40100 DAX
DA49020223,23 RUE PAUL LAHARGOU,40100 DAX
DA49020224,23 RUE PAUL LAHARGOU,40100 DAX
DA49020225,23 RUE PAUL LAHARGOU,40100 DAX
DA49020226,23 RUE PAUL LAHARGOU,40100 DAX
DA49020227,23 RUE PAUL LAHARGOU,40100 DAX
DA49020228,23 RUE PAUL LAHARGOU,40100 DAX
DA50010001,102 AVENUE DES TUILERIES,40100 DAX
DA50010002,102 BIS AVENUE DES TUILERIES,40100 DAX
DA50010003,104 AVENUE DES TUILERIES,40100 DAX
DA50010004,106 AVENUE DES TUILERIES,40100 DAX
DA50010005,108 AVENUE DES TUILERIES,40100 DAX
DA51010001,24 RUE ELISEE RECLUS,40100 DAX
DA51010002,24 RUE ELISEE RECLUS,40100 DAX
DA51010003,24 RUE ELISEE RECLUS,40100 DAX
DA51010004,24 RUE ELISEE RECLUS,40100 DAX
DA51010005,24 RUE ELISEE RECLUS,40100 DAX
DA51010006,24 RUE ELISEE RECLUS,40100 DAX
DA51010007,24 RUE ELISEE RECLUS,40100 DAX
DA51010008,24 RUE ELISEE RECLUS,40100 DAX
DA51010009,24 RUE ELISEE RECLUS,40100 DAX
DA51010010,24 RUE ELISEE RECLUS,40100 DAX
DA51010011,2 RUE THEODORE MONOD,40100 DAX
DA51010012,2 RUE THEODORE MONOD,40100 DAX
DA51010013,2 RUE THEODORE MONOD,40100 DAX
DA51010014,2 RUE THEODORE MONOD,40100 DAX
DA51010015,2 RUE THEODORE MONOD,40100 DAX
DA51010016,2 RUE THEODORE MONOD,40100 DAX
DA51010017,2 RUE THEODORE MONOD,40100 DAX
DA51010018,2 RUE THEODORE MONOD,40100 DAX
DA51010019,2 RUE THEODORE MONOD,40100 DAX
DA51010020,2 RUE THEODORE MONOD,40100 DAX
DA51010021,2 RUE THEODORE MONOD,40100 DAX
DA51010022,2 RUE THEODORE MONOD,40100 DAX
DA51010023,2 RUE THEODORE MONOD,40100 DAX
DA51010024,2 RUE THEODORE MONOD,40100 DAX
DA51010025,8 RUE THEODORE MONOD,40100 DAX
DA51010026,8 RUE THEODORE MONOD,40100 DAX
DA51010027,8 RUE THEODORE MONOD,40100 DAX
DA51010028,8 RUE THEODORE MONOD,40100 DAX
DA51010029,8 RUE THEODORE MONOD,40100 DAX
DA51010030,8 RUE THEODORE MONOD,40100 DAX
DA51010031,8 RUE THEODORE MONOD,40100 DAX
DA51010032,8 RUE THEODORE MONOD,40100 DAX
DA51010033,8 RUE THEODORE MONOD,40100 DAX
DA51010034,8 RUE THEODORE MONOD,40100 DAX
DA51010035,8 RUE THEODORE MONOD,40100 DAX
DA51010036,8 RUE THEODORE MONOD,40100 DAX
DA51010037,8 RUE THEODORE MONOD,40100 DAX
DA51010038,8 RUE THEODORE MONOD,40100 DAX
DA51010039,8 RUE THEODORE MONOD,40100 DAX
DA51010040,8 RUE THEODORE MONOD,40100 DAX
DA51010041,8 RUE THEODORE MONOD,40100 DAX
DA51010042,8 RUE THEODORE MONOD,40100 DAX
DA51010043,8 RUE THEODORE MONOD,40100 DAX
DA51010044,8 RUE THEODORE MONOD,40100 DAX
DA51010045,8 RUE THEODORE MONOD,40100 DAX
DA51010046,8 RUE THEODORE MONOD,40100 DAX
DA51010047,8 RUE THEODORE MONOD,40100 DAX
DA51010048,8 RUE THEODORE MONOD,40100 DAX
DA51010049,8 RUE THEODORE MONOD,40100 DAX
DA51010050,8 RUE THEODORE MONOD,40100 DAX
DA51010051,1 RUE RENEE DUMONT,40100 DAX
DA51010052,1 RUE RENEE DUMONT,40100 DAX
DA51010053,1 RUE RENEE DUMONT,40100 DAX
DA51010054,1 RUE RENEE DUMONT,40100 DAX
DA51010055,1 RUE RENEE DUMONT,40100 DAX
DA51010056,1 RUE RENEE DUMONT,40100 DAX
DA51010057,1 RUE RENEE DUMONT,40100 DAX
DA51010058,1 RUE RENEE DUMONT,40100 DAX
DA51010059,1 RUE RENEE DUMONT,40100 DAX
DA51010060,1 RUE RENEE DUMONT,40100 DAX
DO01010001,65 RUE JEAN D'ARCET,40700 DOAZIT
DO01010002,67 RUE JEAN D'ARCET,40700 DOAZIT
DO01010003,69 RUE JEAN D'ARCET,40700 DOAZIT
DO01010004,71 RUE JEAN D'ARCET,40700 DOAZIT
DO01010005,261 RUE JEAN D'ARCET,40700 DOAZIT
DO01010006,259 RUE JEAN D'ARCET,40700 DOAZIT
DO01010007,257 RUE JEAN D'ARCET,40700 DOAZIT
DO01010008,255 RUE JEAN D'ARCET,40700 DOAZIT
DO01010009,253 RUE JEAN D'ARCET,40700 DOAZIT
DO01010010,251 RUE JEAN D'ARCET,40700 DOAZIT
DO01010011,249 RUE JEAN D'ARCET,40700 DOAZIT
DO01010012,247 RUE JEAN D'ARCET,40700 DOAZIT
DO01010013,147 RUE JEAN D'ARCET,40700 DOAZIT
DO01010014,141 RUE JEAN D'ARCET,40700 DOAZIT
DO01010015,196 RUE JEAN D'ARCET,40700 DOAZIT
DO01010016,206 RUE JEAN D'ARCET,40700 DOAZIT
DO01010017,212 RUE JEAN D'ARCET,40700 DOAZIT
DO01010018,220 RUE JEAN D'ARCET,40700 DOAZIT
DO01010019,222 RUE JEAN D'ARCET,40700 DOAZIT
DO01010020,226 RUE JEAN D'ARCET,40700 DOAZIT
DU01010001,141 AVENUE DU LOURDEN,40800 DUHORT-BACHEN
DU01010002,141 AVENUE DU LOURDEN,40800 DUHORT-BACHEN
DU01010003,141 AVENUE DU LOURDEN,40800 DUHORT-BACHEN
DU01010004,141 AVENUE DU LOURDEN,40800 DUHORT-BACHEN
EU01010001,29 LE CLOS DE LA BRANE,40200 SAINTE-EULALIE-EN-BORN
EU01010002,41 LE CLOS DE LA BRANE,40200 SAINTE-EULALIE-EN-BORN
EU01010003,49 LE CLOS DE LA BRANE,40200 SAINTE-EULALIE-EN-BORN
EU01010004,46 LE CLOS DE LA BRANE,40200 SAINTE-EULALIE-EN-BORN
EU02010001,54 RUE DES PALOMBES,40200 SAINTE-EULALIE-EN-BORN
EU02010002,60 RUE DES PALOMBES,40200 SAINTE-EULALIE-EN-BORN
EU02010003,92 RUE DES PALOMBES,40200 SAINTE-EULALIE-EN-BORN
EU02010004,96 RUE DES PALOMBES,40200 SAINTE-EULALIE-EN-BORN
EU02010005,104 RUE DES PALOMBES,40200 SAINTE-EULALIE-EN-BORN
EU02010006,100 RUE DES PALOMBES,40200 SAINTE-EULALIE-EN-BORN
EU02010007,101 RUE DES PALOMBES,40200 SAINTE-EULALIE-EN-BORN
EU02010008,105 RUE DES PALOMBES,40200 SAINTE-EULALIE-EN-BORN
EU02010009,93 RUE DES PALOMBES,40200 SAINTE-EULALIE-EN-BORN
EU02010010,97 RUE DES PALOMBES,40200 SAINTE-EULALIE-EN-BORN
EU03010001,171 RUE DES PALOMBES,40200 SAINTE-EULALIE-EN-BORN
EU03010002,195 RUE DES PALOMBES,40200 SAINTE-EULALIE-EN-BORN
EU03010003,197 RUE DES PALOMBES,40200 SAINTE-EULALIE-EN-BORN
EU03010004,217 RUE DES PALOMBES,40200 SAINTE-EULALIE-EN-BORN
EU03010005,172 RUE DES PALOMBES,40200 SAINTE-EULALIE-EN-BORN
EU03010006,162 RUE DES PALOMBES,40200 SAINTE-EULALIE-EN-BORN
EU03010007,156 RUE DES PALOMBES,40200 SAINTE-EULALIE-EN-BORN
EU03010008,174 RUE DES PALOMBES,40200 SAINTE-EULALIE-EN-BORN
EU03010009,164 RUE DES PALOMBES,40200 SAINTE-EULALIE-EN-BORN
EU03010010,158 RUE DES PALOMBES,40200 SAINTE-EULALIE-EN-BORN
EU03010011,142 RUE DES PALOMBES,40200 SAINTE-EULALIE-EN-BORN
EU03010012,132 RUE DES PALOMBES,40200 SAINTE-EULALIE-EN-BORN
EU03010013,126 RUE DES PALOMBES,40200 SAINTE-EULALIE-EN-BORN
EU03010014,144 RUE DES PALOMBES,40200 SAINTE-EULALIE-EN-BORN
EU03010015,134 RUE DES PALOMBES,40200 SAINTE-EULALIE-EN-BORN
EU03010016,128 RUE DES PALOMBES,40200 SAINTE-EULALIE-EN-BORN
EU04010001,151 RUE SAINT EUTROPE,40200 SAINTE-EULALIE-EN-BORN
EU04010002,153 RUE SAINT EUTROPE,40200 SAINTE-EULALIE-EN-BORN
EU04010003,155 RUE SAINT EUTROPE,40200 SAINTE-EULALIE-EN-BORN
EU04010004,157 RUE SAINT EUTROPE,40200 SAINTE-EULALIE-EN-BORN
FO01010001,45 ALLEE DOUS PINS,40190 SAINTE-FOY
FO01010002,47 ALLEE DOUS PINS,40190 SAINTE-FOY
FO01010003,51 ALLEE DOUS PINS,40190 SAINTE-FOY
FO01010004,53 ALLEE DOUS PINS,40190 SAINTE-FOY
GA01010001,11 ALLEE DES ACACIAS - GARROSSE,40110 MORCENX-LA-NOUVELLE
GA01010002,25 ALLEE DES ACACIAS - GARROSSE,40110 MORCENX-LA-NOUVELLE
GA01010003,39 ALLEE DES ACACIAS - GARROSSE,40110 MORCENX-LA-NOUVELLE
GA01010004,47 ALLEE DES ACACIAS - GARROSSE,40110 MORCENX-LA-NOUVELLE
GA01010005,48 ALLEE DES ACACIAS - GARROSSE,40110 MORCENX-LA-NOUVELLE
GA01010006,40 ALLEE DES ACACIAS - GARROSSE,40110 MORCENX-LA-NOUVELLE
GA01010007,26 ALLEE DES ACACIAS - GARROSSE,40110 MORCENX-LA-NOUVELLE
GA01010008,12 ALLEE DES ACACIAS - GARROSSE,40110 MORCENX-LA-NOUVELLE
GB01010001,18 LOT DE L'HOPITAL,40310 GABARRET
GB01010002,24 LOT DE L'HOPITAL,40310 GABARRET
GB01010003,46 LOT DE L'HOPITAL,40310 GABARRET
GB01010004,52 LOT DE L'HOPITAL,40310 GABARRET
GB01010005,19 LOT DE L'HOPITAL,40310 GABARRET
GB01010006,25 LOT DE L'HOPITAL,40310 GABARRET
GB01010007,47 LOT DE L'HOPITAL,40310 GABARRET
GB01010008,51 LOT DE L'HOPITAL,40310 GABARRET
GB02010001,89 CHEMIN DE LA LANNE,40310 GABARRET
GB02010002,75 CHEMIN DE LA LANNE,40310 GABARRET
GB02010003,61 CHEMIN DE LA LANNE,40310 GABARRET
GB03010001,8 IMPASSE DU SOUVENIR FRANCAIS,40310 GABARRET
GB03010002,12 IMPASSE DU SOUVENIR FRANCAIS,40310 GABARRET
GB03010003,20 IMPASSE DU SOUVENIR FRANCAIS,40310 GABARRET
GB03010004,38 IMPASSE DU SOUVENIR FRANCAIS,40310 GABARRET
GB03010005,42 IMPASSE DU SOUVENIR FRANCAIS,40310 GABARRET
GB03010006,60 IMPASSE DU SOUVENIR FRANCAIS,40310 GABARRET
GE02010001,1 CITE DES AUGUSTINS,40320 GEAUNE
GE02010002,2 CITE DES AUGUSTINS,40320 GEAUNE
GE02010003,3 CITE DES AUGUSTINS,40320 GEAUNE
GE02010004,4 CITE DES AUGUSTINS,40320 GEAUNE
GE02010005,5 CITE DES AUGUSTINS,40320 GEAUNE
GE02010006,6 CITE DES AUGUSTINS,40320 GEAUNE
GE02010007,7 CITE DES AUGUSTINS,40320 GEAUNE
GE02010008,8 CITE DES AUGUSTINS,40320 GEAUNE
GE02010009,9 CITE DES AUGUSTINS,40320 GEAUNE
GE02010010,10 CITE DES AUGUSTINS,40320 GEAUNE
GE02010011,11 CITE DES AUGUSTINS,40320 GEAUNE
GE02010012,12 CITE DES AUGUSTINS,40320 GEAUNE
GE02010013,13 CITE DES AUGUSTINS,40320 GEAUNE
GE02010014,14 CITE DES AUGUSTINS,40320 GEAUNE
GE02010015,15 CITE DES AUGUSTINS,40320 GEAUNE
GE02010016,16 CITE DES AUGUSTINS,40320 GEAUNE
GE03010001,RESIDENCE HOTEL DE VILLE,40320 GEAUNE
GE03010002,RESIDENCE HOTEL DE VILLE,40320 GEAUNE
GE03010003,RESIDENCE HOTEL DE VILLE,40320 GEAUNE
GE03010004,RESIDENCE HOTEL DE VILLE,40320 GEAUNE
GE03010005,RESIDENCE HOTEL DE VILLE,40320 GEAUNE
GE03010006,RESIDENCE HOTEL DE VILLE,40320 GEAUNE
GE03010007,RESIDENCE HOTEL DE VILLE,40320 GEAUNE
GE03020001,RESIDENCE HOTEL DE VILLE,40320 GEAUNE
GE03020002,RESIDENCE HOTEL DE VILLE,40320 GEAUNE
GE03020003,RESIDENCE HOTEL DE VILLE,40320 GEAUNE
GE03020004,RESIDENCE HOTEL DE VILLE,40320 GEAUNE
GE03030001,RESIDENCE HOTEL DE VILLE,40320 GEAUNE
GE03030002,RESIDENCE HOTEL DE VILLE,40320 GEAUNE
GE03030003,RESIDENCE HOTEL DE VILLE,40320 GEAUNE
GE03030004,RESIDENCE HOTEL DE VILLE,40320 GEAUNE
GE03030005,RESIDENCE HOTEL DE VILLE,40320 GEAUNE
GE03030006,RESIDENCE HOTEL DE VILLE,40320 GEAUNE
GE04010001,RESIDENCE VILLAGE NEUF,40320 GEAUNE
GE04010002,RESIDENCE VILLAGE NEUF,40320 GEAUNE
GE04010003,RESIDENCE VILLAGE NEUF,40320 GEAUNE
GE04010004,RESIDENCE VILLAGE NEUF,40320 GEAUNE
GE04010005,RESIDENCE VILLAGE NEUF,40320 GEAUNE
GE05010001,3 ROUTE DE LA CHALOSSE,40320 GEAUNE
GE05010002,3 ROUTE DE LA CHALOSSE,40320 GEAUNE
GE05010003,3 ROUTE DE LA CHALOSSE,40320 GEAUNE
GE05010004,3 ROUTE DE LA CHALOSSE,40320 GEAUNE
GE05010005,3 ROUTE DE LA CHALOSSE,40320 GEAUNE
GE05010006,3 ROUTE DE LA CHALOSSE,40320 GEAUNE
GE05010007,3 ROUTE DE LA CHALOSSE,40320 GEAUNE
GE05010008,3 ROUTE DE LA CHALOSSE,40320 GEAUNE
GI01010001,214 ALLEE DU CANENCA,40090 GAILLERES
GI01010002,216 ALLEE DU CANENCA,40090 GAILLERES
GI01010003,266 ALLEE DU CANENCA,40090 GAILLERES
GI01010004,274 ALLEE DU CANENCA,40090 GAILLERES
GI01010005,286 ALLEE DU CANENCA,40090 GAILLERES
GI01010006,296 ALLEE DU CANENCA,40090 GAILLERES
GI01010007,302 ALLEE DU CANENCA,40090 GAILLERES
GI01010008,312 ALLEE DU CANENCA,40090 GAILLERES
GL01010001,51 ALLEE DE LA PLACERE,40090 GELOUX
GL01010002,71 ALLEE DE LA PLACERE,40090 GELOUX
GL01010003,70 ALLEE DE LA PLACERE,40090 GELOUX
GL01010004,50 ALLEE DE LA PLACERE,40090 GELOUX
GN01010001,177 RUE DE L'ECOLE,40420 GAREIN
GN01010003,229 RUE DE L'ECOLE,40420 GAREIN
GN01010004,231 RUE DE L'ECOLE,40420 GAREIN
GN02010001,149 CHEMIN DE CHITOTE,40420 GAREIN
GN02010002,94 CHEMIN DE CHITOTE,40420 GAREIN
GN02010003,113 CHEMIN DE CHITOTE,40420 GAREIN
GN02010004,101 CHEMIN DE CHITOTE,40420 GAREIN
GN03010001,390 CHEMIN DE LAGRAULA,40420 GAREIN
GN03010002,388 CHEMIN DE LAGRAULA,40420 GAREIN
GN03010003,346 CHEMIN DE LAGRAULA,40420 GAREIN
GN03010004,344 CHEMIN DE LAGRAULA,40420 GAREIN
GN03010005,318 CHEMIN DE LAGRAULA,40420 GAREIN
GN03010006,308 CHEMIN DE LAGRAULA,40420 GAREIN
GO01010001,14 LOT DU CLOS DU VIGNAOU,40180 GOOS
GO01010002,15 LOT DU CLOS DU VIGNAOU,40180 GOOS
GO01010003,16 LOT DU CLOS DU VIGNAOU,40180 GOOS
GO01010004,17 LOT DU CLOS DU VIGNAOU,40180 GOOS
GR02010001,AVENUE DES CASSAYRES,40270 GRENADE-SUR-L'ADOUR
GR02010002,AVENUE DES CASSAYRES,40270 GRENADE-SUR-L'ADOUR
GR02010003,AVENUE DES CASSAYRES,40270 GRENADE-SUR-L'ADOUR
GR02010004,AVENUE DES CASSAYRES,40270 GRENADE-SUR-L'ADOUR
GR02010005,AVENUE DES CASSAYRES,40270 GRENADE-SUR-L'ADOUR
GR02010006,AVENUE DES CASSAYRES,40270 GRENADE-SUR-L'ADOUR
GR02010007,AVENUE DES CASSAYRES,40270 GRENADE-SUR-L'ADOUR
GR02010008,AVENUE DES CASSAYRES,40270 GRENADE-SUR-L'ADOUR
GR02010009,AVENUE DES CASSAYRES,40270 GRENADE-SUR-L'ADOUR
GR02010010,AVENUE DES CASSAYRES,40270 GRENADE-SUR-L'ADOUR
GR02010011,AVENUE DES CASSAYRES,40270 GRENADE-SUR-L'ADOUR
GR03010001,2 IMPASSE DU RUISSEAU,40270 GRENADE-SUR-L'ADOUR
GR03010002,4 IMPASSE DU RUISSEAU,40270 GRENADE-SUR-L'ADOUR
GR03010003,6 IMPASSE DU RUISSEAU,40270 GRENADE-SUR-L'ADOUR
GR03010004,8 IMPASSE DU RUISSEAU,40270 GRENADE-SUR-L'ADOUR
GR03010005,1 IMPASSE DU RUISSEAU,40270 GRENADE-SUR-L'ADOUR
GR03010006,3 IMPASSE DU RUISSEAU,40270 GRENADE-SUR-L'ADOUR
GR03010007,5 IMPASSE DU RUISSEAU,40270 GRENADE-SUR-L'ADOUR
GR03010008,21 BIS AVENUE DES CASSAYRES,40270 GRENADE-SUR-L'ADOUR
GR03010009,21 AVENUE DES CASSAYRES,40270 GRENADE-SUR-L'ADOUR
GS01010001,40 IMPASSE DE MATHIOU,40160 GASTES
GS01010003,40 IMPASSE DE MATHIOU,40160 GASTES
GS02010001,41 RUE DES JARDINS,40160 GASTES
GS02010002,43 RUE DES JARDINS,40160 GASTES
GS02010003,45 RUE DES JARDINS,40160 GASTES
GS02010004,47 RUE DES JARDINS,40160 GASTES
HB01010001,20 IMPASSE DES BOIS,40290 HABAS
HB01010004,230 RUE DE LAHOURCADE,40290 HABAS
HB01010005,212 RUE DE LAHOURCADE,40290 HABAS
HB01010006,194 RUE DE LAHOURCADE,40290 HABAS
HB02010001,29 IMPASSE DES ROSES,40290 HABAS
HB02010003,114 RUE DE LAHOURCADE,40290 HABAS
HB02010004,144 RUE DE LAHOURCADE,40290 HABAS
HB02010005,103 RUE DE LAHOURCADE,40290 HABAS
HB02010006,67 RUE DE LAHOURCADE,40290 HABAS
HE01010001,102 CHEMIN DE LA PACHERE,40180 HEUGAS
HE01010002,102 CHEMIN DE LA PACHERE,40180 HEUGAS
HE01010003,102 CHEMIN DE LA PACHERE,40180 HEUGAS
HE01010004,102 CHEMIN DE LA PACHERE,40180 HEUGAS
HE01010005,102 CHEMIN DE LA PACHERE,40180 HEUGAS
HE01010006,102 CHEMIN DE LA PACHERE,40180 HEUGAS
HG02010001,HLM DE LA SABLIERE,40700 HAGETMAU
HG02010002,HLM DE LA SABLIERE,40700 HAGETMAU
HG02010003,HLM DE LA SABLIERE,40700 HAGETMAU
HG02010004,HLM DE LA SABLIERE,40700 HAGETMAU
HG02010005,HLM DE LA SABLIERE,40700 HAGETMAU
HG02010006,HLM DE LA SABLIERE,40700 HAGETMAU
HG02010007,HLM DE LA SABLIERE,40700 HAGETMAU
HG02010008,HLM DE LA SABLIERE,40700 HAGETMAU
HG02010009,HLM DE LA SABLIERE,40700 HAGETMAU
HG02010010,HLM DE LA SABLIERE,40700 HAGETMAU
HG02010011,HLM DE LA SABLIERE,40700 HAGETMAU
HG02010012,HLM DE LA SABLIERE,40700 HAGETMAU
HG02010013,HLM DE LA SABLIERE,40700 HAGETMAU
HG02010014,HLM DE LA SABLIERE,40700 HAGETMAU
HG02010015,HLM DE LA SABLIERE,40700 HAGETMAU
HG02010016,HLM DE LA SABLIERE,40700 HAGETMAU
HG02010017,HLM DE LA SABLIERE,40700 HAGETMAU
HG02010018,HLM DE LA SABLIERE,40700 HAGETMAU
HG02010019,HLM DE LA SABLIERE,40700 HAGETMAU
HG02010020,HLM DE LA SABLIERE,40700 HAGETMAU
HG02010021,HLM DE LA SABLIERE,40700 HAGETMAU
HG02010022,HLM DE LA SABLIERE,40700 HAGETMAU
HG02010023,HLM DE LA SABLIERE,40700 HAGETMAU
HG02010024,HLM DE LA SABLIERE,40700 HAGETMAU
HG02010025,HLM DE LA SABLIERE,40700 HAGETMAU
HG02010026,HLM DE LA SABLIERE,40700 HAGETMAU
HG02010027,HLM DE LA SABLIERE,40700 HAGETMAU
HG03010001,27 RUE DU SOLEIL D'OR,40700 HAGETMAU
HG03010002,25 RUE DU SOLEIL D'OR,40700 HAGETMAU
HG03010003,23 RUE DU SOLEIL D'OR,40700 HAGETMAU
HG03010004,21 RUE DU SOLEIL D'OR,40700 HAGETMAU
HG03010005,19 RUE DU SOLEIL D'OR,40700 HAGETMAU
HG03010006,2 PORTE D'AQUITAINE,40700 HAGETMAU
HG03010007,4 PORTE D'AQUITAINE,40700 HAGETMAU
HG03010008,6 PORTE D'AQUITAINE,40700 HAGETMAU
HG03010009,1 PORTE D'AQUITAINE,40700 HAGETMAU
HG03010010,3 PORTE D'AQUITAINE,40700 HAGETMAU
HG03010011,5 PORTE D'AQUITAINE,40700 HAGETMAU
HG03010012,63 RUE DU SOLEIL D'OR,40700 HAGETMAU
HG03010013,61 RUE DU SOLEIL D'OR,40700 HAGETMAU
HG03010014,59 RUE DU SOLEIL D'OR,40700 HAGETMAU
HG03010015,57 RUE DU SOLEIL D'OR,40700 HAGETMAU
HG03010016,55 RUE DU SOLEIL D'OR,40700 HAGETMAU
HG03010017,53 RUE DU SOLEIL D'OR,40700 HAGETMAU
HG03010018,45 RUE DU SOLEIL D'OR,40700 HAGETMAU
HG03010019,43 RUE DU SOLEIL D'OR,40700 HAGETMAU
HG03010020,41 RUE DU SOLEIL D'OR,40700 HAGETMAU
HG03010021,39 RUE DU SOLEIL D'OR,40700 HAGETMAU
HG03010022,37 RUE DU SOLEIL D'OR,40700 HAGETMAU
HG03010023,35 RUE DU SOLEIL D'OR,40700 HAGETMAU
HG03010024,33 RUE DU SOLEIL D'OR,40700 HAGETMAU
HG03010025,70 RUE DU SOLEIL D'OR,40700 HAGETMAU
HG03010026,68 RUE DU SOLEIL D'OR,40700 HAGETMAU
HG03010027,66 RUE DU SOLEIL D'OR,40700 HAGETMAU
HG03010028,64 RUE DU SOLEIL D'OR,40700 HAGETMAU
HG03010029,62 RUE DU SOLEIL D'OR,40700 HAGETMAU
HG03010030,60 RUE DU SOLEIL D'OR,40700 HAGETMAU
HG04010001,21 RUE DES PYRENEES,40700 HAGETMAU
HG04010002,19 RUE DES PYRENEES,40700 HAGETMAU
HG04010003,17 RUE DES PYRENEES,40700 HAGETMAU
HG04010004,15 RUE DES PYRENEES,40700 HAGETMAU
HG04010005,13 RUE DES PYRENEES,40700 HAGETMAU
HG04010006,11 RUE DES PYRENEES,40700 HAGETMAU
HG04010007,9 RUE DES PYRENEES,40700 HAGETMAU
HG04010008,7 RUE DES PYRENEES,40700 HAGETMAU
HG04010009,5 RUE DES PYRENEES,40700 HAGETMAU
HG04010010,3 RUE DES PYRENEES,40700 HAGETMAU
HG04010011,1 RUE DES PYRENEES,40700 HAGETMAU
HG04010012,2 RUE DU SOLEIL D'OR,40700 HAGETMAU
HG04010013,4 RUE DU SOLEIL D'OR,40700 HAGETMAU
HG04010014,6 RUE DU SOLEIL D'OR,40700 HAGETMAU
HG04010015,8 RUE DU SOLEIL D'OR,40700 HAGETMAU
HG04010016,10 RUE DU SOLEIL D'OR,40700 HAGETMAU
HG04010017,12 RUE DU SOLEIL D'OR,40700 HAGETMAU
HG04010018,14 RUE DU SOLEIL D'OR,40700 HAGETMAU
HG04010019,16 RUE DU SOLEIL D'OR,40700 HAGETMAU
HG04010020,18 RUE DU SOLEIL D'OR,40700 HAGETMAU
HG04010021,20 RUE DU SOLEIL D'OR,40700 HAGETMAU
HG04010022,22 RUE DU SOLEIL D'OR,40700 HAGETMAU
HG04010023,24 RUE DU SOLEIL D'OR,40700 HAGETMAU
HG04010024,26 RUE DU SOLEIL D'OR,40700 HAGETMAU
HM01010001,105 RUE DU MARSAN,40280 HAUT-MAUCO
HM01010002,105 RUE DU MARSAN,40280 HAUT-MAUCO
HM01010003,105 RUE DU MARSAN,40280 HAUT-MAUCO
HM01010004,105 RUE DU MARSAN,40280 HAUT-MAUCO
HM01010005,105 RUE DU MARSAN,40280 HAUT-MAUCO
HM02010001,100 ROUTE DE MINA,40280 HAUT-MAUCO
HM02010002,100 ROUTE DE MINA,40280 HAUT-MAUCO
HO01010001,114 AVENUE BUCHERONS,40150 SOORTS-HOSSEGOR
HO01010002,114 AVENUE BUCHERONS,40150 SOORTS-HOSSEGOR
HO01010003,114 AVENUE BUCHERONS,40150 SOORTS-HOSSEGOR
HO01010004,114 AVENUE BUCHERONS,40150 SOORTS-HOSSEGOR
HO01010005,114 AVENUE BUCHERONS,40150 SOORTS-HOSSEGOR
HO01010006,114 AVENUE BUCHERONS,40150 SOORTS-HOSSEGOR
HO01010007,114 AVENUE BUCHERONS,40150 SOORTS-HOSSEGOR
HO01010008,114 AVENUE BUCHERONS,40150 SOORTS-HOSSEGOR
HO01010009,114 AVENUE BUCHERONS,40150 SOORTS-HOSSEGOR
HO01010010,114 AVENUE BUCHERONS,40150 SOORTS-HOSSEGOR
HO01010011,114 AVENUE BUCHERONS,40150 SOORTS-HOSSEGOR
HO01010012,114 AVENUE BUCHERONS,40150 SOORTS-HOSSEGOR
HO01010013,114 AVENUE BUCHERONS,40150 SOORTS-HOSSEGOR
HO01010014,114 AVENUE BUCHERONS,40150 SOORTS-HOSSEGOR
HO01010015,114 AVENUE BUCHERONS,40150 SOORTS-HOSSEGOR
HO01010016,114 AVENUE BUCHERONS,40150 SOORTS-HOSSEGOR
JE01080001,60 ROUTE DES TUCS APT N°1,40230 SAINT-JEAN-DE-MARSACQ
JE01080002,60 ROUTE DES TUCS APT N°2,40230 SAINT-JEAN-DE-MARSACQ
JE01080003,60 ROUTE DES TUCS APT N°3,40230 SAINT-JEAN-DE-MARSACQ
JE01080004,60 ROUTE DES TUCS APT N°4,40230 SAINT-JEAN-DE-MARSACQ
JE01080005,60 ROUTE DES TUCS APT N°5,40230 SAINT-JEAN-DE-MARSACQ
JE01080006,60 ROUTE DES TUCS APT N°6,40230 SAINT-JEAN-DE-MARSACQ
JE01080007,60 ROUTE DES TUCS APT N°7,40230 SAINT-JEAN-DE-MARSACQ
JE01080008,60 ROUTE DES TUCS APT N°8,40230 SAINT-JEAN-DE-MARSACQ
JE02010001,15 IMPASSE DE LO CABIROU,40230 SAINT-JEAN-DE-MARSACQ
JE02010002,17 IMPASSE DE LO CABIROU,40230 SAINT-JEAN-DE-MARSACQ
JE02010003,18 IMPASSE DE LO CABIROU,40230 SAINT-JEAN-DE-MARSACQ
JE02010005,7 ROUTE DE LA PALOMA,40230 SAINT-JEAN-DE-MARSACQ
JE02010007,90 ROUTE DE L'ABELHA,40230 SAINT-JEAN-DE-MARSACQ
JE02010008,68 ROUTE DE L'ABHELA,40230 SAINT-JEAN-DE-MARSACQ
JE02010010,148 ROUTE DE LA PALOMA,40230 SAINT-JEAN-DE-MARSACQ
JE02010011,128 ROUTE DE LA PALOMA,40230 SAINT-JEAN-DE-MARSACQ
JE02010012,120 ROUTE DE LA PALOMA,40230 SAINT-JEAN-DE-MARSACQ
JE02010015,53 ROUTE DE LA PALOMA,40230 SAINT-JEAN-DE-MARSACQ
JE02010017,83 ROUTE DE LA PALOMA,40230 SAINT-JEAN-DE-MARSACQ
JE02010018,89 ROUTE DE LA PALOMA,40230 SAINT-JEAN-DE-MARSACQ
JE02010020,113 ROUTE DE LA PALOMA,40230 SAINT-JEAN-DE-MARSACQ
JE03010004,16 IMPASSE DE LO CABIROU,40230 SAINT-JEAN-DE-MARSACQ
JE03010006,13 ROUTE DE LA PALOMA,40230 SAINT-JEAN-DE-MARSACQ
JE03010013,33 ROUTE DE LA PALOMA,40230 SAINT-JEAN-DE-MARSACQ
JE03010019,107 ROUTE DE LA PALOMA,40230 SAINT-JEAN-DE-MARSACQ
JE04010001,16 ALLEE DES ALOUETTES,40230 SAINT-JEAN-DE-MARSACQ
JE04010002,16 ALLEE DES ALOUETTES,40230 SAINT-JEAN-DE-MARSACQ
JE04010003,16 ALLEE DES ALOUETTES,40230 SAINT-JEAN-DE-MARSACQ
JE04010004,16 ALLEE DES ALOUETTES,40230 SAINT-JEAN-DE-MARSACQ
JE04010005,16 ALLEE DES ALOUETTES,40230 SAINT-JEAN-DE-MARSACQ
JE04010006,16 ALLEE DES ALOUETTES,40230 SAINT-JEAN-DE-MARSACQ
JE04010007,16 ALLEE DES ALOUETTES,40230 SAINT-JEAN-DE-MARSACQ
JE04010008,16 ALLEE DES ALOUETTES,40230 SAINT-JEAN-DE-MARSACQ
JE04010009,16 ALLEE DES ALOUETTES,40230 SAINT-JEAN-DE-MARSACQ
JO01010002,1 ALLEE DU FIGUIER,40230 JOSSE
JO02010001,1 ALLEE DU FIGUIER,40230 JOSSE
JO02010003,1 ALLEE DU FIGUIER,40230 JOSSE
JO02010004,1 ALLEE DU FIGUIER,40230 JOSSE
JO03010001,31 RUE DES CEPAGES,40230 JOSSE
JO03010002,31 RUE DES CEPAGES,40230 JOSSE
JO03010003,31 RUE DES CEPAGES,40230 JOSSE
JO03010004,31 RUE DES CEPAGES,40230 JOSSE
JO03010005,31 RUE DES CEPAGES,40230 JOSSE
JO03010006,31 RUE DES CEPAGES,40230 JOSSE
JO03010101,31 RUE DES CEPAGES,40230 JOSSE
JO03010102,31 RUE DES CEPAGES,40230 JOSSE
JO03010103,31 RUE DES CEPAGES,40230 JOSSE
JO03010104,31 RUE DES CEPAGES,40230 JOSSE
JO03010105,31 RUE DES CEPAGES,40230 JOSSE
JO03010106,31 RUE DES CEPAGES,40230 JOSSE
JO03020001,31 RUE DES CEPAGES,40230 JOSSE
JO03020002,31 RUE DES CEPAGES,40230 JOSSE
JO03020003,31 RUE DES CEPAGES,40230 JOSSE
JO03020004,31 RUE DES CEPAGES,40230 JOSSE
JO03020005,31 RUE DES CEPAGES,40230 JOSSE
JO03020006,31 RUE DES CEPAGES,40230 JOSSE
JO03020101,31 RUE DES CEPAGES,40230 JOSSE
JO03020102,31 RUE DES CEPAGES,40230 JOSSE
JO03020103,31 RUE DES CEPAGES,40230 JOSSE
JO03020104,31 RUE DES CEPAGES,40230 JOSSE
JO03020105,31 RUE DES CEPAGES,40230 JOSSE
JO03020106,31 RUE DES CEPAGES,40230 JOSSE
JU01010001,126 RUE DES IRIS,40170 SAINT-JULIEN-EN-BORN
JU01010002,184 RUE DES IRIS,40170 SAINT-JULIEN-EN-BORN
JU01010003,212 RUE DES IRIS,40170 SAINT-JULIEN-EN-BORN
JU01010004,215 RUE DES IRIS,40170 SAINT-JULIEN-EN-BORN
JU01010005,203 RUE DES IRIS,40170 SAINT-JULIEN-EN-BORN
JU01010006,163 RUE DES IRIS,40170 SAINT-JULIEN-EN-BORN
JU01010007,145 RUE DES IRIS,40170 SAINT-JULIEN-EN-BORN
JU01010008,135 RUE DES IRIS,40170 SAINT-JULIEN-EN-BORN
JU02010001,40 CLOS DE LA MARE HAUTE,40170 SAINT-JULIEN-EN-BORN
JU02010002,40 CLOS DE LA MARE HAUTE,40170 SAINT-JULIEN-EN-BORN
JU02010003,40 CLOS DE LA MARE HAUTE,40170 SAINT-JULIEN-EN-BORN
JU02010004,40 CLOS DE LA MARE HAUTE,40170 SAINT-JULIEN-EN-BORN
JU02010005,40 CLOS DE LA MARE HAUTE,40170 SAINT-JULIEN-EN-BORN
JU02010006,40 CLOS DE LA MARE HAUTE,40170 SAINT-JULIEN-EN-BORN
JU02010007,40 CLOS DE LA MARE HAUTE,40170 SAINT-JULIEN-EN-BORN
JU02010008,40 CLOS DE LA MARE HAUTE,40170 SAINT-JULIEN-EN-BORN
JU02010009,40 CLOS DE LA MARE HAUTE,40170 SAINT-JULIEN-EN-BORN
JU02010010,40 CLOS DE LA MARE HAUTE,40170 SAINT-JULIEN-EN-BORN
JU02010011,40 CLOS DE LA MARE HAUTE,40170 SAINT-JULIEN-EN-BORN
JU03010001,60 CLOS DES HIBISCUS,40170 SAINT-JULIEN-EN-BORN
JU03010002,60 CLOS DES HIBISCUS,40170 SAINT-JULIEN-EN-BORN
JU03010003,60 CLOS DES HIBISCUS,40170 SAINT-JULIEN-EN-BORN
JU03010004,60 CLOS DES HIBISCUS,40170 SAINT-JULIEN-EN-BORN
JU03010005,60 CLOS DES HIBISCUS,40170 SAINT-JULIEN-EN-BORN
JU03010006,60 CLOS DES HIBISCUS,40170 SAINT-JULIEN-EN-BORN
JU03010007,60 CLOS DES HIBISCUS,40170 SAINT-JULIEN-EN-BORN
JU03010008,60 CLOS DES HIBISCUS,40170 SAINT-JULIEN-EN-BORN
LA01010001,9 LOTISSEMENT DE RIBERE,40240 LABASTIDE-D'ARMAGNAC
LA01010002,9BIS LOTISSEMENT DE RIBERE,40240 LABASTIDE-D'ARMAGNAC
LA01010003,9TER LOTISSEMENT DE RIBERE,40240 LABASTIDE-D'ARMAGNAC
LA01010004,11 LOTISSEMENT DE RIBERE,40240 LABASTIDE-D'ARMAGNAC
LA01010005,11B S LOTISSEMENT DE RIBERE,40240 LABASTIDE-D'ARMAGNAC
LB01010001,11 RUE DU 8 MAI 1945,40300 LABATUT
LB01010002,21 RUE DU 8 MAI 1945,40300 LABATUT
LB01010003,51 RUE DU 8 MAI 1945,40300 LABATUT
LB01010004,63 RUE DU 8 MAI 1945,40300 LABATUT
LB01010005,95 RUE DU 8 MAI 1945,40300 LABATUT
LB01010006,107 RUE DU 8 MAI 1945,40300 LABATUT
LB01010008,139 RUE DU 8 MAI 1945,40300 LABATUT
LB01010010,122 RUE DU 8 MAI 1945,40300 LABATUT
LB01010012,100 RUE DU 8 MAI 1945,40300 LABATUT
LB01010013,76 RUE DU 8 MAI 1945,40300 LABATUT
LB01010014,50 RUE DU 8 MAI 1945,40300 LABATUT
LB02010001,236 RUE DE LEMBEYE,40300 LABATUT
LB02010003,53 IMPASSE LEMBEYE,40300 LABATUT
LB02010004,83 IMPASSE LEMBEYE,40300 LABATUT
LB02010005,91 IMPASSE LEMBEYE,40300 LABATUT
LB02010007,136 IMPASSE LEMBEYE,40300 LABATUT
LB02010008,152 IMPASSE LEMBEYE,40300 LABATUT
LB02010009,180 IMPASSE LEMBEYE,40300 LABATUT
LB02010010,186 IMPASSE LEMBEYE,40300 LABATUT
LB02010011,206 IMPASSE LEMBEYE,40300 LABATUT
LB02010012,215 IMPASSE LEMBEYE,40300 LABATUT
LB03010001,10A RUE DU 19 MARS 1962,40300 LABATUT
LB03010002,10B RUE DU 19 MARS 1962,40300 LABATUT
LB03010003,10C RUE DU 19 MARS 1962,40300 LABATUT
LB03010004,10D RUE DU 19 MARS 1962,40300 LABATUT
LB03010005,10E RUE DU 19 MARS 1962,40300 LABATUT
LC01010001,121 ALLEE DES ERABLES,40120 LENCOUACQ
LC01010002,139 ALLEE DES ERABLES,40120 LENCOUACQ
LC01010003,161 ALLEE DES ERABLES,40120 LENCOUACQ
LC01010004,177 ALLEE DES ERABLES,40120 LENCOUACQ
LC01010005,201 ALLEE DES ERABLES,40120 LENCOUACQ
LC01010006,160 ALLEE DES ERABLES,40120 LENCOUACQ
LE01010001,246 RUE DES FEVIERS,40550 LEON
LE01010002,248 RUE DES FEVIERS,40550 LEON
LE01010003,250 RUE DES FEVIERS,40550 LEON
LE01010004,252 RUE DES FEVIERS,40550 LEON
LE02010001,141 RUE DE LA CAREYRE,40550 LEON
LE02010002,141 RUE DE LA CAREYRE,40550 LEON
LE02010003,141 RUE DE LA CAREYRE,40550 LEON
LE02010004,141 RUE DE LA CAREYRE,40550 LEON
LE02010005,141 RUE DE LA CAREYRE,40550 LEON
LE02010006,141 RUE DE LA CAREYRE,40550 LEON
LE02010007,141 RUE DE LA CAREYRE,40550 LEON
LE02010008,141 RUE DE LA CAREYRE,40550 LEON
LE02010009,141 RUE DE LA CAREYRE,40550 LEON
LG01010001,430 AVENUE DES RESINIERS,40090 LAGLORIEUSE
LG01010002,430 AVENUE DES RESINIERS,40090 LAGLORIEUSE
LG01010003,430 AVENUE DES RESINIERS,40090 LAGLORIEUSE
LG01010004,430 AVENUE DES RESINIERS,40090 LAGLORIEUSE
LH01010001,LAS PRADES,40250 LAHOSSE
LH01010002,LAS PRADES,40250 LAHOSSE
LH01010003,LAS PRADES,40250 LAHOSSE
LI01010001,130 RUE ST JEAN,40420 LABRIT
LI01010002,116 RUE SAINT JEAN,40420 LABRIT
LI01010003,60 RUE SAINT JEAN,40420 LABRIT
LI01010004,58 RUE SAINT JEAN,40420 LABRIT
LI01010005,52 RUE SAINT JEAN,40420 LABRIT
LI01010006,36 RUE SAINT JEAN,40420 LABRIT
LI01010007,32 RUE SAINT JEAN,40420 LABRIT
LI01010008,30 RUE SAINT JEAN,40420 LABRIT
LM01010007,136 AVENUE DU MARENSIN,40170 LIT-ET-MIXE
LM01010102,136 AVENUE DU MARENSIN,40170 LIT-ET-MIXE
LM01020010,136 AVENUE DU MARENSIN,40170 LIT-ET-MIXE
LM01020105,136 AVENUE DU MARENSIN,40170 LIT-ET-MIXE
LM01020109,136 AVENUE DU MARENSIN,40170 LIT-ET-MIXE
LM01020111,136 AVENUE DU MARENSIN,40170 LIT-ET-MIXE
LM01030108,136 AVENUE DU MARENSIN,40170 LIT-ET-MIXE
LM01040002,136 AVENUE DU MARENSIN,40170 LIT-ET-MIXE
LN01080001,ALLEE GEORGES BIZET,40530 LABENNE
LN01080002,ALLEE GEORGES BIZET,40530 LABENNE
LN01080003,ALLEE GEORGES BIZET,40530 LABENNE
LN01080004,ALLEE GEORGES BIZET,40530 LABENNE
LN01080005,ALLEE GEORGES BIZET,40530 LABENNE
LN01080006,ALLEE GEORGES BIZET,40530 LABENNE
LN01080007,ALLEE GEORGES BIZET,40530 LABENNE
LN01080008,ALLEE GEORGES BIZET,40530 LABENNE
LN01160009,ALLEE GEORGES BIZET,40530 LABENNE
LN01160010,ALLEE GEORGES BIZET,40530 LABENNE
LN01160011,ALLEE GEORGES BIZET,40530 LABENNE
LN01160012,ALLEE GEORGES BIZET,40530 LABENNE
LN01160013,ALLEE GEORGES BIZET,40530 LABENNE
LN01160014,ALLEE GEORGES BIZET,40530 LABENNE
LN01160015,ALLEE GEORGES BIZET,40530 LABENNE
LN01160016,ALLEE GEORGES BIZET,40530 LABENNE
LN01160017,ALLEE GEORGES BIZET,40530 LABENNE
LN01160018,ALLEE GEORGES BIZET,40530 LABENNE
LN01160019,ALLEE GEORGES BIZET,40530 LABENNE
LN01160020,ALLEE GEORGES BIZET,40530 LABENNE
LN01160021,ALLEE GEORGES BIZET,40530 LABENNE
LN01160022,ALLEE GEORGES BIZET,40530 LABENNE
LN01160023,ALLEE GEORGES BIZET,40530 LABENNE
LN01160024,ALLEE GEORGES BIZET,40530 LABENNE
LN02290101,2 RUE BELLOCQ,40530 LABENNE
LN02290102,2 RUE BELLOCQ,40530 LABENNE
LN02290103,2 RUE BELLOCQ,40530 LABENNE
LN02290104,2 RUE BELLOCQ,40530 LABENNE
LN02290115,2 RUE BELLOCQ,40530 LABENNE
LN02290116,2 RUE BELLOCQ,40530 LABENNE
LN02290117,2 RUE BELLOCQ,40530 LABENNE
LN02290118,2 RUE BELLOCQ,40530 LABENNE
LN02290129,2 RUE BELLOCQ,40530 LABENNE
LN02290201,2 RUE BELLOCQ,40530 LABENNE
LN02290202,2 RUE BELLOCQ,40530 LABENNE
LN02290203,2 RUE BELLOCQ,40530 LABENNE
LN02290204,2 RUE BELLOCQ,40530 LABENNE
LN02290205,2 RUE BELLOCQ,40530 LABENNE
LN02290216,2 RUE BELLOCQ,40530 LABENNE
LN02290217,2 RUE BELLOCQ,40530 LABENNE
LN02290218,2 RUE BELLOCQ,40530 LABENNE
LN02290219,2 RUE BELLOCQ,40530 LABENNE
LN02290301,2 RUE BELLOCQ,40530 LABENNE
LN02290302,2 RUE BELLOCQ,40530 LABENNE
LN02290303,2 RUE BELLOCQ,40530 LABENNE
LN02290314,2 RUE BELLOCQ,40530 LABENNE
LN02290315,2 RUE BELLOCQ,40530 LABENNE
LN02290316,2 RUE BELLOCQ,40530 LABENNE
LN02290327,2 RUE BELLOCQ,40530 LABENNE
LN02290328,2 RUE BELLOCQ,40530 LABENNE
LN02290329,2 RUE BELLOCQ,40530 LABENNE
LN02291210,2 RUE BELLOCQ,40530 LABENNE
LN02292210,2 RUE BELLOCQ,40530 LABENNE
LN03010001,3 ALLEE D'ALSACE,40530 LABENNE
LN03010002,3 ALLEE D'ALSACE,40530 LABENNE
LN03010009,3 ALLEE D'ALSACE,40530 LABENNE
LN03010010,3 ALLEE D'ALSACE,40530 LABENNE
LN04010001,10 AVENUE DE LA PLAGE,40530 LABENNE
LN04010002,10 AVENUE DE LA PLAGE,40530 LABENNE
LN04010003,10 AVENUE DE LA PLAGE,40530 LABENNE
LN04010004,10 AVENUE DE LA PLAGE,40530 LABENNE
LN04010101,10 AVENUE DE LA PLAGE,40530 LABENNE
LN04010102,10 AVENUE DE LA PLAGE,40530 LABENNE
LN04010104,10 AVENUE DE LA PLAGE,40530 LABENNE
LN04010105,10 AVENUE DE LA PLAGE,40530 LABENNE
LN04010106,10 AVENUE DE LA PLAGE,40530 LABENNE
LO01010001,1 HAMEAU DE FISLIES,40240 LOSSE
LO01010002,2 HAMEAU DE FISLIES,40240 LOSSE
LO01010003,3 HAMEAU DE FISLIES,40240 LOSSE
LO01010004,4 HAMEAU DE FISLIES,40240 LOSSE
LO01010005,5 HAMEAU DE FISLIES,40240 LOSSE
LO01010006,6 HAMEAU DE FISLIES,40240 LOSSE
LO01010007,7 HAMEAU DE FISLIES,40240 LOSSE
LO01010008,8 HAMEAU DE FISLIES,40240 LOSSE
LO01010009,9 HAMEAU DE FISLIES,40240 LOSSE
LO01010010,10 HAMEAU DE FISLIES,40240 LOSSE
LO01010011,11 HAMEAU DE FISLIES,40240 LOSSE
LO01010012,12 HAMEAU DE FISLIES,40240 LOSSE
LP01010001,314 RUE DES DUNES,40260 LESPERON
LP01010002,316 RUE DES DUNES,40260 LESPERON
LP01010003,51 ALLEE DES AJONCS,40260 LESPERON
LP01010004,256 RUE DES DUNES,40260 LESPERON
LP01010005,254 RUE DES DUNES,40260 LESPERON
LP01010006,56 ALLEE DES AJONCS,40260 LESPERON
LP01010007,54 ALLEE DES AJONCS,40260 LESPERON
LP01010008,226 RUE DES DUNES,40260 LESPERON
LP01010009,224 RUE DES DUNES,40260 LESPERON
LP01010010,128 RUE DES DUNES,40260 LESPERON
LP02010001,81 ALLEE DES GIROLLES,40260 LESPERON
LP02010002,79 ALLEE DES GIROLLES,40260 LESPERON
LP02010003,91 ALLEE DES GIROLLES,40260 LESPERON
LP03010001,180 RUE DES CHENES,40260 LESPERON
LP03010002,176 RUE DES CHENES,40260 LESPERON
LP03010003,170 RUE DES CHENES,40260 LESPERON
LP03010004,174 RUE DES CHENES,40260 LESPERON
LP04010001,31 ROUTE DES ASSOCIATIONS,40260 LESPERON
LP04010002,33 ROUTE DES ASSOCIATIONS,40260 LESPERON
LP04020003,35 ROUTE DES ASSOCIATIONS,40260 LESPERON
LP04020004,37 ROUTE DES ASSOCIATIONS,40260 LESPERON
LQ01010001,1 RUE DES MARRONNIERS,40465 LALUQUE
LQ01010002,2 RUE DES MARRONNIERS,40465 LALUQUE
LQ01010003,3 ALLEE DES ERABLES,40465 LALUQUE
LQ01010004,4 ALLEE DES ERABLES,40465 LALUQUE
LQ01010005,5 RUE DES MARRONNIERS,40465 LALUQUE
LQ01010006,6 RUE DES MARRONNIERS,40465 LALUQUE
LQ01010007,7 ALLEE DES ERABLES,40465 LALUQUE
LQ01010008,8 ALLEE DES ERABLES,40465 LALUQUE
LR01010001,17 IMPASSE DES GRIVES,40210 LABOUHEYRE
LR01010002,23 IMPASSE DES GRIVES,40210 LABOUHEYRE
LR01010003,31 IMPASSE DES GRIVES,40210 LABOUHEYRE
LR01010004,33 IMPASSE DES GRIVES,40210 LABOUHEYRE
LR01010005,39 IMPASSE DES GRIVES,40210 LABOUHEYRE
LR01010006,53 IMPASSE DES GRIVES,40210 LABOUHEYRE
LR01010007,56 IMPASSE DES GRIVES,40210 LABOUHEYRE
LR01010008,48 IMPASSE DES GRIVES,40210 LABOUHEYRE
LR01010009,331 RUE DES PALOMBES,40210 LABOUHEYRE
LR01010010,351 RUE DES PALOMBES,40210 LABOUHEYRE
LR01010011,381 RUE DES PALOMBES,40210 LABOUHEYRE
LR01010012,387 RUE DES PALOMBES,40210 LABOUHEYRE
LR01010013,399 RUE DES PALOMBES,40210 LABOUHEYRE
LR01010014,27 IMPASSE DES VANNEAUX,40210 LABOUHEYRE
LR01010015,43 IMPASSE DES VANNEAUX,40210 LABOUHEYRE
LR01010016,42 IMPASSE DES VANNEAUX,40210 LABOUHEYRE
LR01010017,26 IMPASSE DES VANNEAUX,40210 LABOUHEYRE
LR01010018,20 IMPASSE DES VANNEAUX,40210 LABOUHEYRE
LR01010019,102 IMPASSE DES ALOUETTES,40210 LABOUHEYRE
LR01010020,94 IMPASSE DES ALOUETTES,40210 LABOUHEYRE
LR01010021,92 IMPASSE DES ALOUETTES,40210 LABOUHEYRE
LR01010022,88 IMPASSE DES ALOUETTES,40210 LABOUHEYRE
LR01010023,84 IMPASSE DES ALOUETTES,40210 LABOUHEYRE
LR01010024,72 IMPASSE DES ALOUETTES,40210 LABOUHEYRE
LR01010025,60 IMPASSE DES ALOUETTES,40210 LABOUHEYRE
LR01010026,54 IMPASSE DES ALOUETTES,40210 LABOUHEYRE
LR01010027,50 IMPASSE DES ALOUETTES,40210 LABOUHEYRE
LR01010028,40 IMPASSE DES ALOUETTES,40210 LABOUHEYRE
LR01010029,26 IMPASSE DES ALOUETTES,40210 LABOUHEYRE
LR01010030,18 IMPASSE DES ALOUETTES,40210 LABOUHEYRE
LR01010031,80 IMPASSE DES RAMIERS,40210 LABOUHEYRE
LR01010032,78 IMPASSE DES RAMIERS,40210 LABOUHEYRE
LR01010033,72 IMPASSE DES RAMIERS,40210 LABOUHEYRE
LR01010034,70 IMPASSE DES RAMIERS,40210 LABOUHEYRE
LR01010035,56 IMPASSE DES RAMIERS,40210 LABOUHEYRE
LR01010036,50 IMPASSE DES RAMIERS,40210 LABOUHEYRE
LR01010037,48 IMPASSE DES RAMIERS,40210 LABOUHEYRE
LR01010038,44 IMPASSE DES RAMIERS,40210 LABOUHEYRE
LR01010039,28 IMPASSE DES RAMIERS,40210 LABOUHEYRE
LR01010040,20 IMPASSE DES RAMIERS,40210 LABOUHEYRE
LR02010001,827 RUE DU DOCTEUR MORISSON,40210 LABOUHEYRE
LR02010002,827 RUE DU DOCTEUR MORISSON,40210 LABOUHEYRE
LR02010003,827 RUE DU DOCTEUR MORISSON,40210 LABOUHEYRE
LR02010004,827 RUE DU DOCTEUR MORISSON,40210 LABOUHEYRE
LR02010005,827 RUE DU DOCTEUR MORISSON,40210 LABOUHEYRE
LR02010006,827 RUE DU DOCTEUR MORISSON,40210 LABOUHEYRE
LR02010007,827 RUE DU DOCTEUR MORISSON,40210 LABOUHEYRE
LR02010008,827 RUE DU DOCTEUR MORISSON,40210 LABOUHEYRE
LR02010009,827 RUE DU DOCTEUR MORISSON,40210 LABOUHEYRE
LR02010010,827 RUE DU DOCTEUR MORISSON,40210 LABOUHEYRE
LR02020001,853 RUE DU DOCTEUR MORISSON,40210 LABOUHEYRE
LR02020002,853 RUE DU DOCTEUR MORISSON,40210 LABOUHEYRE
LR02020003,853 RUE DU DOCTEUR MORISSON,40210 LABOUHEYRE
LR02020004,853 RUE DU DOCTEUR MORISSON,40210 LABOUHEYRE
LR02020005,853 RUE DU DOCTEUR MORISSON,40210 LABOUHEYRE
LR02020006,853 RUE DU DOCTEUR MORISSON,40210 LABOUHEYRE
LR02020007,853 RUE DU DOCTEUR MORISSON,40210 LABOUHEYRE
LR02020008,853 RUE DU DOCTEUR MORISSON,40210 LABOUHEYRE
LR02020009,853 RUE DU DOCTEUR MORISSON,40210 LABOUHEYRE
LR02020010,853 RUE DU DOCTEUR MORISSON,40210 LABOUHEYRE
LR03010001,1557 RUE DE LA GRANDE LANDE,40210 LABOUHEYRE
LR03010002,1551 RUE DE LA GRANDE LANDE,40210 LABOUHEYRE
LR03010003,1529 RUE DE LA GRANDE LANDE,40210 LABOUHEYRE
LR03010004,1525 RUE DE LA GRANDE LANDE,40210 LABOUHEYRE
LR03010005,26 RUE PIERRE DE COUBERTIN,40210 LABOUHEYRE
LR03010006,32 RUE PIERRE DE COUBERTIN,40210 LABOUHEYRE
LR03010007,52 RUE PIERRE DE COUBERTIN,40210 LABOUHEYRE
LR03010008,56 RUE PIERRE DE COUBERTIN,40210 LABOUHEYRE
LR03010009,126 RUE PIERRE DE COUBERTIN,40210 LABOUHEYRE
LR03010010,132 RUE PIERRE DE COUBERTIN,40210 LABOUHEYRE
LR03010011,152 RUE PIERRE DE COUBERTIN,40210 LABOUHEYRE
LR03010012,156 RUE PIERRE DE COUBERTIN,40210 LABOUHEYRE
LR03010014,137 RUE PIERRE DE COUBERTIN,40210 LABOUHEYRE
LR03010015,117 RUE PIERRE DE COUBERTIN,40210 LABOUHEYRE
LR03010016,107 RUE PIERRE DE COUBERTIN,40210 LABOUHEYRE
LR03010017,18 IMPASSE ROLAND GARROS,40210 LABOUHEYRE
LR03010018,26 IMPASSE ROLAND GARROS,40210 LABOUHEYRE
LR03010019,44 IMPASSE ROLAND GARROS,40210 LABOUHEYRE
LR03010020,50 IMPASSE ROLAND GARROS,40210 LABOUHEYRE
LR03010021,64 RUE LEO LAGRANGE,40210 LABOUHEYRE
LR03010022,74 RUE LEO LAGRANGE,40210 LABOUHEYRE
LR03010023,94 RUE LEO LAGRANGE,40210 LABOUHEYRE
LR03010024,100 RUE LEO LAGRANGE,40210 LABOUHEYRE
LR03010025,115 RUE LEO LAGRANGE,40210 LABOUHEYRE
LR03010026,105 RUE LEO LAGRANGE,40210 LABOUHEYRE
LR03010027,89 RUE LEO LAGRANGE,40210 LABOUHEYRE
LR03010028,79 RUE LEO LAGRANGE,40210 LABOUHEYRE
LR03010029,47 RUE LEO LAGRANGE,40210 LABOUHEYRE
LR03010030,41 RUE LEO LAGRANGE,40210 LABOUHEYRE
LR03010031,21 RUE LEO LAGRANGE,40210 LABOUHEYRE
LR03010032,15 RUE LEO LAGRANGE,40210 LABOUHEYRE
LR03010033,1449 RUE DE LA GRANDE LANDE,40210 LABOUHEYRE
LR03010034,1445 RUE DE LA GRANDE LANDE,40210 LABOUHEYRE
LR03010035,1425 RUE DE LA GRANDE LANDE,40210 LABOUHEYRE
LR03010036,1419 RUE DE LA GRANDE LANDE,40210 LABOUHEYRE
LR03010037,1387 RUE DE LA GRANDE LANDE,40210 LABOUHEYRE
LR03010038,1383 RUE DE LA GRANDE LANDE,40210 LABOUHEYRE
LR03010039,1361 RUE DE LA GRANDE LANDE,40210 LABOUHEYRE
LR03010040,1357 RUE DE LA GRANDE LANDE,40210 LABOUHEYRE
LR04010001,43 IMPASSE CHARLES DESPIAU,40210 LABOUHEYRE
LR04010002,45 IMPASSE CHARLES DESPIAU,40210 LABOUHEYRE
LR04010003,53 IMPASSE CHARLES DESPIAU,40210 LABOUHEYRE
LR04010004,55 IMPASSE CHARLES DESPIAU,40210 LABOUHEYRE
LR04010005,57 IMPASSE CHARLES DESPIAU,40210 LABOUHEYRE
LR04010006,52 IMPASSE CHARLES DESPIAU,40210 LABOUHEYRE
LR04010007,50 IMPASSE CHARLES DESPIAU,40210 LABOUHEYRE
LR04010008,46 IMPASSE CHARLES DESPIAU,40210 LABOUHEYRE
LR04010009,24 IMPASSE CHARLES DESPIAU,40210 LABOUHEYRE
LR04010010,22 IMPASSE CHARLES DESPIAU,40210 LABOUHEYRE
LR04010011,150 RUE GUIRAUTON,40210 LABOUHEYRE
LR04010012,148 RUE GUIRAUTON,40210 LABOUHEYRE
LR04010013,146 RUE GUIRAUTON,40210 LABOUHEYRE
LR04010014,144 RUE GUIRAUTON,40210 LABOUHEYRE
LR04010015,128 RUE GUIRAUTON,40210 LABOUHEYRE
LR04010016,126 RUE GUIRAUTON,40210 LABOUHEYRE
LR04010017,124 RUE GUIRAUTON,40210 LABOUHEYRE
LR04010018,122 RUE GUIRAUTON,40210 LABOUHEYRE
LR05010001,76 RUE DE LA GUILLAUMATTE,40210 LABOUHEYRE
LR05010002,62 RUE DE LA GUILLAUMATTE,40210 LABOUHEYRE
LR05010003,16 IMPASSE DE LA GUILLAUMATTE,40210 LABOUHEYRE
LR05010004,34 IMPASSE DE LA GUILLAUMATTE,40210 LABOUHEYRE
LR05010005,44 IMPASSE DE LA GUILLAUMATTE,40210 LABOUHEYRE
LR05010006,52 IMPASSE DE LA GUILLAUMATTE,40210 LABOUHEYRE
LR05010007,54 IMPASSE DE LA GUILLAUMATTE,40210 LABOUHEYRE
LR05010008,58 IMPASSE DE LA GUILLAUMATTE,40210 LABOUHEYRE
LR05010009,60 IMPASSE DE LA GUILLAUMATTE,40210 LABOUHEYRE
LR05010010,72 IMPASSE DE LA GUILLAUMATTE,40210 LABOUHEYRE
LR05010011,119 IMPASSE DE LA GUILLAUMATTE,40210 LABOUHEYRE
LR05010012,111 IMPASSE DE LA GUILLAUMATTE,40210 LABOUHEYRE
LR05010013,101 IMPASSE DE LA GUILLAUMATTE,40210 LABOUHEYRE
LR05010014,95 IMPASSE DE LA GUILLAUMATTE,40210 LABOUHEYRE
LR05010015,77 IMPASSE DE LA GUILLAUMATTE,40210 LABOUHEYRE
LR05010016,61 IMPASSE DE LA GUILLAUMATTE,40210 LABOUHEYRE
LR06010001,360 RUE DES ECOLES,40210 LABOUHEYRE
LR06010002,360 RUE DES ECOLES,40210 LABOUHEYRE
LR06010003,360 RUE DES ECOLES,40210 LABOUHEYRE
LR06010004,360 RUE DES ECOLES,40210 LABOUHEYRE
LR06010005,360 RUE DES ECOLES,40210 LABOUHEYRE
LR06010006,360 RUE DES ECOLES,40210 LABOUHEYRE
LR07010001,196 RUE DES CHEVREUILS,40210 LABOUHEYRE
LR07010002,176 RUE DES CHEVREUILS,40210 LABOUHEYRE
LR07010003,170 RUE DES CHEVREUILS,40210 LABOUHEYRE
LR07010004,152 RUE DES CHEVREUILS,40210 LABOUHEYRE
LR07010005,61 RUE DU CERF,40210 LABOUHEYRE
LR07010006,51 RUE DU CERF,40210 LABOUHEYRE
LR07010007,39 RUE DU CERF,40210 LABOUHEYRE
LR07010008,23 RUE DU CERF,40210 LABOUHEYRE
LR08010001,47 RUE DU PIN FRANC,40210 LABOUHEYRE
LR08010002,49 RUE DU PIN FRANC,40210 LABOUHEYRE
LR08010003,59 RUE JEAN CHARLES DE BORDA,40210 LABOUHEYRE
LR08010004,279 RUE JEAN D'ARCET,40210 LABOUHEYRE
LR08010005,287 RUE JEAN D'ARCET,40210 LABOUHEYRE
LR08010006,233 RUE DU PIN FRANC,40210 LABOUHEYRE
LR08010007,243 RUE DU PIN FRANC,40210 LABOUHEYRE
LR08010008,114 RUE FERDINAND BERNEDE,40210 LABOUHEYRE
LR09010001,288 RUE DES MAGNOLIAS,40210 LABOUHEYRE
LR09010002,282 RUE DES MAGNOLIAS,40210 LABOUHEYRE
LR09010003,286 RUE DES MAGNOLIAS,40210 LABOUHEYRE
LR09010004,284 RUE DES MAGNOLIAS,40210 LABOUHEYRE
LR10010001,223 RUE DES MARCASSINS,40210 LABOUHEYRE
LR10010002,225 RUE DES MARCASSINS,40210 LABOUHEYRE
LR10010003,227 RUE DES MARCASSINS,40210 LABOUHEYRE
LR10010004,229 RUE DES MARCASSINS,40210 LABOUHEYRE
LR10020005,46 RUE DES FURETS,40210 LABOUHEYRE
LR10020006,44 RUE DES FURETS,40210 LABOUHEYRE
LR10020007,42 RUE DES FURETS,40210 LABOUHEYRE
LR10020008,40 RUE DES FURETS,40210 LABOUHEYRE
LR11010001,142 RUE DES FURETS,40210 LABOUHEYRE
LS01010001,21 ALLEE DES CHENES,40420 LE SEN
LS01010002,47 ALLEE DES CHENES,40420 LE SEN
LS01010003,46 ALLEE DES CHENES,40420 LE SEN
LS01010004,16 ALLEE DES CHENES,40420 LE SEN
LS02010001,73 ALLEE DES CHENES,40420 LE SEN
LS02010002,93 ALLEE DES CHENES,40420 LE SEN
LS02010003,99 ALLEE DES CHENES,40420 LE SEN
LS02010004,105 ALLEE DES CHENES,40420 LE SEN
LS02010005,107 ALLEE DES CHENES,40420 LE SEN
LT01010001,8 RUE DES ALBIZZIAS,40410 LIPOSTHEY
LT01010002,12 RUE DES ALBIZZIAS,40410 LIPOSTHEY
LT01010003,38 RUE DES ALBIZZIAS,40410 LIPOSTHEY
LT01010004,42 RUE DES ALBIZZIAS,40410 LIPOSTHEY
LT01010005,64 RUE DES ALBIZZIAS,40410 LIPOSTHEY
LT01010006,68 RUE DES ALBIZZIAS,40410 LIPOSTHEY
LT02010001,19 PLACE DES HIRONDELLES,40410 LIPOSTHEY
LT02010002,29 PLACE DES HIRONDELLES,40410 LIPOSTHEY
LT02010003,31 PLACE DES HIRONDELLES,40410 LIPOSTHEY
LT02010004,32 PLACE DES HIRONDELLES,40410 LIPOSTHEY
LT02010005,30 PLACE DES HIRONDELLES,40410 LIPOSTHEY
LU01010003,3 PLACE DU DOCTEUR HARRIBEY,40210 LUE
LU01010004,4 PLACE DU DOCTEUR HARRIBEY,40210 LUE
LX01010002,18 ROND POINT DES ECUREUILS,40260 LINXE
LX01010003,16 ROND POINT DES ECUREUILS,40260 LINXE
LX01010004,14 ROND POINT DES ECUREUILS,40260 LINXE
LX01010005,12 ROND POINT DES ECUREUILS,40260 LINXE
LX01010006,10 ROND POINT DES ECUREUILS,40260 LINXE
LX01010008,6 ROND POINT DES ECUREUILS,40260 LINXE
LX01010009,4 ROND POINT DES ECUREUILS,40260 LINXE
LX01010010,2 ROND POINT DES ECUREUILS,40260 LINXE
LX02010001,1 CITE ALEXIS LALOI,40260 LINXE
LX02010002,3 CITE ALEXIS LALOI,40260 LINXE
LX02010003,5 CITE ALEXIS LALOI,40260 LINXE
LX02010004,7 CITE ALEXIS LALOI,40260 LINXE
LX02010005,9 CITE ALEXIS LALOI,40260 LINXE
LX02010006,11 CITE ALEXIS LALOI,40260 LINXE
LX03010001,20 RUE DES MORILLES,40260 LINXE
LX03010002,24 RUE DES MORILLES,40260 LINXE
LX03010003,22 RUE DES MORILLES,40260 LINXE
LX03010004,26 RUE DES MORILLES,40260 LINXE
LX03010005,16 RUE DES MORILLES,40260 LINXE
LX03010006,12 RUE DES MORILLES,40260 LINXE
LX03010007,18 RUE DES MORILLES,40260 LINXE
LX03010008,14 RUE DES MORILLES,40260 LINXE
LX04010001,2D RUE DE LA PALINETA,40260 LINXE
LX04010002,2C RUE DE LA PALINETA,40260 LINXE
LX04010003,2B RUE DE LA PALINETA,40260 LINXE
LX04010004,2A RUE DE LA PALINETA,40260 LINXE
LX04010005,1 IMPASSE DEU BARCO,40260 LINXE
LX04010006,3 IMPASSE DEU BARCO,40260 LINXE
LX04010007,8 IMPASSE DEU BARCO,40260 LINXE
LX04010008,6 IMPASSE DEU BARCO,40260 LINXE
LX04010009,4 IMPASSE DEU BARCO,40260 LINXE
LX04010010,2 IMPASSE DEU BARCO,40260 LINXE
LX05010001,10 IMPASSE DEU BARCO,40260 LINXE
LX05010002,12 IMPASSE DEU BARCO,40260 LINXE
LX05010003,14 IMPASSE DEU BARCO,40260 LINXE
LX05010004,16 IMPASSE DEU BARCO,40260 LINXE
LX05010005,18 IMPASSE DEU BARCO,40260 LINXE
LX05010006,20 IMPASSE DEU BARCO,40260 LINXE
LX05010007,22 IMPASSE DEU BARCO,40260 LINXE
LX05010008,24 IMPASSE DEU BARCO,40260 LINXE
LX05010009,5 IMPASSE DEU BARCO,40260 LINXE
LX05010010,7 IMPASSE DEU BARCO,40260 LINXE
LY01010001,4 RUE DE L'AHOUNTIQUE,40430 LUXEY
LY01010002,6 RUE DE L'AHOUNTIQUE,40430 LUXEY
LY01010003,8 RUE DE L'AHOUNTIQUE,40430 LUXEY
LY01010004,10 RUE DE L'AHOUNTIQUE,40430 LUXEY
LY01010005,12 RUE DE L'AHOUNTIQUE,40430 LUXEY
LY01010006,2 RUE DU DOCTEUR HENRI FERBOS,40430 LUXEY
LY02010001,2 IMPASSE PAULA LAOUE,40430 LUXEY
LY02010002,4 IMPASSE PAULA LAOUE,40430 LUXEY
LY02010003,6 IMPASSE PAULA LAOUE,40430 LUXEY
LY03010001,55 RUE BLANCHE BARON,40430 LUXEY
LY03010002,67 RUE BLANCHE BARON,40430 LUXEY
LY03010004,79 RUE BLANCHE BARON,40430 LUXEY
LY03010005,81 RUE BLANCHE BARON,40430 LUXEY
LY03010007,87 RUE BLANCHE BARON,40430 LUXEY
MA01010001,LE BOURG,40120 MAILLAS
MA01010002,LE BOURG,40120 MAILLAS
MA01010003,LE BOURG,40120 MAILLAS
MA01010004,LE BOURG,40120 MAILLAS
MA01010005,LE BOURG,40120 MAILLAS
MB01010001,208 RUE DE LA POSTE,40350 MIMBASTE
MB01010002,208 RUE DE LA POSTE,40350 MIMBASTE
MB01010003,208 RUE DE LA POSTE,40350 MIMBASTE
MB01010004,208 RUE DE LA POSTE,40350 MIMBASTE
MB01010005,208 RUE DE LA POSTE,40350 MIMBASTE
MB01010006,208 RUE DE LA POSTE,40350 MIMBASTE
MB01010007,208 RUE DE LA POSTE,40350 MIMBASTE
MB01010008,208 RUE DE LA POSTE,40350 MIMBASTE
MC01010001,97 ALLEE DE DORADE,40380 MONTFORT-EN-CHALOSSE
MC01010002,99 ALLEE DE DORADE,40380 MONTFORT-EN-CHALOSSE
MC01010003,103 ALLEE DE DORADE,40380 MONTFORT-EN-CHALOSSE
MC01010004,105 ALLEE DE DORADE,40380 MONTFORT-EN-CHALOSSE
MC01010005,115 ALLEE DE DORADE,40380 MONTFORT-EN-CHALOSSE
MC01010006,117 ALLEE DE DORADE,40380 MONTFORT-EN-CHALOSSE
MC01010007,170 ALLEE DE DORADE,40380 MONTFORT-EN-CHALOSSE
MC01010008,168 ALLEE DE DORADE,40380 MONTFORT-EN-CHALOSSE
MC01010009,166 ALLEE DE DORADE,40380 MONTFORT-EN-CHALOSSE
MC01010010,164 ALLEE DE DORADE,40380 MONTFORT-EN-CHALOSSE
MC02010001,86 RUE DE VERDUN,40380 MONTFORT-EN-CHALOSSE
MC02010002,82 RUE DE VERDUN,40380 MONTFORT-EN-CHALOSSE
MC02010003,72 RUE DE VERDUN,40380 MONTFORT-EN-CHALOSSE
MC02010004,20 RUE DE LA PAIX,40380 MONTFORT-EN-CHALOSSE
MD01010001,40 ROUTE DE LOUBERE,40090 SAINT-MARTIN-D'ONEY
MD01010002,42 ROUTE DE LOUBERE,40090 SAINT-MARTIN-D'ONEY
MD01010003,44 ROUTE DE LOUBERE,40090 SAINT-MARTIN-D'ONEY
MD01010004,46 ROUTE DE LOUBERE,40090 SAINT-MARTIN-D'ONEY
MD01010005,48 ROUTE DE LOUBERE,40090 SAINT-MARTIN-D'ONEY
MD01010006,50 ROUTE DE LOUBERE,40090 SAINT-MARTIN-D'ONEY
MD02010001,31 IMPASSE DU STADE,40090 SAINT-MARTIN-D'ONEY
MD02010002,33 IMPASSE DU STADE,40090 SAINT-MARTIN-D'ONEY
MD02010003,35 IMPASSE DU STADE,40090 SAINT-MARTIN-D'ONEY
MD02010004,37 IMPASSE DU STADE,40090 SAINT-MARTIN-D'ONEY
MD03010001,20 RUE QUITTERIE,40090 SAINT-MARTIN-D'ONEY
MD03010002,18 RUE QUITTERIE,40090 SAINT-MARTIN-D'ONEY
MD03010003,16 RUE QUITTERIE,40090 SAINT-MARTIN-D'ONEY
MD03020004,14 RUE QUITTERIE,40090 SAINT-MARTIN-D'ONEY
MD03020005,12 RUE QUITTERIE,40090 SAINT-MARTIN-D'ONEY
MD03020006,10 RUE QUITTERIE,40090 SAINT-MARTIN-D'ONEY
MD03020007,8 RUE QUITTERIE,40090 SAINT-MARTIN-D'ONEY
MD03030008,6 RUE QUITTERIE,40090 SAINT-MARTIN-D'ONEY
MD03030009,4 RUE QUITTERIE,40090 SAINT-MARTIN-D'ONEY
MD03030010,2 RUE QUITTERIE,40090 SAINT-MARTIN-D'ONEY
ME01160001,91 AVENUE DE MATALIN,40990 MEES
ME01160002,91 AVENUE DE MATALIN,40990 MEES
ME01160003,91 AVENUE DE MATALIN,40990 MEES
ME01160004,91 AVENUE DE MATALIN,40990 MEES
ME01160005,91 AVENUE DE MATALIN,40990 MEES
ME01160006,91 AVENUE DE MATALIN,40990 MEES
ME01160007,91 AVENUE DE MATALIN,40990 MEES
ME01160008,91 AVENUE DE MATALIN,40990 MEES
ME01160009,91 AVENUE DE MATALIN,40990 MEES
ME01160010,91 AVENUE DE MATALIN,40990 MEES
ME01160011,91 AVENUE DE MATALIN,40990 MEES
ME01160012,91 AVENUE DE MATALIN,40990 MEES
ME01160013,91 AVENUE DE MATALIN,40990 MEES
ME01160014,91 AVENUE DE MATALIN,40990 MEES
ME01160015,91 AVENUE DE MATALIN,40990 MEES
ME01160016,91 AVENUE DE MATALIN,40990 MEES
MF01010001,1 IMPASSE DU MARSAN,40090 MAZEROLLES
MF01010002,1 IMPASSE DU MARSAN,40090 MAZEROLLES
MF01010003,1 IMPASSE DU MARSAN,40090 MAZEROLLES
MF01010004,1 IMPASSE DU MARSAN,40090 MAZEROLLES
MF02010001,7 RUE DES CHARMES,40090 MAZEROLLES
MF02010002,7 RUE DES CHARMES,40090 MAZEROLLES
MF02010003,7 RUE DES CHARMES,40090 MAZEROLLES
MF02010004,7 RUE DES CHARMES,40090 MAZEROLLES
MF02010005,7 RUE DES CHARMES,40090 MAZEROLLES
MF02010006,7 RUE DES CHARMES,40090 MAZEROLLES
MF02010007,7 RUE DES CHARMES,40090 MAZEROLLES
MF02010008,7 RUE DES CHARMES,40090 MAZEROLLES
MF02010009,7 RUE DES CHARMES,40090 MAZEROLLES
MF02010010,7 RUE DES CHARMES,40090 MAZEROLLES
MF02010011,7 RUE DES CHARMES,40090 MAZEROLLES
MF02010012,7 RUE DES CHARMES,40090 MAZEROLLES
MF02010013,7 RUE DES CHARMES,40090 MAZEROLLES
MF02010014,7 RUE DES CHARMES,40090 MAZEROLLES
MG01010001,80 RUE JACQUES BREL,40140 MAGESCQ
MG01010002,80 RUE JACQUES BREL,40140 MAGESCQ
MG01010003,80 RUE JACQUES BREL,40140 MAGESCQ
MG01010004,80 RUE JACQUES BREL,40140 MAGESCQ
MG01010005,80 RUE JACQUES BREL,40140 MAGESCQ
MG01010006,80 RUE JACQUES BREL,40140 MAGESCQ
MG01010007,80 RUE JACQUES BREL,40140 MAGESCQ
MG01010008,80 RUE JACQUES BREL,40140 MAGESCQ
MG01020001,101 RUE DE LA GARE,40140 MAGESCQ
MG01020002,101 RUE DE LA GARE,40140 MAGESCQ
MG01020003,101 RUE DE LA GARE,40140 MAGESCQ
MG01020004,101 RUE DE LA GARE,40140 MAGESCQ
MG01020005,101 RUE DE LA GARE,40140 MAGESCQ
MG01020006,101 RUE DE LA GARE,40140 MAGESCQ
MG01020007,101 RUE DE LA GARE,40140 MAGESCQ
MG01020008,101 RUE DE LA GARE,40140 MAGESCQ
MG02010001,2 IMPASSE DES ALOUETTES,40140 MAGESCQ
MG02010002,2 IMPASSE DES ALOUETTES,40140 MAGESCQ
MG02010003,2 IMPASSE DES ALOUETTES,40140 MAGESCQ
MG02010004,2 IMPASSE DES ALOUETTES,40140 MAGESCQ
MG02010005,2 IMPASSE DES ALOUETTES,40140 MAGESCQ
MG02010006,2 IMPASSE DES ALOUETTES,40140 MAGESCQ
MG02010007,2 IMPASSE DES ALOUETTES,40140 MAGESCQ
MG02010008,2 IMPASSE DES ALOUETTES,40140 MAGESCQ
MG02010009,2 IMPASSE DES ALOUETTES,40140 MAGESCQ
MG02010010,2 IMPASSE DES ALOUETTES,40140 MAGESCQ
MG02020001,1 IMPASSE DES ALOUETTES,40140 MAGESCQ
MG02020002,3 IMPASSE DES ALOUETTES,40140 MAGESCQ
MG02030001,5 IMPASSE DES ALOUETTES,40140 MAGESCQ
MG02030002,7 IMPASSE DES ALOUETTES,40140 MAGESCQ
MG02040001,2 IMPASSE DES ORTOLANS,40140 MAGESCQ
MG02040002,4 IMPASSE DES ORTOLANS,40140 MAGESCQ
MG02050001,1 IMPASSE DES ORTOLANS,40140 MAGESCQ
MG02050002,3 IMPASSE DES ORTOLANS,40140 MAGESCQ
MG02060001,5 IMPASSE DES ORTOLANS,40140 MAGESCQ
MG02060002,7 IMPASSE DES ORTOLANS,40140 MAGESCQ
MH01010001,RESIDENCE L'ESCUDERIE,40400 MEILHAN
MH01010002,RESIDENCE L'ESCUDERIE,40400 MEILHAN
MH01010003,RESIDENCE L'ESCUDERIE,40400 MEILHAN
MH01010004,RESIDENCE L'ESCUDERIE,40400 MEILHAN
MH01010005,RESIDENCE L'ESCUDERIE,40400 MEILHAN
MH01010006,RESIDENCE L'ESCUDERIE,40400 MEILHAN
MH01010007,RESIDENCE L'ESCUDERIE,40400 MEILHAN
MH01010008,RESIDENCE L'ESCUDERIE,40400 MEILHAN
MI01010101,ALLEE DU RAZ RES CARQUEBIN,40200 MIMIZAN
MI01010102,ALLEE DU RAZ RES CARQUEBIN,40200 MIMIZAN
MI01010103,ALLEE DU RAZ RES CARQUEBIN,40200 MIMIZAN
MI01010104,ALLEE DU RAZ RES CARQUEBIN,40200 MIMIZAN
MI01010105,ALLEE DU RAZ RES CARQUEBIN,40200 MIMIZAN
MI01010106,ALLEE DU RAZ RES CARQUEBIN,40200 MIMIZAN
MI01010107,ALLEE DU RAZ RES CARQUEBIN,40200 MIMIZAN
MI01010108,ALLEE DU RAZ RES CARQUEBIN,40200 MIMIZAN
MI01010109,ALLEE DU RAZ RES CARQUEBIN,40200 MIMIZAN
MI01010110,ALLEE DU RAZ RES CARQUEBIN,40200 MIMIZAN
MI01020201,ALLEE DU RAZ RES CARQUEBIN,40200 MIMIZAN
MI01020202,ALLEE DU RAZ RES CARQUEBIN,40200 MIMIZAN
MI01020203,ALLEE DU RAZ RES CARQUEBIN,40200 MIMIZAN
MI01020204,ALLEE DU RAZ RES CARQUEBIN,40200 MIMIZAN
MI01020205,ALLEE DU RAZ RES CARQUEBIN,40200 MIMIZAN
MI01020206,ALLEE DU RAZ RES CARQUEBIN,40200 MIMIZAN
MI01020207,ALLEE DU RAZ RES CARQUEBIN,40200 MIMIZAN
MI01020208,ALLEE DU RAZ RES CARQUEBIN,40200 MIMIZAN
MI01020209,ALLEE DU RAZ RES CARQUEBIN,40200 MIMIZAN
MI01020210,ALLEE DU RAZ RES CARQUEBIN,40200 MIMIZAN
MI02050051,9 RUE D'OLD ORCHARD,40200 MIMIZAN
MI02050052,9 RUE D'OLD ORCHARD,40200 MIMIZAN
MI02050053,9 RUE D'OLD ORCHARD,40200 MIMIZAN
MI02050054,9 RUE D'OLD ORCHARD,40200 MIMIZAN
MI02060061,5 ALLEE DE L'OISEAU CANARI,40200 MIMIZAN
MI02060062,5 ALLEE DE L'OISEAU CANARI,40200 MIMIZAN
MI02060063,5 ALLEE DE L'OISEAU CANARI,40200 MIMIZAN
MI02060064,5 ALLEE DE L'OISEAU CANARI,40200 MIMIZAN
MI02070071,6 ALLEE DE L'OISEAU CANARI,40200 MIMIZAN
MI02070072,6 ALLEE DE L'OISEAU CANARI,40200 MIMIZAN
MI02070073,6 ALLEE DE L'OISEAU CANARI,40200 MIMIZAN
MI02070074,6 ALLEE DE L'OISEAU CANARI,40200 MIMIZAN
MI03120008,8 RUE D'OLD ORCHARD,40200 MIMIZAN
MI03120010,10 RUE D'OLD ORCHARD,40200 MIMIZAN
MI03120012,12 RUE D'OLD ORCHARD,40200 MIMIZAN
MI03120016,16 RUE D'OLD ORCHARD,40200 MIMIZAN
MI03120018,18 RUE D'OLD ORCHARD,40200 MIMIZAN
MI03120208,8 BIS RUE D'OLD ORCHARD,40200 MIMIZAN
MI03120210,10 BIS RUE D'OLD ORCHARD,40200 MIMIZAN
MI03120212,12 BIS RUE D'OLD ORCHARD,40200 MIMIZAN
MI03120214,14 BIS RUE D'OLD ORCHARD,40200 MIMIZAN
MI03120216,16 BIS RUE D'OLD ORCHARD,40200 MIMIZAN
MI03120218,18 BIS RUE D'OLD ORCHARD,40200 MIMIZAN
MI04010010,15 RUE DU BOURG NEUF,40200 MIMIZAN
MI04010011,15 RUE DU BOURG NEUF,40200 MIMIZAN
MI04010012,15 RUE DU BOURG NEUF,40200 MIMIZAN
MI04010013,15 RUE DU BOURG NEUF,40200 MIMIZAN
MI04010014,15 RUE DU BOURG NEUF,40200 MIMIZAN
MI04010015,15 RUE DU BOURG NEUF,40200 MIMIZAN
MI04010016,15 RUE DU BOURG NEUF,40200 MIMIZAN
MI04010017,15 RUE DU BOURG NEUF,40200 MIMIZAN
MI04010018,15 RUE DU BOURG NEUF,40200 MIMIZAN
MI04010019,15 RUE DU BOURG NEUF,40200 MIMIZAN
MI04020001,26 AVENUE DE BAYONNE,40200 MIMIZAN
MI04020002,26 AVENUE DE BAYONNE,40200 MIMIZAN
MI04020003,26 AVENUE DE BAYONNE,40200 MIMIZAN
MI04020004,26 AVENUE DE BAYONNE,40200 MIMIZAN
MI04020005,26 AVENUE DE BAYONNE,40200 MIMIZAN
MI04020006,26 AVENUE DE BAYONNE,40200 MIMIZAN
MI04020007,26 AVENUE DE BAYONNE,40200 MIMIZAN
MI04020008,26 AVENUE DE BAYONNE,40200 MIMIZAN
MI04020009,26 AVENUE DE BAYONNE,40200 MIMIZAN
MI05010011,62 BIS AVENUE DE VIGON,40200 MIMIZAN
MI05010012,62 BIS AVENUE DE VIGON,40200 MIMIZAN
MI05010013,62 BIS AVENUE DE VIGON,40200 MIMIZAN
MI05010014,62 BIS AVENUE DE VIGON,40200 MIMIZAN
MI05010015,62 BIS AVENUE DE VIGON,40200 MIMIZAN
MI05010016,62 BIS AVENUE DE VIGON,40200 MIMIZAN
MI05010021,62 BIS AVENUE DE VIGON,40200 MIMIZAN
MI05010022,62 BIS AVENUE DE VIGON,40200 MIMIZAN
MI05010023,62 BIS AVENUE DE VIGON,40200 MIMIZAN
MI05010024,62 BIS AVENUE DE VIGON,40200 MIMIZAN
MI05010025,62 BIS AVENUE DE VIGON,40200 MIMIZAN
MI05010026,62 BIS AVENUE DE VIGON,40200 MIMIZAN
MI05010031,62 BIS AVENUE DE VIGON,40200 MIMIZAN
MI05010032,62 BIS AVENUE DE VIGON,40200 MIMIZAN
MI05010033,62 BIS AVENUE DE VIGON,40200 MIMIZAN
MI05010034,62 BIS AVENUE DE VIGON,40200 MIMIZAN
MI05010035,62 BIS AVENUE DE VIGON,40200 MIMIZAN
MI05010036,62 BIS AVENUE DE VIGON,40200 MIMIZAN
MI05010041,62 BIS AVENUE DE VIGON,40200 MIMIZAN
MI05010042,62 BIS AVENUE DE VIGON,40200 MIMIZAN
MI05010043,62 BIS AVENUE DE VIGON,40200 MIMIZAN
MI05010044,62 BIS AVENUE DE VIGON,40200 MIMIZAN
MI05010045,62 BIS AVENUE DE VIGON,40200 MIMIZAN
MI05010046,62 BIS AVENUE DE VIGON,40200 MIMIZAN
MI05020011,62 BIS AVENUE DE VIGON,40200 MIMIZAN
MI05020012,62 BIS AVENUE DE VIGON,40200 MIMIZAN
MI05020013,62 BIS AVENUE DE VIGON,40200 MIMIZAN
MI05020014,62 BIS AVENUE DE VIGON,40200 MIMIZAN
MI05020021,62 BIS AVENUE DE VIGON,40200 MIMIZAN
MI05020022,62 BIS AVENUE DE VIGON,40200 MIMIZAN
MI05020023,62 BIS AVENUE DE VIGON,40200 MIMIZAN
MI05020024,62 BIS AVENUE DE VIGON,40200 MIMIZAN
MI05020031,62 BIS AVENUE DE VIGON,40200 MIMIZAN
MI05020032,62 BIS AVENUE DE VIGON,40200 MIMIZAN
MI05020033,62 BIS AVENUE DE VIGON,40200 MIMIZAN
MI05020034,62 BIS AVENUE DE VIGON,40200 MIMIZAN
MI05020041,62 BIS AVENUE DE VIGON,40200 MIMIZAN
MI05020042,62 BIS AVENUE DE VIGON,40200 MIMIZAN
MI05020043,62 BIS AVENUE DE VIGON,40200 MIMIZAN
MI05020044,62 BIS AVENUE DE VIGON,40200 MIMIZAN
MI05030011,62 BIS AVENUE DE VIGON,40200 MIMIZAN
MI05030012,62 BIS AVENUE DE VIGON,40200 MIMIZAN
MI05030013,62 BIS AVENUE DE VIGON,40200 MIMIZAN
MI05030014,62 BIS AVENUE DE VIGON,40200 MIMIZAN
MI05030015,62 BIS AVENUE DE VIGON,40200 MIMIZAN
MI05030016,62 BIS AVENUE DE VIGON,40200 MIMIZAN
MI05030017,62 BIS AVENUE DE VIGON,40200 MIMIZAN
MI05030018,62 BIS AVENUE DE VIGON,40200 MIMIZAN
MI05030021,62 BIS AVENUE DE VIGON,40200 MIMIZAN
MI05030022,62 BIS AVENUE DE VIGON,40200 MIMIZAN
MI05030023,62 BIS AVENUE DE VIGON,40200 MIMIZAN
MI05030024,62 BIS AVENUE DE VIGON,40200 MIMIZAN
MI05030025,62 BIS AVENUE DE VIGON,40200 MIMIZAN
MI05030026,62 BIS AVENUE DE VIGON,40200 MIMIZAN
MI05030027,62 BIS AVENUE DE VIGON,40200 MIMIZAN
MI05030028,62 BIS AVENUE DE VIGON,40200 MIMIZAN
MI05030031,62 BIS AVENUE DE VIGON,40200 MIMIZAN
MI05030032,62 BIS AVENUE DE VIGON,40200 MIMIZAN
MI05030033,62 BIS AVENUE DE VIGON,40200 MIMIZAN
MI05030034,62 BIS AVENUE DE VIGON,40200 MIMIZAN
MI05030035,62 BIS AVENUE DE VIGON,40200 MIMIZAN
MI05030036,62 BIS AVENUE DE VIGON,40200 MIMIZAN
MI05030037,62 BIS AVENUE DE VIGON,40200 MIMIZAN
MI05030038,62 BIS AVENUE DE VIGON,40200 MIMIZAN
MI05030041,62 BIS AVENUE DE VIGON,40200 MIMIZAN
MI05030042,62 BIS AVENUE DE VIGON,40200 MIMIZAN
MI05030043,62 BIS AVENUE DE VIGON,40200 MIMIZAN
MI05030044,62 BIS AVENUE DE VIGON,40200 MIMIZAN
MI05030045,62 BIS AVENUE DE VIGON,40200 MIMIZAN
MI05030046,62 BIS AVENUE DE VIGON,40200 MIMIZAN
MI05030047,62 BIS AVENUE DE VIGON,40200 MIMIZAN
MI05030048,62 BIS AVENUE DE VIGON,40200 MIMIZAN
MI06010001,22 BIS RUE DE BEAU SOLEIL,40200 MIMIZAN
MI06010002,22 BIS RUE DE BEAU SOLEIL,40200 MIMIZAN
MI06010003,22 BIS RUE DE BEAU SOLEIL,40200 MIMIZAN
MI06010004,22 BIS RUE DE BEAU SOLEIL,40200 MIMIZAN
MI06010005,22 BIS RUE DE BEAU SOLEIL,40200 MIMIZAN
MI06010006,22 BIS RUE DE BEAU SOLEIL,40200 MIMIZAN
MI06010007,22 BIS RUE DE BEAU SOLEIL,40200 MIMIZAN
MI06010008,22 BIS RUE DE BEAU SOLEIL,40200 MIMIZAN
MI06010009,22 BIS RUE DE BEAU SOLEIL,40200 MIMIZAN
MI06010010,22 BIS RUE DE BEAU SOLEIL,40200 MIMIZAN
MI06020011,22 BIS RUE DE BEAU SOLEIL,40200 MIMIZAN
MI06020012,22 BIS RUE DE BEAU SOLEIL,40200 MIMIZAN
MI06020013,22 BIS RUE DE BEAU SOLEIL,40200 MIMIZAN
MI06020014,22 BIS RUE DE BEAU SOLEIL,40200 MIMIZAN
MI06020015,22 BIS RUE DE BEAU SOLEIL,40200 MIMIZAN
MI06020016,22 BIS RUE DE BEAU SOLEIL,40200 MIMIZAN
MI06020017,22 BIS RUE DE BEAU SOLEIL,40200 MIMIZAN
MI06020018,22 BIS RUE DE BEAU SOLEIL,40200 MIMIZAN
MI06020019,22 BIS RUE DE BEAU SOLEIL,40200 MIMIZAN
MI06020020,22 BIS RUE DE BEAU SOLEIL,40200 MIMIZAN
MI07010001,102 IMPASSE DU MARCAT,40200 MIMIZAN
MI07010002,102 IMPASSE DU MARCAT,40200 MIMIZAN
MI07010003,102 IMPASSE DU MARCAT,40200 MIMIZAN
MI07010004,102 IMPASSE DU MARCAT,40200 MIMIZAN
MI07020005,86 IMPASSE DU MARCAT,40200 MIMIZAN
MI07020006,86 IMPASSE DU MARCAT,40200 MIMIZAN
MI07020007,86 IMPASSE DU MARCAT,40200 MIMIZAN
MI07020008,86 IMPASSE DU MARCAT,40200 MIMIZAN
MI07030009,49 IMPASSE DU MARCAT,40200 MIMIZAN
MI07030010,49 IMPASSE DU MARCAT,40200 MIMIZAN
MI07030011,49 IMPASSE DU MARCAT,40200 MIMIZAN
MI07030012,49 IMPASSE DU MARCAT,40200 MIMIZAN
MI07040013,131 IMPASSE DU MARCAT,40200 MIMIZAN
MI07040014,131 IMPASSE DU MARCAT,40200 MIMIZAN
MI07040015,131 IMPASSE DU MARCAT,40200 MIMIZAN
MI07040016,131 IMPASSE DU MARCAT,40200 MIMIZAN
MI07050017,281 IMPASSE DU MARCAT,40200 MIMIZAN
MI07050018,281 IMPASSE DU MARCAT,40200 MIMIZAN
MI07050019,281 IMPASSE DU MARCAT,40200 MIMIZAN
MI07050020,281 IMPASSE DU MARCAT,40200 MIMIZAN
MI07050021,281 IMPASSE DU MARCAT,40200 MIMIZAN
MI07050022,281 IMPASSE DU MARCAT,40200 MIMIZAN
MI07050023,281 IMPASSE DU MARCAT,40200 MIMIZAN
MI07050024,281 IMPASSE DU MARCAT,40200 MIMIZAN
MI08010001,10 RUE DES TOURNESOLS,40200 MIMIZAN
MI08010002,10 RUE DES TOURNESOLS,40200 MIMIZAN
MI08010003,10 RUE DES TOURNESOLS,40200 MIMIZAN
MI08010004,10 RUE DES TOURNESOLS,40200 MIMIZAN
MI08010005,10 RUE DES TOURNESOLS,40200 MIMIZAN
MI08010006,10 RUE DES TOURNESOLS,40200 MIMIZAN
MI08010007,10 RUE DES TOURNESOLS,40200 MIMIZAN
MI08010008,10 RUE DES TOURNESOLS,40200 MIMIZAN
MI08010009,10 RUE DES TOURNESOLS,40200 MIMIZAN
MI08010010,10 RUE DES TOURNESOLS,40200 MIMIZAN
MI08010011,10 RUE DES TOURNESOLS,40200 MIMIZAN
MI08010012,10 RUE DES TOURNESOLS,40200 MIMIZAN
MI08010013,10 RUE DES TOURNESOLS,40200 MIMIZAN
MJ02010001,1862 AVENUE QUARTIER SAINT JEAN,40390 SAINT-MARTIN-DE-SEIGNANX
MJ02010002,1862 AVENUE QUARTIER SAINT JEAN,40390 SAINT-MARTIN-DE-SEIGNANX
MJ02010003,1862 AVENUE QUARTIER SAINT JEAN,40390 SAINT-MARTIN-DE-SEIGNANX
MJ02010004,1862 AVENUE QUARTIER SAINT JEAN,40390 SAINT-MARTIN-DE-SEIGNANX
MJ02010005,1862 AVENUE QUARTIER SAINT JEAN,40390 SAINT-MARTIN-DE-SEIGNANX
MJ02010006,1862 AVENUE QUARTIER SAINT JEAN,40390 SAINT-MARTIN-DE-SEIGNANX
MJ02010007,1862 AVENUE QUARTIER SAINT JEAN,40390 SAINT-MARTIN-DE-SEIGNANX
MJ02010008,1862 AVENUE QUARTIER SAINT JEAN,40390 SAINT-MARTIN-DE-SEIGNANX
MJ02010009,1862 AVENUE QUARTIER SAINT JEAN,40390 SAINT-MARTIN-DE-SEIGNANX
MJ02010010,1862 AVENUE QUARTIER SAINT JEAN,40390 SAINT-MARTIN-DE-SEIGNANX
MJ03010001,355 RUE GASCOGNE,40390 SAINT-MARTIN-DE-SEIGNANX
MJ03010002,355 RUE GASCOGNE,40390 SAINT-MARTIN-DE-SEIGNANX
MJ03010003,355 RUE GASCOGNE,40390 SAINT-MARTIN-DE-SEIGNANX
MJ03010004,355 RUE GASCOGNE,40390 SAINT-MARTIN-DE-SEIGNANX
MJ03010005,355 RUE GASCOGNE,40390 SAINT-MARTIN-DE-SEIGNANX
MJ03010006,355 RUE GASCOGNE,40390 SAINT-MARTIN-DE-SEIGNANX
MJ03010007,355 RUE GASCOGNE,40390 SAINT-MARTIN-DE-SEIGNANX
MJ03010008,355 RUE GASCOGNE,40390 SAINT-MARTIN-DE-SEIGNANX
MJ03010009,355 RUE GASCOGNE,40390 SAINT-MARTIN-DE-SEIGNANX
MJ03010010,355 RUE GASCOGNE,40390 SAINT-MARTIN-DE-SEIGNANX
MJ03010011,355 RUE GASCOGNE,40390 SAINT-MARTIN-DE-SEIGNANX
MJ03010012,355 RUE GASCOGNE,40390 SAINT-MARTIN-DE-SEIGNANX
MJ03010013,355 RUE GASCOGNE,40390 SAINT-MARTIN-DE-SEIGNANX
MJ03010014,355 RUE GASCOGNE,40390 SAINT-MARTIN-DE-SEIGNANX
MJ03010015,355 RUE GASCOGNE,40390 SAINT-MARTIN-DE-SEIGNANX
MJ03010016,355 RUE GASCOGNE,40390 SAINT-MARTIN-DE-SEIGNANX
MJ03010017,355 RUE GASCOGNE,40390 SAINT-MARTIN-DE-SEIGNANX
MJ03010018,355 RUE GASCOGNE,40390 SAINT-MARTIN-DE-SEIGNANX
MJ03010019,355 RUE GASCOGNE,40390 SAINT-MARTIN-DE-SEIGNANX
MJ03010020,355 RUE GASCOGNE,40390 SAINT-MARTIN-DE-SEIGNANX
MJ03010021,355 RUE GASCOGNE,40390 SAINT-MARTIN-DE-SEIGNANX
MJ03010022,355 RUE GASCOGNE,40390 SAINT-MARTIN-DE-SEIGNANX
MJ03010023,355 RUE GASCOGNE,40390 SAINT-MARTIN-DE-SEIGNANX
MJ03010024,355 RUE GASCOGNE,40390 SAINT-MARTIN-DE-SEIGNANX
MJ03010025,355 RUE GASCOGNE,40390 SAINT-MARTIN-DE-SEIGNANX
MJ03010026,355 RUE GASCOGNE,40390 SAINT-MARTIN-DE-SEIGNANX
MJ03010027,355 RUE GASCOGNE,40390 SAINT-MARTIN-DE-SEIGNANX
MJ03010028,355 RUE GASCOGNE,40390 SAINT-MARTIN-DE-SEIGNANX
MJ04010001,979 CHEMIN DE GRAND JEAN,40390 SAINT-MARTIN-DE-SEIGNANX
MJ04010002,979 CHEMIN DE GRAND JEAN,40390 SAINT-MARTIN-DE-SEIGNANX
MJ04010003,979 CHEMIN DE GRAND JEAN,40390 SAINT-MARTIN-DE-SEIGNANX
MJ04010004,979 CHEMIN DE GRAND JEAN,40390 SAINT-MARTIN-DE-SEIGNANX
MJ04020001,979 CHEMIN DE GRAND JEAN,40390 SAINT-MARTIN-DE-SEIGNANX
MJ04020002,979 CHEMIN DE GRAND JEAN,40390 SAINT-MARTIN-DE-SEIGNANX
MJ04020003,979 CHEMIN DE GRAND JEAN,40390 SAINT-MARTIN-DE-SEIGNANX
MJ04020004,979 CHEMIN DE GRAND JEAN,40390 SAINT-MARTIN-DE-SEIGNANX
MJ04020005,979 CHEMIN DE GRAND JEAN,40390 SAINT-MARTIN-DE-SEIGNANX
MJ04020006,979 CHEMIN DE GRAND JEAN,40390 SAINT-MARTIN-DE-SEIGNANX
MJ04030001,979 CHEMIN DE GRAND JEAN,40390 SAINT-MARTIN-DE-SEIGNANX
MJ04030002,979 CHEMIN DE GRAND JEAN,40390 SAINT-MARTIN-DE-SEIGNANX
MJ04030003,979 CHEMIN DE GRAND JEAN,40390 SAINT-MARTIN-DE-SEIGNANX
MJ04030004,979 CHEMIN DE GRAND JEAN,40390 SAINT-MARTIN-DE-SEIGNANX
MJ04030005,979 CHEMIN DE GRAND JEAN,40390 SAINT-MARTIN-DE-SEIGNANX
MJ04030006,979 CHEMIN DE GRAND JEAN,40390 SAINT-MARTIN-DE-SEIGNANX
MJ04040001,979 CHEMIN DE GRAND JEAN,40390 SAINT-MARTIN-DE-SEIGNANX
MJ04050001,979 CHEMIN DE GRAND JEAN,40390 SAINT-MARTIN-DE-SEIGNANX
MJ04050002,979 CHEMIN DE GRAND JEAN,40390 SAINT-MARTIN-DE-SEIGNANX
MJ04050003,979 CHEMIN DE GRAND JEAN,40390 SAINT-MARTIN-DE-SEIGNANX
MJ04050004,979 CHEMIN DE GRAND JEAN,40390 SAINT-MARTIN-DE-SEIGNANX
MJ04050005,979 CHEMIN DE GRAND JEAN,40390 SAINT-MARTIN-DE-SEIGNANX
MJ04050006,979 CHEMIN DE GRAND JEAN,40390 SAINT-MARTIN-DE-SEIGNANX
MJ04060001,979 CHEMIN DE GRAND JEAN,40390 SAINT-MARTIN-DE-SEIGNANX
MJ04060002,979 CHEMIN DE GRAND JEAN,40390 SAINT-MARTIN-DE-SEIGNANX
MJ04060003,979 CHEMIN DE GRAND JEAN,40390 SAINT-MARTIN-DE-SEIGNANX
MJ04060004,979 CHEMIN DE GRAND JEAN,40390 SAINT-MARTIN-DE-SEIGNANX
MJ05010001,51 ALLEE DE GUITARD,40390 SAINT-MARTIN-DE-SEIGNANX
MJ05010002,51 ALLEE DE GUITARD,40390 SAINT-MARTIN-DE-SEIGNANX
MJ05010003,51 ALLEE DE GUITARD,40390 SAINT-MARTIN-DE-SEIGNANX
MJ05010004,51 ALLEE DE GUITARD,40390 SAINT-MARTIN-DE-SEIGNANX
MJ05010005,51 ALLEE DE GUITARD,40390 SAINT-MARTIN-DE-SEIGNANX
MJ05010006,51 ALLEE DE GUITARD,40390 SAINT-MARTIN-DE-SEIGNANX
MJ05010007,51 ALLEE DE GUITARD,40390 SAINT-MARTIN-DE-SEIGNANX
MJ05010008,51 ALLEE DE GUITARD,40390 SAINT-MARTIN-DE-SEIGNANX
MJ05010009,51 ALLEE DE GUITARD,40390 SAINT-MARTIN-DE-SEIGNANX
MJ05010010,51 ALLEE DE GUITARD,40390 SAINT-MARTIN-DE-SEIGNANX
MJ05010011,51 ALLEE DE GUITARD,40390 SAINT-MARTIN-DE-SEIGNANX
MJ05010012,51 ALLEE DE GUITARD,40390 SAINT-MARTIN-DE-SEIGNANX
MJ05010013,51 ALLEE DE GUITARD,40390 SAINT-MARTIN-DE-SEIGNANX
MJ05020001,51 ALLEE DE GUITARD,40390 SAINT-MARTIN-DE-SEIGNANX
MJ05020002,51 ALLEE DE GUITARD,40390 SAINT-MARTIN-DE-SEIGNANX
MJ05020003,51 ALLEE DE GUITARD,40390 SAINT-MARTIN-DE-SEIGNANX
MJ05020004,51 ALLEE DE GUITARD,40390 SAINT-MARTIN-DE-SEIGNANX
MJ05020005,51 ALLEE DE GUITARD,40390 SAINT-MARTIN-DE-SEIGNANX
MJ05020006,51 ALLEE DE GUITARD,40390 SAINT-MARTIN-DE-SEIGNANX
MJ05020007,51 ALLEE DE GUITARD,40390 SAINT-MARTIN-DE-SEIGNANX
MJ05020008,51 ALLEE DE GUITARD,40390 SAINT-MARTIN-DE-SEIGNANX
MJ05020009,51 ALLEE DE GUITARD,40390 SAINT-MARTIN-DE-SEIGNANX
MJ05020010,51 ALLEE DE GUITARD,40390 SAINT-MARTIN-DE-SEIGNANX
MJ05020011,51 ALLEE DE GUITARD,40390 SAINT-MARTIN-DE-SEIGNANX
MJ05020012,51 ALLEE DE GUITARD,40390 SAINT-MARTIN-DE-SEIGNANX
MJ05020013,51 ALLEE DE GUITARD,40390 SAINT-MARTIN-DE-SEIGNANX
MJ05020014,51 ALLEE DE GUITARD,40390 SAINT-MARTIN-DE-SEIGNANX
MJ05020015,51 ALLEE DE GUITARD,40390 SAINT-MARTIN-DE-SEIGNANX
MJ05020016,51 ALLEE DE GUITARD,40390 SAINT-MARTIN-DE-SEIGNANX
MJ05020017,51 ALLEE DE GUITARD,40390 SAINT-MARTIN-DE-SEIGNANX
MJ05020018,51 ALLEE DE GUITARD,40390 SAINT-MARTIN-DE-SEIGNANX
MJ05020019,51 ALLEE DE GUITARD,40390 SAINT-MARTIN-DE-SEIGNANX
MJ06010001,204 ROUTE DE LAVIELLE,40390 SAINT-MARTIN-DE-SEIGNANX
MJ06010002,204 ROUTE DE LAVIELLE,40390 SAINT-MARTIN-DE-SEIGNANX
MJ06010101,204 ROUTE DE LAVIELLE,40390 SAINT-MARTIN-DE-SEIGNANX
MJ06010102,204 ROUTE DE LAVIELLE,40390 SAINT-MARTIN-DE-SEIGNANX
MJ07010001,5 ALLEE DES VIOLETTES,40390 SAINT-MARTIN-DE-SEIGNANX
MJ07010002,5 ALLEE DES VIOLETTES,40390 SAINT-MARTIN-DE-SEIGNANX
MJ07010101,5 ALLEE DES VIOLETTES,40390 SAINT-MARTIN-DE-SEIGNANX
MJ07010102,5 ALLEE DES VIOLETTES,40390 SAINT-MARTIN-DE-SEIGNANX
MJ08010001,10 RUE DE LA LANDIERE,40390 SAINT-MARTIN-DE-SEIGNANX
MJ08010002,10 RUE DE LA LANDIERE,40390 SAINT-MARTIN-DE-SEIGNANX
MJ08010101,10 RUE DE LA LANDIERE,40390 SAINT-MARTIN-DE-SEIGNANX
MJ08010102,10 RUE DE LA LANDIERE,40390 SAINT-MARTIN-DE-SEIGNANX
ML01010001,RUE DE LA PALOMBIERE,40660 MOLIETS-ET-MAA
ML01010002,RUE DE LA PALOMBIERE,40660 MOLIETS-ET-MAA
ML01010003,RUE DE LA PALOMBIERE,40660 MOLIETS-ET-MAA
ML01010004,RUE DE LA PALOMBIERE,40660 MOLIETS-ET-MAA
ML01010005,RUE DE LA PALOMBIERE,40660 MOLIETS-ET-MAA
ML01010006,RUE DE LA PALOMBIERE,40660 MOLIETS-ET-MAA
ML01010007,RUE DE LA PALOMBIERE,40660 MOLIETS-ET-MAA
ML01010008,RUE DE LA PALOMBIERE,40660 MOLIETS-ET-MAA
ML01010009,RUE DE LA PALOMBIERE,40660 MOLIETS-ET-MAA
ML01010010,RUE DE LA PALOMBIERE,40660 MOLIETS-ET-MAA
ML01010011,RUE DE LA PALOMBIERE,40660 MOLIETS-ET-MAA
ML01010012,RUE DE LA PALOMBIERE,40660 MOLIETS-ET-MAA
ML01010013,RUE DE LA PALOMBIERE,40660 MOLIETS-ET-MAA
ML01010014,RUE DE LA PALOMBIERE,40660 MOLIETS-ET-MAA
ML01010015,RUE DE LA PALOMBIERE,40660 MOLIETS-ET-MAA
ML01010016,RUE DE LA PALOMBIERE,40660 MOLIETS-ET-MAA
ML01010017,RUE DE LA PALOMBIERE,40660 MOLIETS-ET-MAA
ML01010018,RUE DE LA PALOMBIERE,40660 MOLIETS-ET-MAA
ML01010019,RUE DE LA PALOMBIERE,40660 MOLIETS-ET-MAA
ML01010020,RUE DE LA PALOMBIERE,40660 MOLIETS-ET-MAA
ML01010021,RUE DE LA PALOMBIERE,40660 MOLIETS-ET-MAA
ML01010022,RUE DE LA PALOMBIERE,40660 MOLIETS-ET-MAA
ML01010023,RUE DE LA PALOMBIERE,40660 MOLIETS-ET-MAA
ML01010024,RUE DE LA PALOMBIERE,40660 MOLIETS-ET-MAA
ML01010025,RUE DE LA PALOMBIERE,40660 MOLIETS-ET-MAA
ML01010026,RUE DE LA PALOMBIERE,40660 MOLIETS-ET-MAA
ML02010001,115 RUE MAGENTA,40660 MOLIETS-ET-MAA
ML02010002,115 RUE MAGENTA,40660 MOLIETS-ET-MAA
ML02010003,115 RUE MAGENTA,40660 MOLIETS-ET-MAA
ML02010004,115 RUE MAGENTA,40660 MOLIETS-ET-MAA
ML02010011,115 RUE MAGENTA,40660 MOLIETS-ET-MAA
ML02010012,115 RUE MAGENTA,40660 MOLIETS-ET-MAA
ML02010013,115 RUE MAGENTA,40660 MOLIETS-ET-MAA
MM03010001,206 AVENUE MICHEL LESPINE,40000 MONT-DE-MARSAN
MM03010002,206 AVENUE MICHEL LESPINE,40000 MONT-DE-MARSAN
MM03010003,206 AVENUE MICHEL LESPINE,40000 MONT-DE-MARSAN
MM03010004,206 AVENUE MICHEL LESPINE,40000 MONT-DE-MARSAN
MM03010005,206 AVENUE MICHEL LESPINE,40000 MONT-DE-MARSAN
MM03010006,206 AVENUE MICHEL LESPINE,40000 MONT-DE-MARSAN
MM03010007,206 AVENUE MICHEL LESPINE,40000 MONT-DE-MARSAN
MM03010008,206 AVENUE MICHEL LESPINE,40000 MONT-DE-MARSAN
MM03010009,206 AVENUE MICHEL LESPINE,40000 MONT-DE-MARSAN
MM03010010,206 AVENUE MICHEL LESPINE,40000 MONT-DE-MARSAN
MM03010011,206 AVENUE MICHEL LESPINE,40000 MONT-DE-MARSAN
MM03010012,206 AVENUE MICHEL LESPINE,40000 MONT-DE-MARSAN
MM03020001,194 AVENUE MICHEL LESPINE,40000 MONT-DE-MARSAN
MM03020002,194 AVENUE MICHEL LESPINE,40000 MONT-DE-MARSAN
MM03020003,194 AVENUE MICHEL LESPINE,40000 MONT-DE-MARSAN
MM03020004,194 AVENUE MICHEL LESPINE,40000 MONT-DE-MARSAN
MM03020005,194 AVENUE MICHEL LESPINE,40000 MONT-DE-MARSAN
MM03020006,194 AVENUE MICHEL LESPINE,40000 MONT-DE-MARSAN
MM03020007,194 AVENUE MICHEL LESPINE,40000 MONT-DE-MARSAN
MM03020008,194 AVENUE MICHEL LESPINE,40000 MONT-DE-MARSAN
MM03020009,194 AVENUE MICHEL LESPINE,40000 MONT-DE-MARSAN
MM03020010,194 AVENUE MICHEL LESPINE,40000 MONT-DE-MARSAN
MM03020011,194 AVENUE MICHEL LESPINE,40000 MONT-DE-MARSAN
MM03020012,194 AVENUE MICHEL LESPINE,40000 MONT-DE-MARSAN
MM04010001,4 RUE PAUL BERT,40000 MONT-DE-MARSAN
MM04010002,4 RUE PAUL BERT,40000 MONT-DE-MARSAN
MM04010003,4 RUE PAUL BERT,40000 MONT-DE-MARSAN
MM04010004,4 RUE PAUL BERT,40000 MONT-DE-MARSAN
MM04010005,4 RUE PAUL BERT,40000 MONT-DE-MARSAN
MM04010006,4 RUE PAUL BERT,40000 MONT-DE-MARSAN
MM04010007,6 RUE PAUL BERT,40000 MONT-DE-MARSAN
MM04010008,6 RUE PAUL BERT,40000 MONT-DE-MARSAN
MM04010009,6 RUE PAUL BERT,40000 MONT-DE-MARSAN
MM04010010,6 RUE PAUL BERT,40000 MONT-DE-MARSAN
MM04010011,6 RUE PAUL BERT,40000 MONT-DE-MARSAN
MM04010012,6 RUE PAUL BERT,40000 MONT-DE-MARSAN
MM06010001,472 RUE CAPITAINE R BONNEMAIRE,40000 MONT-DE-MARSAN
MM06010002,459 RUE CAPITAINE R BONNEMAIRE,40000 MONT-DE-MARSAN
MM06010003,448 RUE CAPITAINE R BONNEMAIRE,40000 MONT-DE-MARSAN
MM06010004,427 RUE CAPITAINE R BONNEMAIRE,40000 MONT-DE-MARSAN
MM06010005,418 RUE CAPITAINE R BONNEMAIRE,40000 MONT-DE-MARSAN
MM06010006,389 RUE CAPITAINE R BONNEMAIRE,40000 MONT-DE-MARSAN
MM06010007,53 RUE ADJUDANT SIOT,40000 MONT-DE-MARSAN
MM06010008,353 RUE CAPITAINE R BONNEMAIRE,40000 MONT-DE-MARSAN
MM06010009,74 RUE ADJUDANT SIOT,40000 MONT-DE-MARSAN
MM06010010,293 RUE CAPITAINE R BONNEMAIRE,40000 MONT-DE-MARSAN
MM06010011,62 RUE ADJUDANT SIOT,40000 MONT-DE-MARSAN
MM06010012,17 RUE FERDINAND BERNEDE,40000 MONT-DE-MARSAN
MM06010013,28 RUE ADJUDANT SIOT,40000 MONT-DE-MARSAN
MM06010014,215 RUE CAPITAINE R BONNEMAIRE,40000 MONT-DE-MARSAN
MM06010015,16 RUE ADJUDANT SIOT,40000 MONT-DE-MARSAN
MM06010016,207 RUE CAPITAINE R BONNEMAIRE,40000 MONT-DE-MARSAN
MM06010017,368 AVENUE CAPITAINE R BONNEMAIRE,40000 MONT-DE-MARSAN
MM06010018,201 RUE CAPITAINE R BONNEMAIRE,40000 MONT-DE-MARSAN
MM06010019,356 RUE CAPITAINE R BONNEMAIRE,40000 MONT-DE-MARSAN
MM06010020,193 RUE CAPITAINE R BONNEMAIRE,40000 MONT-DE-MARSAN
MM06010021,318 RUE CAPITAINE R BONNEMAIRE,40000 MONT-DE-MARSAN
MM06010022,89 RUE CAPITAINE R BONNEMAIRE,40000 MONT-DE-MARSAN
MM06010023,306 RUE CAPITAINE R BONNEMAIRE,40000 MONT-DE-MARSAN
MM06010024,91 RUE CAPITAINE R BONNEMAIRE,40000 MONT-DE-MARSAN
MM06010025,266 RUE CAPITAINE R BONNEMAIRE,40000 MONT-DE-MARSAN
MM06010026,93 RUE CAPITAINE R BONNEMAIRE,40000 MONT-DE-MARSAN
MM06010027,260 RUE CAPITAINE R BONNEMAIRE,40000 MONT-DE-MARSAN
MM06010028,95 RUE CAPITAINE R BONNEMAIRE,40000 MONT-DE-MARSAN
MM06010029,232 RUE CAPITAINE R BONNEMAIRE,40000 MONT-DE-MARSAN
MM06010030,41 RUE CAPITAINE R BONNEMAIRE,40000 MONT-DE-MARSAN
MM06010031,230 RUE CAPITAINE R BONNEMAIRE,40000 MONT-DE-MARSAN
MM06010032,43 RUE CAPITAINE R BONNEMAIRE,40000 MONT-DE-MARSAN
MM06010033,178 RUE CAPITAINE R BONNEMAIRE,40000 MONT-DE-MARSAN
MM06010034,45 RUE CAPITAINE R BONNEMAIRE,40000 MONT-DE-MARSAN
MM06010035,170 RUE CAPITAINE R BONNEMAIRE,40000 MONT-DE-MARSAN
MM06010036,47 RUE CAPITAINE R BONNEMAIRE,40000 MONT-DE-MARSAN
MM06010037,164 RUE CAPITAINE R BONNEMAIRE,40000 MONT-DE-MARSAN
MM06010038,25 RUE CAPITAINE R BONNEMAIRE,40000 MONT-DE-MARSAN
MM06010039,156 RUE CAPITAINE R BONNEMAIRE,40000 MONT-DE-MARSAN
MM06010040,1 IMPASSE CAPITAINE R BONNEMAIRE,40000 MONT-DE-MARSAN
MM06010041,3 IMPASSE CAPITAINE R BONNEMAIRE,40000 MONT-DE-MARSAN
MM06010042,5 IMPASSE CAPITAINE R BONNEMAIRE,40000 MONT-DE-MARSAN
MM06010043,7 IMPASSE CAPITAINE R BONNEMAIRE,40000 MONT-DE-MARSAN
MM07010001,283 RUE ADJUDANT SIOT,40000 MONT-DE-MARSAN
MM07010002,293 RUE ADJUDANT SIOT,40000 MONT-DE-MARSAN
MM07010003,303 RUE ADJUDANT SIOT,40000 MONT-DE-MARSAN
MM07010004,309 RUE ADJUDANT SIOT,40000 MONT-DE-MARSAN
MM07010005,282 RUE ADJUDANT SIOT,40000 MONT-DE-MARSAN
MM07010006,304 RUE ADJUDANT SIOT,40000 MONT-DE-MARSAN
MM07010007,308 RUE ADJUDANT SIOT,40000 MONT-DE-MARSAN
MM07010008,324 RUE ADJUDANT SIOT,40000 MONT-DE-MARSAN
MM08010001,467 AVENUE MARTYRS RESISTANCE,40000 MONT-DE-MARSAN
MM08010002,463 AVENUE MARTYRS RESISTANCE,40000 MONT-DE-MARSAN
MM08010003,467 AVENUE MARTYRS RESISTANCE,40000 MONT-DE-MARSAN
MM08010004,463A AVENUE MARTYRS RESISTANCE,40000 MONT-DE-MARSAN
MM08010005,467B AVENUE MARTYRS RESISTANCE,40000 MONT-DE-MARSAN
MM08010006,463B AVENUE MARTYRS RESISTANCE,40000 MONT-DE-MARSAN
MM08020001,3 IMPASSE MARTYRS RESISTANCE,40000 MONT-DE-MARSAN
MM08020002,1 IMPASSE MARTYRS RESISTANCE,40000 MONT-DE-MARSAN
MM08020003,3A IMPASSE MARTYRS RESISTANCE,40000 MONT-DE-MARSAN
MM08020004,1A IMPASSE MARTYRS RESISTANCE,40000 MONT-DE-MARSAN
MM08020005,3B IMPASSE MARTYRS RESISTANCE,40000 MONT-DE-MARSAN
MM08020006,1B IMPASSE MARTYRS RESISTANCE,40000 MONT-DE-MARSAN
MM08020007,7 IMPASSE MARTYRS RESISTANCE,40000 MONT-DE-MARSAN
MM08020008,5 IMPASSE MARTYRS RESISTANCE,40000 MONT-DE-MARSAN
MM08020009,7A IMPASSE MARTYRS RESISTANCE,40000 MONT-DE-MARSAN
MM08020010,5A IMPASSE MARTYRS DE LA RESISTAN,40000 MONT-DE-MARSAN
MM08020011,7B IMPASSE MARTYRS DE LA RESISTAN,40000 MONT-DE-MARSAN
MM08020012,5B IMPASSE MARTYRS DE LA RESISTAN,40000 MONT-DE-MARSAN
MM08020013,11 IMPASSE MARTYRS RESISTANCE,40000 MONT-DE-MARSAN
MM08020014,9 IMPASSE MARTYRS RESISTANCE,40000 MONT-DE-MARSAN
MM08020015,11A IMPASSE MARTYRS DE LA RESISTAN,40000 MONT-DE-MARSAN
MM08020016,9A IMPASSE MARTYRS DE LA RESISTAN,40000 MONT-DE-MARSAN
MM08020017,11B IMPASSE MARTYRS DE LA RESISTAN,40000 MONT-DE-MARSAN
MM08020018,9B IMPASSE MARTYRS DE LA RESISTAN,40000 MONT-DE-MARSAN
MM09010001,57 RUE CAPITAINE R BONNEMAIRE,40000 MONT-DE-MARSAN
MM09010002,127 RUE CAPITAINE R BONNEMAIRE,40000 MONT-DE-MARSAN
MM09010003,147 RUE CAPITAINE R BONNEMAIRE,40000 MONT-DE-MARSAN
MM09010004,155 RUE CAPITAINE R BONNEMAIRE,40000 MONT-DE-MARSAN
MM09010005,175 RUE CAPITAINE R BONNEMAIRE,40000 MONT-DE-MARSAN
MM09010006,1 RUE FERDINAND BERNEDE,40000 MONT-DE-MARSAN
MM09010007,3 RUE FERDINAND BERNEDE,40000 MONT-DE-MARSAN
MM09010008,5 RUE FERDINAND BERNEDE,40000 MONT-DE-MARSAN
MM09010009,7 RUE FERDINAND BERNEDE,40000 MONT-DE-MARSAN
MM09010010,9 RUE FERDINAND BERNEDE,40000 MONT-DE-MARSAN
MM09010011,11 RUE FERDINAND BERNEDE,40000 MONT-DE-MARSAN
MM09010012,13 RUE FERDINAND BERNEDE,40000 MONT-DE-MARSAN
MM09010013,15 RUE FERDINAND BERNEDE,40000 MONT-DE-MARSAN
MM09010014,233 RUE CAPITAINE R BONNEMAIRE,40000 MONT-DE-MARSAN
MM09010015,386 RUE CAPITAINE R BONNEMAIRE,40000 MONT-DE-MARSAN
MM09010016,376 RUE CAPITAINE R BONNEMAIRE,40000 MONT-DE-MARSAN
MM09010017,340 RUE CAPITAINE R BONNEMAIRE,40000 MONT-DE-MARSAN
MM09010018,328 RUE CAPITAINE R BONNEMAIRE,40000 MONT-DE-MARSAN
MM09010019,292 RUE CAPITAINE R BONNEMAIRE,40000 MONT-DE-MARSAN
MM09010020,272 RUE CAPITAINE R BONNEMAIRE,40000 MONT-DE-MARSAN
MM09010021,208 RUE CAPITAINE R BONNEMAIRE,40000 MONT-DE-MARSAN
MM09010022,198 RUE CAPITAINE R BONNEMAIRE,40000 MONT-DE-MARSAN
MM09010023,182 RUE CAPITAINE R BONNEMAIRE,40000 MONT-DE-MARSAN
MM09010024,1 IMPASSE FRANCIS JAMMES,40000 MONT-DE-MARSAN
MM09010025,3 IMPASSE FRANCIS JAMMES,40000 MONT-DE-MARSAN
MM09010026,5 IMPASSE FRANCIS JAMMES,40000 MONT-DE-MARSAN
MM09010027,8 IMPASSE FRANCIS JAMMES,40000 MONT-DE-MARSAN
MM09010028,6 IMPASSE FRANCIS JAMMES,40000 MONT-DE-MARSAN
MM09010029,4 IMPASSE FRANCIS JAMMES,40000 MONT-DE-MARSAN
MM09010030,2 IMPASSE FRANCIS JAMMES,40000 MONT-DE-MARSAN
MM12010001,4 IMPASSE DES CAILLES,40000 MONT-DE-MARSAN
MM12010002,4 IMPASSE DES CAILLES,40000 MONT-DE-MARSAN
MM12010003,4 IMPASSE DES CAILLES,40000 MONT-DE-MARSAN
MM12010004,4 IMPASSE DES CAILLES,40000 MONT-DE-MARSAN
MM12010005,4 IMPASSE DES CAILLES,40000 MONT-DE-MARSAN
MM12010006,4 IMPASSE DES CAILLES,40000 MONT-DE-MARSAN
MM12010007,4 IMPASSE DES CAILLES,40000 MONT-DE-MARSAN
MM12010008,4 IMPASSE DES CAILLES,40000 MONT-DE-MARSAN
MM12010009,4 IMPASSE DES CAILLES,40000 MONT-DE-MARSAN
MM12010010,4 IMPASSE DES CAILLES,40000 MONT-DE-MARSAN
MM12010011,4 IMPASSE DES CAILLES,40000 MONT-DE-MARSAN
MM12010012,4 IMPASSE DES CAILLES,40000 MONT-DE-MARSAN
MM12010013,2 IMPASSE DES CAILLES,40000 MONT-DE-MARSAN
MM12010014,2 IMPASSE DES CAILLES,40000 MONT-DE-MARSAN
MM12010015,2 IMPASSE DES CAILLES,40000 MONT-DE-MARSAN
MM12010016,2 IMPASSE DES CAILLES,40000 MONT-DE-MARSAN
MM12010017,2 IMPASSE DES CAILLES,40000 MONT-DE-MARSAN
MM12010018,2 IMPASSE DES CAILLES,40000 MONT-DE-MARSAN
MM12010019,2 IMPASSE DES CAILLES,40000 MONT-DE-MARSAN
MM12020001,6 IMPASSE DES ALOUETTES,40000 MONT-DE-MARSAN
MM12020002,6 IMPASSE DES ALOUETTES,40000 MONT-DE-MARSAN
MM12020003,6 IMPASSE DES ALOUETTES,40000 MONT-DE-MARSAN
MM12020004,6 IMPASSE DES ALOUETTES,40000 MONT-DE-MARSAN
MM12020005,6 IMPASSE DES ALOUETTES,40000 MONT-DE-MARSAN
MM12020006,6 IMPASSE DES ALOUETTES,40000 MONT-DE-MARSAN
MM12020007,6 IMPASSE DES ALOUETTES,40000 MONT-DE-MARSAN
MM12020008,6 IMPASSE DES ALOUETTES,40000 MONT-DE-MARSAN
MM12020009,6 IMPASSE DES ALOUETTES,40000 MONT-DE-MARSAN
MM12020010,6 IMPASSE DES ALOUETTES,40000 MONT-DE-MARSAN
MM12020011,6 IMPASSE DES ALOUETTES,40000 MONT-DE-MARSAN
MM12020012,6 IMPASSE DES ALOUETTES,40000 MONT-DE-MARSAN
MM12020013,4 IMPASSE DES ALOUETTES,40000 MONT-DE-MARSAN
MM12020014,4 IMPASSE DES ALOUETTES,40000 MONT-DE-MARSAN
MM12020015,4 IMPASSE DES ALOUETTES,40000 MONT-DE-MARSAN
MM12020016,4 IMPASSE DES ALOUETTES,40000 MONT-DE-MARSAN
MM12020017,4 IMPASSE DES ALOUETTES,40000 MONT-DE-MARSAN
MM12020018,4 IMPASSE DES ALOUETTES,40000 MONT-DE-MARSAN
MM12020019,4 IMPASSE DES ALOUETTES,40000 MONT-DE-MARSAN
MM12020020,2 IMPASSE DES ALOUETTES,40000 MONT-DE-MARSAN
MM12020021,2 IMPASSE DES ALOUETTES,40000 MONT-DE-MARSAN
MM12020022,2 IMPASSE DES ALOUETTES,40000 MONT-DE-MARSAN
MM12020023,2 IMPASSE DES ALOUETTES,40000 MONT-DE-MARSAN
MM12020024,2 IMPASSE DES ALOUETTES,40000 MONT-DE-MARSAN
MM12020025,2 IMPASSE DES ALOUETTES,40000 MONT-DE-MARSAN
MM12020026,2 IMPASSE DES ALOUETTES,40000 MONT-DE-MARSAN
MM12020027,2 IMPASSE DES ALOUETTES,40000 MONT-DE-MARSAN
MM12020028,2 IMPASSE DES ALOUETTES,40000 MONT-DE-MARSAN
MM12020029,2 IMPASSE DES ALOUETTES,40000 MONT-DE-MARSAN
MM12020030,2 IMPASSE DES ALOUETTES,40000 MONT-DE-MARSAN
MM12020031,2 IMPASSE DES ALOUETTES,40000 MONT-DE-MARSAN
MM13010001,15 IMPASSE MARTYRS RESISTANCE,40000 MONT-DE-MARSAN
MM13010002,15 IMPASSE MARTYRS RESISTANCE,40000 MONT-DE-MARSAN
MM13010003,15 IMPASSE MARTYRS RESISTANCE,40000 MONT-DE-MARSAN
MM13010004,15 IMPASSE MARTYRS RESISTANCE,40000 MONT-DE-MARSAN
MM13010005,15 IMPASSE MARTYRS RESISTANCE,40000 MONT-DE-MARSAN
MM13010006,15 IMPASSE MARTYRS RESISTANCE,40000 MONT-DE-MARSAN
MM13010007,15 IMPASSE MARTYRS RESISTANCE,40000 MONT-DE-MARSAN
MM13010008,15 IMPASSE MARTYRS RESISTANCE,40000 MONT-DE-MARSAN
MM13010009,15 IMPASSE MARTYRS RESISTANCE,40000 MONT-DE-MARSAN
MM13010010,15 IMPASSE MARTYRS RESISTANCE,40000 MONT-DE-MARSAN
MM13010011,15 IMPASSE MARTYRS RESISTANCE,40000 MONT-DE-MARSAN
MM13010012,15 IMPASSE MARTYRS RESISTANCE,40000 MONT-DE-MARSAN
MM13010013,15 IMPASSE MARTYRS RESISTANCE,40000 MONT-DE-MARSAN
MM13010014,15 IMPASSE MARTYRS RESISTANCE,40000 MONT-DE-MARSAN
MM13010015,15 IMPASSE MARTYRS RESISTANCE,40000 MONT-DE-MARSAN
MM13010016,15 IMPASSE MARTYRS RESISTANCE,40000 MONT-DE-MARSAN
MM13010017,15 IMPASSE MARTYRS RESISTANCE,40000 MONT-DE-MARSAN
MM13010018,15 IMPASSE MARTYRS RESISTANCE,40000 MONT-DE-MARSAN
MM13010019,15 IMPASSE MARTYRS RESISTANCE,40000 MONT-DE-MARSAN
MM13010020,15 IMPASSE MARTYRS RESISTANCE,40000 MONT-DE-MARSAN
MM13010021,15 IMPASSE MARTYRS RESISTANCE,40000 MONT-DE-MARSAN
MM13010022,15 IMPASSE MARTYRS RESISTANCE,40000 MONT-DE-MARSAN
MM13010023,15 IMPASSE MARTYRS RESISTANCE,40000 MONT-DE-MARSAN
MM13010024,15 IMPASSE MARTYRS RESISTANCE,40000 MONT-DE-MARSAN
MM13010025,15 IMPASSE MARTYRS RESISTANCE,40000 MONT-DE-MARSAN
MM13020001,13 IMPASSE MARTYRS RESISTANCE,40000 MONT-DE-MARSAN
MM13020002,13 IMPASSE MARTYRS RESISTANCE,40000 MONT-DE-MARSAN
MM13020003,13 IMPASSE MARTYRS RESISTANCE,40000 MONT-DE-MARSAN
MM13020004,13 IMPASSE MARTYRS RESISTANCE,40000 MONT-DE-MARSAN
MM13020005,13 IMPASSE MARTYRS RESISTANCE,40000 MONT-DE-MARSAN
MM13020006,13 IMPASSE MARTYRS RESISTANCE,40000 MONT-DE-MARSAN
MM13020007,13 IMPASSE MARTYRS RESISTANCE,40000 MONT-DE-MARSAN
MM13020008,13 IMPASSE MARTYRS RESISTANCE,40000 MONT-DE-MARSAN
MM13020009,13 IMPASSE MARTYRS RESISTANCE,40000 MONT-DE-MARSAN
MM13020010,13 IMPASSE MARTYRS RESISTANCE,40000 MONT-DE-MARSAN
MM13020011,13 IMPASSE MARTYRS RESISTANCE,40000 MONT-DE-MARSAN
MM13020012,13 IMPASSE MARTYRS RESISTANCE,40000 MONT-DE-MARSAN
MM13020013,13 IMPASSE MARTYRS RESISTANCE,40000 MONT-DE-MARSAN
MM13020014,13 IMPASSE MARTYRS RESISTANCE,40000 MONT-DE-MARSAN
MM13020015,13 IMPASSE MARTYRS RESISTANCE,40000 MONT-DE-MARSAN
MM13020016,13 IMPASSE MARTYRS RESISTANCE,40000 MONT-DE-MARSAN
MM13020017,13 IMPASSE MARTYRS RESISTANCE,40000 MONT-DE-MARSAN
MM13020018,13 IMPASSE MARTYRS RESISTANCE,40000 MONT-DE-MARSAN
MM13020019,13 IMPASSE MARTYRS RESISTANCE,40000 MONT-DE-MARSAN
MM13020020,13 IMPASSE MARTYRS RESISTANCE,40000 MONT-DE-MARSAN
MM13020021,13 IMPASSE MARTYRS RESISTANCE,40000 MONT-DE-MARSAN
MM13020022,13 IMPASSE MARTYRS RESISTANCE,40000 MONT-DE-MARSAN
MM13020023,13 IMPASSE MARTYRS RESISTANCE,40000 MONT-DE-MARSAN
MM13020024,13 IMPASSE MARTYRS RESISTANCE,40000 MONT-DE-MARSAN
MM13020025,13 IMPASSE MARTYRS RESISTANCE,40000 MONT-DE-MARSAN
MM15010001,4 RUE CHARLES BARTALOT,40000 MONT-DE-MARSAN
MM15010002,6 RUE CHARLES BARTALOT,40000 MONT-DE-MARSAN
MM15010003,8 RUE CHARLES BARTALOT,40000 MONT-DE-MARSAN
MM15010004,10 RUE CHARLES BARTALOT,40000 MONT-DE-MARSAN
MM15010005,12 RUE CHARLES BARTALOT,40000 MONT-DE-MARSAN
MM15010006,14 RUE CHARLES BARTALOT,40000 MONT-DE-MARSAN
MM15010007,16 RUE CHARLES BARTALOT,40000 MONT-DE-MARSAN
MM15010008,2 RUE DES LYS,40000 MONT-DE-MARSAN
MM15010009,4 RUE DES LYS,40000 MONT-DE-MARSAN
MM15010010,6 RUE DES LYS,40000 MONT-DE-MARSAN
MM15010011,8 RUE DES LYS,40000 MONT-DE-MARSAN
MM15010012,10 RUE DES LYS,40000 MONT-DE-MARSAN
MM15010013,12 RUE DES LYS,40000 MONT-DE-MARSAN
MM15010014,14 RUE DES LYS,40000 MONT-DE-MARSAN
MM15010015,16 RUE DES LYS,40000 MONT-DE-MARSAN
MM15010016,18 RUE DES LYS,40000 MONT-DE-MARSAN
MM15010017,20 RUE DES LYS,40000 MONT-DE-MARSAN
MM15010018,22 RUE DES LYS,40000 MONT-DE-MARSAN
MM15010019,24 RUE DES LYS,40000 MONT-DE-MARSAN
MM15010020,26 RUE DES LYS,40000 MONT-DE-MARSAN
MM15010021,28 RUE DES LYS,40000 MONT-DE-MARSAN
MM15010022,30 RUE DES LYS,40000 MONT-DE-MARSAN
MM15010023,32 RUE DES LYS,40000 MONT-DE-MARSAN
MM15010024,34 RUE DES LYS,40000 MONT-DE-MARSAN
MM15010025,36 RUE DES LYS,40000 MONT-DE-MARSAN
MM15010026,38 RUE DES LYS,40000 MONT-DE-MARSAN
MM15010027,40 RUE DES LYS,40000 MONT-DE-MARSAN
MM15010028,31 RUE DES LYS,40000 MONT-DE-MARSAN
MM15010029,29 RUE DES LYS,40000 MONT-DE-MARSAN
MM15010030,27 RUE DES LYS,40000 MONT-DE-MARSAN
MM15010031,25 RUE DES LYS,40000 MONT-DE-MARSAN
MM15010032,23 RUE DES LYS,40000 MONT-DE-MARSAN
MM15010033,21 RUE DES LYS,40000 MONT-DE-MARSAN
MM15010034,19 RUE DES LYS,40000 MONT-DE-MARSAN
MM15010035,17 RUE DES LYS,40000 MONT-DE-MARSAN
MM15010036,15 RUE DES LYS,40000 MONT-DE-MARSAN
MM15010037,13 RUE DES LYS,40000 MONT-DE-MARSAN
MM15010038,2 IMPASSE DES GRIVES,40000 MONT-DE-MARSAN
MM15010039,4 IMPASSE DES GRIVES,40000 MONT-DE-MARSAN
MM15010040,6 IMPASSE DES GRIVES,40000 MONT-DE-MARSAN
MM15010041,8 IMPASSE DES GRIVES,40000 MONT-DE-MARSAN
MM15010042,10 IMPASSE DES GRIVES,40000 MONT-DE-MARSAN
MM15010043,12 IMPASSE DES GRIVES,40000 MONT-DE-MARSAN
MM15010044,14 IMPASSE DES GRIVES,40000 MONT-DE-MARSAN
MM15010045,16 IMPASSE DES GRIVES,40000 MONT-DE-MARSAN
MM15010046,15 IMPASSE DES GRIVES,40000 MONT-DE-MARSAN
MM15010047,13 IMPASSE DES GRIVES,40000 MONT-DE-MARSAN
MM15010048,11 IMPASSE DES GRIVES,40000 MONT-DE-MARSAN
MM15010049,9 IMPASSE DES GRIVES,40000 MONT-DE-MARSAN
MM15010050,7 IMPASSE DES GRIVES,40000 MONT-DE-MARSAN
MM15010051,5 IMPASSE DES GRIVES,40000 MONT-DE-MARSAN
MM15010052,3 IMPASSE DES GRIVES,40000 MONT-DE-MARSAN
MM15010053,1 IMPASSE DES GRIVES,40000 MONT-DE-MARSAN
MM15010054,11 RUE DES LYS,40000 MONT-DE-MARSAN
MM15010055,9 RUE DES LYS,40000 MONT-DE-MARSAN
MM15010056,7 RUE DES LYS,40000 MONT-DE-MARSAN
MM15010057,5 RUE DES LYS,40000 MONT-DE-MARSAN
MM15010058,3 RUE DES LYS,40000 MONT-DE-MARSAN
MM15010059,1 RUE DES LYS,40000 MONT-DE-MARSAN
MM15010060,2 IMPASSE DES CIGOGNES,40000 MONT-DE-MARSAN
MM15010061,4 IMPASSE DES CIGOGNES,40000 MONT-DE-MARSAN
MM15010062,6 IMPASSE DES CIGOGNES,40000 MONT-DE-MARSAN
MM15010063,8 IMPASSE DES CIGOGNES,40000 MONT-DE-MARSAN
MM15010064,13 IMPASSE DES CIGOGNES,40000 MONT-DE-MARSAN
MM15010065,11 IMPASSE DES CIGOGNES,40000 MONT-DE-MARSAN
MM15010066,9 IMPASSE DES CIGOGNES,40000 MONT-DE-MARSAN
MM15010067,7 IMPASSE DES CIGOGNES,40000 MONT-DE-MARSAN
MM15010068,5 IMPASSE DES CIGOGNES,40000 MONT-DE-MARSAN
MM15010069,3 IMPASSE DES CIGOGNES,40000 MONT-DE-MARSAN
MM15010070,1 IMPASSE DES CIGOGNES,40000 MONT-DE-MARSAN
MM16010001,22 RUE GRAND BARRERE,40000 MONT-DE-MARSAN
MM16010002,22 RUE GRAND BARRERE,40000 MONT-DE-MARSAN
MM16010003,22 RUE GRAND BARRERE,40000 MONT-DE-MARSAN
MM16010004,22 RUE GRAND BARRERE,40000 MONT-DE-MARSAN
MM16010005,22 RUE GRAND BARRERE,40000 MONT-DE-MARSAN
MM16010006,22 RUE GRAND BARRERE,40000 MONT-DE-MARSAN
MM16010007,22 RUE GRAND BARRERE,40000 MONT-DE-MARSAN
MM16010008,22 RUE GRAND BARRERE,40000 MONT-DE-MARSAN
MM16010009,22 RUE GRAND BARRERE,40000 MONT-DE-MARSAN
MM16010010,22 RUE GRAND BARRERE,40000 MONT-DE-MARSAN
MM16010011,22 RUE GRAND BARRERE,40000 MONT-DE-MARSAN
MM16010012,22 RUE GRAND BARRERE,40000 MONT-DE-MARSAN
MM16010013,22 RUE GRAND BARRERE,40000 MONT-DE-MARSAN
MM16010014,22 RUE GRAND BARRERE,40000 MONT-DE-MARSAN
MM16010015,22 RUE GRAND BARRERE,40000 MONT-DE-MARSAN
MM16010016,22 RUE GRAND BARRERE,40000 MONT-DE-MARSAN
MM16020001,18 RUE GRAND BARRERE,40000 MONT-DE-MARSAN
MM16020002,18 RUE GRAND BARRERE,40000 MONT-DE-MARSAN
MM16020003,18 RUE GRAND BARRERE,40000 MONT-DE-MARSAN
MM16020004,18 RUE GRAND BARRERE,40000 MONT-DE-MARSAN
MM16020005,18 RUE GRAND BARRERE,40000 MONT-DE-MARSAN
MM16020006,18 RUE GRAND BARRERE,40000 MONT-DE-MARSAN
MM16020007,18 RUE GRAND BARRERE,40000 MONT-DE-MARSAN
MM16020008,18 RUE GRAND BARRERE,40000 MONT-DE-MARSAN
MM16020009,18 RUE GRAND BARRERE,40000 MONT-DE-MARSAN
MM16020010,18 RUE GRAND BARRERE,40000 MONT-DE-MARSAN
MM16020011,18 RUE GRAND BARRERE,40000 MONT-DE-MARSAN
MM16020012,18 RUE GRAND BARRERE,40000 MONT-DE-MARSAN
MM16020013,18 RUE GRAND BARRERE,40000 MONT-DE-MARSAN
MM16020014,18 RUE GRAND BARRERE,40000 MONT-DE-MARSAN
MM16030001,24 RUE GRAND BARRERE,40000 MONT-DE-MARSAN
MM16030002,24 RUE GRAND BARRERE,40000 MONT-DE-MARSAN
MM16030003,24 RUE GRAND BARRERE,40000 MONT-DE-MARSAN
MM16030004,24 RUE GRAND BARRERE,40000 MONT-DE-MARSAN
MM16030005,24 RUE GRAND BARRERE,40000 MONT-DE-MARSAN
MM16030006,24 RUE GRAND BARRERE,40000 MONT-DE-MARSAN
MM16030007,24 RUE GRAND BARRERE,40000 MONT-DE-MARSAN
MM16030008,24 RUE GRAND BARRERE,40000 MONT-DE-MARSAN
MM16030009,24 RUE GRAND BARRERE,40000 MONT-DE-MARSAN
MM16030010,24 RUE GRAND BARRERE,40000 MONT-DE-MARSAN
MM16030011,24 RUE GRAND BARRERE,40000 MONT-DE-MARSAN
MM16030012,24 RUE GRAND BARRERE,40000 MONT-DE-MARSAN
MM16030013,24 RUE GRAND BARRERE,40000 MONT-DE-MARSAN
MM16030014,24 RUE GRAND BARRERE,40000 MONT-DE-MARSAN
MM16030015,24 RUE GRAND BARRERE,40000 MONT-DE-MARSAN
MM18010001,11 IMPASSE DE MAJOURAOU,40000 MONT-DE-MARSAN
MM18010002,13 IMPASSE DE MAJOURAOU,40000 MONT-DE-MARSAN
MM18010003,15 IMPASSE DE MAJOURAOU,40000 MONT-DE-MARSAN
MM18010004,17 IMPASSE DE MAJOURAOU,40000 MONT-DE-MARSAN
MM18010005,19 IMPASSE DE MAJOURAOU,40000 MONT-DE-MARSAN
MM18010006,21 IMPASSE DE MAJOURAOU,40000 MONT-DE-MARSAN
MM18010007,23 IMPASSE DE MAJOURAOU,40000 MONT-DE-MARSAN
MM18010008,1 IMPASSE DE MAJOURAOU,40000 MONT-DE-MARSAN
MM18010009,3 IMPASSE DE MAJOURAOU,40000 MONT-DE-MARSAN
MM18010010,5 IMPASSE DE MAJOURAOU,40000 MONT-DE-MARSAN
MM18010011,7 IMPASSE DE MAJOURAOU,40000 MONT-DE-MARSAN
MM18010012,9 IMPASSE DE MAJOURAOU,40000 MONT-DE-MARSAN
MM18020001,25 IMPASSE DE MAJOURAOU,40000 MONT-DE-MARSAN
MM18020002,27 IMPASSE DE MAJOURAOU,40000 MONT-DE-MARSAN
MM18020003,29 IMPASSE DE MAJOURAOU,40000 MONT-DE-MARSAN
MM18020004,31 IMPASSE DE MAJOURAOU,40000 MONT-DE-MARSAN
MM18020005,33 IMPASSE DE MAJOURAOU,40000 MONT-DE-MARSAN
MM18020006,35 IMPASSE DE MAJOURAOU,40000 MONT-DE-MARSAN
MM18020007,37 IMPASSE DE MAJOURAOU,40000 MONT-DE-MARSAN
MM18020008,39 IMPASSE DE MAJOURAOU,40000 MONT-DE-MARSAN
MM18020009,41 IMPASSE DE MAJOURAOU,40000 MONT-DE-MARSAN
MM18020010,43 IMPASSE DE MAJOURAOU,40000 MONT-DE-MARSAN
MM18020011,45 IMPASSE DE MAJOURAOU,40000 MONT-DE-MARSAN
MM18020012,47 IMPASSE DE MAJOURAOU,40000 MONT-DE-MARSAN
MM18030001,59 IMPASSE MAJOURAOU,40000 MONT-DE-MARSAN
MM18030002,61 IMPASSE MAJOURAOU,40000 MONT-DE-MARSAN
MM18030003,63 IMPASSE MAJOURAOU,40000 MONT-DE-MARSAN
MM18030004,65 IMPASSE MAJOURAOU,40000 MONT-DE-MARSAN
MM18030005,67 IMPASSE MAJOURAOU,40000 MONT-DE-MARSAN
MM18030006,69 IMPASSE MAJOURAOU,40000 MONT-DE-MARSAN
MM18030007,71 IMPASSE MAJOURAOU,40000 MONT-DE-MARSAN
MM18030008,49 IMPASSE MAJOURAOU,40000 MONT-DE-MARSAN
MM18030009,51 IMPASSE MAJOURAOU,40000 MONT-DE-MARSAN
MM18030010,53 IMPASSE MAJOURAOU,40000 MONT-DE-MARSAN
MM18030011,55 IMPASSE MAJOURAOU,40000 MONT-DE-MARSAN
MM18030012,57 IMPASSE MAJOURAOU,40000 MONT-DE-MARSAN
MM18040001,73 IMPASSE MAJOURAOU,40000 MONT-DE-MARSAN
MM18040002,75 IMPASSE MAJOURAOU,40000 MONT-DE-MARSAN
MM18040003,77 IMPASSE MAJOURAOU,40000 MONT-DE-MARSAN
MM18040004,79 IMPASSE MAJOURAOU,40000 MONT-DE-MARSAN
MM18040005,81 IMPASSE MAJOURAOU,40000 MONT-DE-MARSAN
MM18040006,83 IMPASSE MAJOURAOU,40000 MONT-DE-MARSAN
MM18040007,85 IMPASSE MAJOURAOU,40000 MONT-DE-MARSAN
MM18040008,87 IMPASSE MAJOURAOU,40000 MONT-DE-MARSAN
MM18040009,89 IMPASSE MAJOURAOU,40000 MONT-DE-MARSAN
MM18040010,91 IMPASSE MAJOURAOU,40000 MONT-DE-MARSAN
MM18040011,93 IMPASSE MAJOURAOU,40000 MONT-DE-MARSAN
MM18040012,95 IMPASSE MAJOURAOU,40000 MONT-DE-MARSAN
MM18050001,97 IMPASSE MAJOURAOU,40000 MONT-DE-MARSAN
MM18050002,99 IMPASSE MAJOURAOU,40000 MONT-DE-MARSAN
MM19010001,14 RUE DE MARASSOT,40000 MONT-DE-MARSAN
MM19010002,14 RUE DE MARASSOT,40000 MONT-DE-MARSAN
MM19010003,14 RUE DE MARASSOT,40000 MONT-DE-MARSAN
MM19010004,14 RUE DE MARASSOT,40000 MONT-DE-MARSAN
MM19010005,14 RUE DE MARASSOT,40000 MONT-DE-MARSAN
MM19010006,14 RUE DE MARASSOT,40000 MONT-DE-MARSAN
MM19010007,14 RUE DE MARASSOT,40000 MONT-DE-MARSAN
MM19010008,14 RUE DE MARASSOT,40000 MONT-DE-MARSAN
MM19010009,14 RUE DE MARASSOT,40000 MONT-DE-MARSAN
MM19010010,14 RUE DE MARASSOT,40000 MONT-DE-MARSAN
MM19020001,5 RUE JEAN SAINT FELIX,40000 MONT-DE-MARSAN
MM19020002,5 RUE JEAN SAINT FELIX,40000 MONT-DE-MARSAN
MM19020003,5 RUE JEAN SAINT FELIX,40000 MONT-DE-MARSAN
MM19020004,5 RUE JEAN SAINT FELIX,40000 MONT-DE-MARSAN
MM19020005,5 RUE JEAN SAINT FELIX,40000 MONT-DE-MARSAN
MM19020006,5 RUE JEAN SAINT FELIX,40000 MONT-DE-MARSAN
MM19020007,5 RUE JEAN SAINT FELIX,40000 MONT-DE-MARSAN
MM19020008,5 RUE JEAN SAINT FELIX,40000 MONT-DE-MARSAN
MM19020009,5 RUE JEAN SAINT FELIX,40000 MONT-DE-MARSAN
MM19020010,5 RUE JEAN SAINT FELIX,40000 MONT-DE-MARSAN
MM20010001,8 RUE DU MARASSOT,40000 MONT-DE-MARSAN
MM20010002,10 RUE DE MARASSOT,40000 MONT-DE-MARSAN
MM20010003,12 RUE DE MARASSOT,40000 MONT-DE-MARSAN
MM20010004,4 RUE EMMANUEL DELBOUSQUET,40000 MONT-DE-MARSAN
MM20010005,7 RUE DE MARASSOT,40000 MONT-DE-MARSAN
MM20010006,9 RUE DE MARASSOT,40000 MONT-DE-MARSAN
MM20010007,3 IMPASSE DE MARASSOT,40000 MONT-DE-MARSAN
MM20010008,5 IMPASSE DE MARASSOT,40000 MONT-DE-MARSAN
MM20010009,7 IMPASSE DE MARASSOT,40000 MONT-DE-MARSAN
MM20010010,9 IMPASSE DU MARASSOT,40000 MONT-DE-MARSAN
MM20010011,8 IMPASSE DE MARASSOT,40000 MONT-DE-MARSAN
MM20010012,6 IMPASSE DE MARASSOT,40000 MONT-DE-MARSAN
MM20010013,4 IMPASSE DE MARASSOT,40000 MONT-DE-MARSAN
MM20010014,11 RUE DE MARASSOT,40000 MONT-DE-MARSAN
MM20010015,13 RUE DE MARASSOT,40000 MONT-DE-MARSAN
MM20010016,15 RUE DE MARASSOT,40000 MONT-DE-MARSAN
MM20010017,17 RUE DE MARASSOT,40000 MONT-DE-MARSAN
MM20010018,19 RUE DE MARASSOT,40000 MONT-DE-MARSAN
MM20010019,16 RUE JEAN SAINT FELIX,40000 MONT-DE-MARSAN
MM20010020,14 RUE JEAN SAINT FELIX,40000 MONT-DE-MARSAN
MM20010021,12 RUE JEAN SAINT FELIX,40000 MONT-DE-MARSAN
MM20010022,3 IMPASSE JEAN SAINT FELIX,40000 MONT-DE-MARSAN
MM20010023,5 IMPASSE RUE JEAN SAINT FELIX,40000 MONT-DE-MARSAN
MM20010024,7 IMPASSE JEAN SAINT FELIX,40000 MONT-DE-MARSAN
MM20010025,10 IMPASSE JEAN SAINT FELIX,40000 MONT-DE-MARSAN
MM20010026,8 IMPASSE JEAN SAINT FELIX,40000 MONT-DE-MARSAN
MM20010027,6 IMPASSE JEAN SAINT FELIX,40000 MONT-DE-MARSAN
MM20010028,4 IMPASSE JEAN SAINT FELIX,40000 MONT-DE-MARSAN
MM20010029,10 RUE JEAN SAINT FELIX,40000 MONT-DE-MARSAN
MM20010030,8 RUE JEAN SAINT FELIX,40000 MONT-DE-MARSAN
MM20010031,6 RUE JEAN SAINT FELIX,40000 MONT-DE-MARSAN
MM20010032,4 RUE JEAN SAINT FELIX,40000 MONT-DE-MARSAN
MM20010033,2 RUE JEAN SAINT FELIX,40000 MONT-DE-MARSAN
MM20010034,1 IMPASSE EMMANUEL DELBOUSQUET,40000 MONT-DE-MARSAN
MM20010035,3 IMPASSE EMMANUEL DELBOUSQUET,40000 MONT-DE-MARSAN
MM20010036,5 IMPASSE EMMANUEL DELBOUSQUET,40000 MONT-DE-MARSAN
MM20010037,7 IMPASSE EMMANUEL DELBOUSQUET,40000 MONT-DE-MARSAN
MM20010038,6 IMPASSE EMMANUEL DELBOUSQUET,40000 MONT-DE-MARSAN
MM20010039,4 IMPASSE EMMANUEL DELBOUSQUET,40000 MONT-DE-MARSAN
MM20010040,14 RUE EMMANUEL DELBOUSQUET,40000 MONT-DE-MARSAN
MM20010041,12 RUE EMMANUEL DELBOUSQUET,40000 MONT-DE-MARSAN
MM20010042,10 RUE EMMANUEL DELBOUSQUET,40000 MONT-DE-MARSAN
MM20010043,13 RUE EMMANUEL DELBOUSQUET,40000 MONT-DE-MARSAN
MM20010044,11 RUE EMMANUEL DELBOUSQUET,40000 MONT-DE-MARSAN
MM20010045,9 RUE EMMANUEL DELBOUSQUET,40000 MONT-DE-MARSAN
MM20010046,7 RUE EMMANUEL DELBOUSQUET,40000 MONT-DE-MARSAN
MM20010047,5 RUE EMMANUEL DELBOUSQUET,40000 MONT-DE-MARSAN
MM20010048,3 RUE EMMANUEL DELBOUSQUET,40000 MONT-DE-MARSAN
MM21010001,10 RUE BATELIERE,40000 MONT-DE-MARSAN
MM21010002,8 RUE BATELIERE,40000 MONT-DE-MARSAN
MM21010003,8 RUE BATELIERE,40000 MONT-DE-MARSAN
MM21010004,8 RUE BATELIERE,40000 MONT-DE-MARSAN
MM21010012,10 RUE BATELIERE,40000 MONT-DE-MARSAN
MM21010013,8 RUE BATELIERE,40000 MONT-DE-MARSAN
MM21010014,8 RUE BATELIERE,40000 MONT-DE-MARSAN
MM21010015,8 RUE BATELIERE,40000 MONT-DE-MARSAN
MM21010025,8 RUE BATELIERE,40000 MONT-DE-MARSAN
MM21010026,8 RUE BATELIERE,40000 MONT-DE-MARSAN
MM21010027,8 RUE BATELIERE,40000 MONT-DE-MARSAN
MM21020005,6 RUE BATELIERE,40000 MONT-DE-MARSAN
MM21020006,6 RUE BATELIERE,40000 MONT-DE-MARSAN
MM21020007,6 RUE BATELIERE,40000 MONT-DE-MARSAN
MM21020008,4 RUE BATELIERE,40000 MONT-DE-MARSAN
MM21020009,4 RUE BATELIERE,40000 MONT-DE-MARSAN
MM21020016,6 RUE BATELIERE,40000 MONT-DE-MARSAN
MM21020017,6 RUE BATELIERE,40000 MONT-DE-MARSAN
MM21020018,6 RUE BATELIERE,40000 MONT-DE-MARSAN
MM21020019,4 RUE BATELIERE,40000 MONT-DE-MARSAN
MM21020020,4 RUE BATELIERE,40000 MONT-DE-MARSAN
MM21020028,6 RUE BATELIERE,40000 MONT-DE-MARSAN
MM21020029,6 RUE BATELIERE,40000 MONT-DE-MARSAN
MM21020030,6 RUE BATELIERE,40000 MONT-DE-MARSAN
MM21020031,4 RUE BATELIERE,40000 MONT-DE-MARSAN
MM21020032,4 RUE BATELIERE,40000 MONT-DE-MARSAN
MM21030010,2 RUE BATELIERE,40000 MONT-DE-MARSAN
MM21030011,2 RUE BATELIERE,40000 MONT-DE-MARSAN
MM21030021,1 RUE CHARLES DESPIAU,40000 MONT-DE-MARSAN
MM21030022,1 RUE CHARLES DESPIAU,40000 MONT-DE-MARSAN
MM21030023,1 RUE CHARLES DESPIAU,40000 MONT-DE-MARSAN
MM21030024,1 RUE CHARLES DESPIAU,40000 MONT-DE-MARSAN
MM21030033,1 RUE CHARLES DESPIAU,40000 MONT-DE-MARSAN
MM21030034,1 RUE CHARLES DESPIAU,40000 MONT-DE-MARSAN
MM21030035,1 RUE CHARLES DESPIAU,40000 MONT-DE-MARSAN
MM21030036,1 RUE CHARLES DESPIAU,40000 MONT-DE-MARSAN
MM21030037,1 RUE CHARLES DESPIAU,40000 MONT-DE-MARSAN
MM21030038,1 RUE CHARLES DESPIAU,40000 MONT-DE-MARSAN
MM21030039,1 RUE CHARLES DESPIAU,40000 MONT-DE-MARSAN
MM21030040,1 RUE CHARLES DESPIAU,40000 MONT-DE-MARSAN
MM21030041,1 RUE CHARLES DESPIAU,40000 MONT-DE-MARSAN
MM21030042,1 RUE CHARLES DESPIAU,40000 MONT-DE-MARSAN
MM21030043,1 RUE CHARLES DESPIAU,40000 MONT-DE-MARSAN
MM21030044,1 RUE CHARLES DESPIAU,40000 MONT-DE-MARSAN
MM25010001,4 IMPASSE COMMANDANT BOFFY,40000 MONT-DE-MARSAN
MM25010002,2 IMPASSE COMMANDANT BOFFY,40000 MONT-DE-MARSAN
MM25010003,16 RUE COMMANDANT BOFFY,40000 MONT-DE-MARSAN
MM25010004,14 RUE COMMANDANT BOFFY,40000 MONT-DE-MARSAN
MM25010005,12 RUE COMMANDANT BOFFY,40000 MONT-DE-MARSAN
MM25010006,10 RUE COMMANDANT BOFFY,40000 MONT-DE-MARSAN
MM25010007,8 RUE COMMANDANT BOFFY,40000 MONT-DE-MARSAN
MM25010008,6 RUE COMMANDANT BOFFY,40000 MONT-DE-MARSAN
MM25010009,4 RUE COMMANDANT BOFFY,40000 MONT-DE-MARSAN
MM25010010,2 RUE COMMANDANT BOFFY,40000 MONT-DE-MARSAN
MM25010011,1 RUE COMMANDANT BOFFY,40000 MONT-DE-MARSAN
MM25010012,3 RUE COMMANDANT BOFFY,40000 MONT-DE-MARSAN
MM25010013,5 RUE COMMANDANT BOFFY,40000 MONT-DE-MARSAN
MM25010014,7 RUE COMMANDANT BOFFY,40000 MONT-DE-MARSAN
MM25010015,9 RUE COMMANDANT BOFFY,40000 MONT-DE-MARSAN
MM25010016,11 RUE COMMANDANT BOFFY,40000 MONT-DE-MARSAN
MM25010017,13 RUE COMMANDANT BOFFY,40000 MONT-DE-MARSAN
MM25010018,15 RUE COMMANDANT BOFFY,40000 MONT-DE-MARSAN
MM25010019,17 RUE COMMANDANT BOFFY,40000 MONT-DE-MARSAN
MM25010020,3 ALLEE JEAN CAVAILLES,40000 MONT-DE-MARSAN
MM25010021,5 ALLEE JEAN CAVAILLES,40000 MONT-DE-MARSAN
MM25010022,7 ALLEE JEAN CAVAILLES,40000 MONT-DE-MARSAN
MM25010023,9 ALLEE JEAN CAVAILLES,40000 MONT-DE-MARSAN
MM25010024,11 ALLEE JEAN CAVAILLES,40000 MONT-DE-MARSAN
MM25010025,12 ALLEE JEAN CAVAILLES,40000 MONT-DE-MARSAN
MM25010026,10 ALLEE JEAN CAVAILLES,40000 MONT-DE-MARSAN
MM25010027,8 ALLEE JEAN CAVAILLES,40000 MONT-DE-MARSAN
MM25010028,6 ALLEE JEAN CAVAILLES,40000 MONT-DE-MARSAN
MM25010029,4 ALLEE JEAN CAVAILLES,40000 MONT-DE-MARSAN
MM25010030,2 ALLEE JEAN CAVAILLES,40000 MONT-DE-MARSAN
MM25010031,21 RUE COMMANDANT BOFFY,40000 MONT-DE-MARSAN
MM25010032,11 BOULEVARD DE GOUAILLARDET,40000 MONT-DE-MARSAN
MM25010033,13 BOULEVARD DE GOUAILLARDET,40000 MONT-DE-MARSAN
MM25010034,15 BOULEVARD DE GOUAILLARDET,40000 MONT-DE-MARSAN
MM25010035,17 BOULEVARD DE GOUAILLARDET,40000 MONT-DE-MARSAN
MM25010036,2 BOULEVARD DE GOUAILLARDET,40000 MONT-DE-MARSAN
MM25010037,4 BOULEVARD DE GOUAILLARDET,40000 MONT-DE-MARSAN
MM25010038,6 BOULEVARD DE GOUAILLARDET,40000 MONT-DE-MARSAN
MM25010039,8 BOULEVARD DE GOUAILLARDET,40000 MONT-DE-MARSAN
MM25010040,24 RUE COMMANDANT BOFFY,40000 MONT-DE-MARSAN
MM25010041,26 RUE COMMANDANT BOFFY,40000 MONT-DE-MARSAN
MM25010042,28 RUE COMMANDANT BOFFY,40000 MONT-DE-MARSAN
MM25010043,30 RUE COMMANDANT BOFFY,40000 MONT-DE-MARSAN
MM25010044,29 RUE COMMANDANT BOFFY,40000 MONT-DE-MARSAN
MM25010045,27 RUE COMMANDANT BOFFY,40000 MONT-DE-MARSAN
MM25010046,25 RUE COMMANDANT BOFFY,40000 MONT-DE-MARSAN
MM25010047,23 RUE COMMANDANT BOFFY,40000 MONT-DE-MARSAN
MM25010048,2 ALLEE CAPITAINE BROSSET,40000 MONT-DE-MARSAN
MM25010049,4 ALLEE CAPITAINE BROSSET,40000 MONT-DE-MARSAN
MM25010050,6 ALLEE CAPITAINE BROSSET,40000 MONT-DE-MARSAN
MM25010051,8 ALLEE CAPITAINE BROSSET,40000 MONT-DE-MARSAN
MM25010052,10 ALLEE CAPITAINE BROSSET,40000 MONT-DE-MARSAN
MM25010053,9 ALLEE CAPITAINE BROSSET,40000 MONT-DE-MARSAN
MM25010054,7 ALLEE CAPITAINE BROSSET,40000 MONT-DE-MARSAN
MM25010055,5 ALLEE CAPITAINE BROSSET,40000 MONT-DE-MARSAN
MM25010056,3 ALLEE CAPITAINE BROSSET,40000 MONT-DE-MARSAN
MM25010057,1 ALLEE CAPITAINE BROSSET,40000 MONT-DE-MARSAN
MM26010058,11 IMPASSE COMMANDANT BOFFY,40000 MONT-DE-MARSAN
MM26010059,9 IMPASSE COMMANDANT BOFFY,40000 MONT-DE-MARSAN
MM26010060,5 IMPASSE COMMANDANT BOFFY,40000 MONT-DE-MARSAN
MM26010061,3 IMPASSE COMMANDANT BOFFY,40000 MONT-DE-MARSAN
MM26010062,1 IMPASSE COMMANDANT BOFFY,40000 MONT-DE-MARSAN
MM26010063,7 IMPASSE COMMANDANT BOFFY,40000 MONT-DE-MARSAN
MM26010064,7 IMPASSE COMMANDANT BOFFY,40000 MONT-DE-MARSAN
MM26010065,7 IMPASSE COMMANDANT BOFFY,40000 MONT-DE-MARSAN
MM26010066,7 IMPASSE COMMANDANT BOFFY,40000 MONT-DE-MARSAN
MM26010067,7 IMPASSE COMMANDANT BOFFY,40000 MONT-DE-MARSAN
MM26010068,7 IMPASSE COMMANDANT BOFFY,40000 MONT-DE-MARSAN
MM26010069,7 IMPASSE COMMANDANT BOFFY,40000 MONT-DE-MARSAN
MM26010070,7 IMPASSE COMMANDANT BOFFY,40000 MONT-DE-MARSAN
MM26010071,7 IMPASSE COMMANDANT BOFFY,40000 MONT-DE-MARSAN
MM26010072,7 IMPASSE COMMANDANT BOFFY,40000 MONT-DE-MARSAN
MM28010001,19 BOULEVARD DE GOUAILLARDET,40000 MONT-DE-MARSAN
MM28010002,21 BOULEVARD DE GOUAILLARDET,40000 MONT-DE-MARSAN
MM28010003,23 BOULEVARD DE GOUAILLARDET,40000 MONT-DE-MARSAN
MM28010004,25 BOULEVARD DE GOUAILLARDET,40000 MONT-DE-MARSAN
MM28010005,27 BOULEVARD DE GOUAILLARDET,40000 MONT-DE-MARSAN
MM28010006,29 BOULEVARD DE GOUAILLARDET,40000 MONT-DE-MARSAN
MM28010007,33 BOULEVARD DE GOUAILLARDET,40000 MONT-DE-MARSAN
MM28010008,31 BOULEVARD DE GOUAILLARDET,40000 MONT-DE-MARSAN
MM28010009,35 BOULEVARD DE GOUAILLARDET,40000 MONT-DE-MARSAN
MM28010010,37 BOULEVARD DE GOUAILLARDET,40000 MONT-DE-MARSAN
MM28010011,39 BOULEVARD DE GOUAILLARDET,40000 MONT-DE-MARSAN
MM28010012,41 BOULEVARD DE GOUAILLARDET,40000 MONT-DE-MARSAN
MM28010013,43 BOULEVARD DE GOUAILLARDET,40000 MONT-DE-MARSAN
MM28010014,45 BOULEVARD DE GOUAILLARDET,40000 MONT-DE-MARSAN
MM28010015,47 BOULEVARD DE GOUAILLARDET,40000 MONT-DE-MARSAN
MM28010016,49 BOULEVARD DE GOUAILLARDET,40000 MONT-DE-MARSAN
MM28010017,51 BOULEVARD DE GOUAILLARDET,40000 MONT-DE-MARSAN
MM28010018,53 BOULEVARD DE GOUAILLARDET,40000 MONT-DE-MARSAN
MM28010019,55 BOULEVARD DE GOUAILLARDET,40000 MONT-DE-MARSAN
MM28010020,57 BOULEVARD DE GOUAILLARDET,40000 MONT-DE-MARSAN
MM28010021,59 BOULEVARD DE GOUAILLARDET,40000 MONT-DE-MARSAN
MM28010022,61 BOULEVARD DE GOUAILLARDET,40000 MONT-DE-MARSAN
MM28010023,1 ALLEE DU 1ER MAI,40000 MONT-DE-MARSAN
MM28010024,3 ALLEE DU 1ER MAI,40000 MONT-DE-MARSAN
MM28010025,5 ALLEE DU 1ER MAI,40000 MONT-DE-MARSAN
MM28010026,7 ALLEE DU 1ER MAI,40000 MONT-DE-MARSAN
MM28010027,8 ALLEE DU 1ER MAI,40000 MONT-DE-MARSAN
MM28010028,6 ALLEE DU 1ER MAI,40000 MONT-DE-MARSAN
MM28010029,4 ALLEE DU 1ER MAI,40000 MONT-DE-MARSAN
MM28010030,2 ALLEE DU 1ER MAI,40000 MONT-DE-MARSAN
MM29010001,6 IMPASSE MARCEL CALLEDE,40000 MONT-DE-MARSAN
MM29010002,4 IMPASSE MARCEL CALLEDE,40000 MONT-DE-MARSAN
MM29010003,2 IMPASSE MARCEL CALLEDE,40000 MONT-DE-MARSAN
MM29010004,1 RUE MARCEL CALLEDE,40000 MONT-DE-MARSAN
MM29010005,3 RUE MARCEL CALLEDE,40000 MONT-DE-MARSAN
MM29010006,5 RUE MARCEL CALLEDE,40000 MONT-DE-MARSAN
MM29010007,2 RUE MARCEL CALLEDE,40000 MONT-DE-MARSAN
MM29010008,4 RUE MARCEL CALLEDE,40000 MONT-DE-MARSAN
MM29010009,6 RUE MARCEL CALLEDE,40000 MONT-DE-MARSAN
MM29010010,8 RUE MARCEL CALLEDE,40000 MONT-DE-MARSAN
MM29010011,7 RUE MARCEL CALLEDE,40000 MONT-DE-MARSAN
MM29010012,9 RUE MARCEL CALLEDE,40000 MONT-DE-MARSAN
MM29010013,11 RUE MARCEL CALLEDE,40000 MONT-DE-MARSAN
MM29010014,13 RUE MARCEL CALLEDE,40000 MONT-DE-MARSAN
MM29010015,15 RUE MARCEL CALLEDE,40000 MONT-DE-MARSAN
MM29010016,17 RUE MARCEL CALLEDE,40000 MONT-DE-MARSAN
MM29010017,19 RUE MARCEL CALLEDE,40000 MONT-DE-MARSAN
MM29010018,21 RUE MARCEL CALLEDE,40000 MONT-DE-MARSAN
MM29010019,23 RUE MARCEL CALLEDE,40000 MONT-DE-MARSAN
MM29010020,25 RUE MARCEL CALLEDE,40000 MONT-DE-MARSAN
MM29010021,27 RUE MARCEL CALLEDE,40000 MONT-DE-MARSAN
MM29010022,29 RUE MARCEL CALLEDE,40000 MONT-DE-MARSAN
MM29010023,31 RUE MARCEL CALLEDE,40000 MONT-DE-MARSAN
MM29010024,33 RUE MARCEL CALLEDE,40000 MONT-DE-MARSAN
MM29010025,8 ALLEE DU 19 JUIN,40000 MONT-DE-MARSAN
MM29010026,6 ALLEE DU 19 JUIN,40000 MONT-DE-MARSAN
MM29010027,4 ALLEE DU 19 JUIN,40000 MONT-DE-MARSAN
MM29010028,2 ALLEE DU 19 JUIN,40000 MONT-DE-MARSAN
MM29010029,1 ALLEE DU 14 JUILLET,40000 MONT-DE-MARSAN
MM29010030,3 ALLEE DU 14 JUILLET,40000 MONT-DE-MARSAN
MM29010031,5 ALLEE DU 14 JUILLET,40000 MONT-DE-MARSAN
MM29010032,7 ALLEE DU 14 JUILLET,40000 MONT-DE-MARSAN
MM29010033,44 RUE MARCEL CALLEDE,40000 MONT-DE-MARSAN
MM29010034,42 RUE MARCEL CALLEDE,40000 MONT-DE-MARSAN
MM29010035,40 RUE MARCEL CALLEDE,40000 MONT-DE-MARSAN
MM29010036,38 RUE MARCEL CALLEDE,40000 MONT-DE-MARSAN
MM29010037,36 RUE MARCEL CALLEDE,40000 MONT-DE-MARSAN
MM29010038,34 RUE MARCEL CALLEDE,40000 MONT-DE-MARSAN
MM29010039,32 RUE MARCEL CALLEDE,40000 MONT-DE-MARSAN
MM29010040,30 RUE MARCEL CALLEDE,40000 MONT-DE-MARSAN
MM30010001,9 ALLEE DU 14 JUILLET,40000 MONT-DE-MARSAN
MM30010002,11 ALLEE DU 14 JUILLET,40000 MONT-DE-MARSAN
MM30010003,13 ALLEE DU 14 JUILLET,40000 MONT-DE-MARSAN
MM30010004,15 ALLEE DU 14 JUILLET,40000 MONT-DE-MARSAN
MM30010005,17 ALLEE DU 14 JUILLET,40000 MONT-DE-MARSAN
MM30010006,619 RUE PIERRE BENOIT,40000 MONT-DE-MARSAN
MM30010007,623 RUE PIERRE BENOIT,40000 MONT-DE-MARSAN
MM30010008,75 BOULEVARD DE GOUAILLARDET,40000 MONT-DE-MARSAN
MM30010009,77 BOULEVARD DE GOUAILLARDET,40000 MONT-DE-MARSAN
MM30010010,79 BOULEVARD DE GOUAILLARDET,40000 MONT-DE-MARSAN
MM30010011,81 BOULEVARD DE GOUAILLARDET,40000 MONT-DE-MARSAN
MM30010012,83 BOULEVARD DE GOUAILLARDET,40000 MONT-DE-MARSAN
MM30010013,85 BOULEVARD DE GOUAILLARDET,40000 MONT-DE-MARSAN
MM30010014,87 BOULEVARD DE GOUAILLARDET,40000 MONT-DE-MARSAN
MM30010015,89 BOULEVARD DE GOUAILLARDET,40000 MONT-DE-MARSAN
MM30010016,91 BOULEVARD DE GOUAILLARDET,40000 MONT-DE-MARSAN
MM30010017,93 BOULEVARD DE GOUAILLARDET,40000 MONT-DE-MARSAN
MM30010018,95 BOULEVARD DE GOUAILLARDET,40000 MONT-DE-MARSAN
MM30010019,6 RUE 1954-1962,40000 MONT-DE-MARSAN
MM30010020,8 RUE 1954-1962,40000 MONT-DE-MARSAN
MM30010021,10 RUE 1954-1962,40000 MONT-DE-MARSAN
MM30010022,12 RUE 1954-1962,40000 MONT-DE-MARSAN
MM30010023,22 ALLEE DU 14 JUILLET,40000 MONT-DE-MARSAN
MM30010024,20 ALLEE DU 14 JUILLET,40000 MONT-DE-MARSAN
MM30010025,18 ALLEE DU 14 JUILLET,40000 MONT-DE-MARSAN
MM30010026,16 ALLEE DU 14 JUILLET,40000 MONT-DE-MARSAN
MM30010027,14 ALLEE DU 14 JUILLET,40000 MONT-DE-MARSAN
MM30010028,12 ALLEE DU 14 JUILLET,40000 MONT-DE-MARSAN
MM30010029,10 ALLEE DU 14 JUILLET,40000 MONT-DE-MARSAN
MM30010030,8 ALLEE DU 14 JUILLET,40000 MONT-DE-MARSAN
MM30010031,6 ALLEE DU 14 JUILLET,40000 MONT-DE-MARSAN
MM30010032,63 BOULEVARD DE GOUAILLARDET,40000 MONT-DE-MARSAN
MM30010033,65 BOULEVARD DE GOUAILLARDET,40000 MONT-DE-MARSAN
MM30010034,67 BOULEVARD DE GOUAILLARDET,40000 MONT-DE-MARSAN
MM30010035,69 BOULEVARD DE GOUAILLARDET,40000 MONT-DE-MARSAN
MM30010036,71 BOULEVARD DE GOUAILLARDET,40000 MONT-DE-MARSAN
MM30010037,73 BOULEVARD DE GOUAILLARDET,40000 MONT-DE-MARSAN
MM30010038,19 ALLEE DU 14 JUILLET,40000 MONT-DE-MARSAN
MM30010039,21 ALLEE DU 14 JUILLET,40000 MONT-DE-MARSAN
MM30010040,23 ALLEE DU 14 JUILLET,40000 MONT-DE-MARSAN
MM30010041,25 ALLEE DU 14 JUILLET,40000 MONT-DE-MARSAN
MM30010042,1 RUE 1954-1962,40000 MONT-DE-MARSAN
MM30010043,3 RUE 1954-1962,40000 MONT-DE-MARSAN
MM30010044,5 RUE 1954-1962,40000 MONT-DE-MARSAN
MM30010045,7 RUE 1954-1962,40000 MONT-DE-MARSAN
MM30010046,9 RUE 1954-1962,40000 MONT-DE-MARSAN
MM30010047,11 RUE 1954-1962,40000 MONT-DE-MARSAN
MM31010011,11 RUE DU PEYROUAT,40000 MONT-DE-MARSAN
MM31010021,11 RUE DU PEYROUAT,40000 MONT-DE-MARSAN
MM31010022,11 RUE DU PEYROUAT,40000 MONT-DE-MARSAN
MM31020011,11 RUE DU PEYROUAT,40000 MONT-DE-MARSAN
MM31020012,11 RUE DU PEYROUAT,40000 MONT-DE-MARSAN
MM31030011,11 RUE DU PEYROUAT,40000 MONT-DE-MARSAN
MM31030012,11 RUE DU PEYROUAT,40000 MONT-DE-MARSAN
MM31030013,11 RUE DU PEYROUAT,40000 MONT-DE-MARSAN
MM31030014,11 RUE DU PEYROUAT,40000 MONT-DE-MARSAN
MM31030015,11 RUE DU PEYROUAT,40000 MONT-DE-MARSAN
MM31040011,13 RUE DU PEYROUAT,40000 MONT-DE-MARSAN
MM31040012,13 RUE DU PEYROUAT,40000 MONT-DE-MARSAN
MM31040013,13 RUE DU PEYROUAT,40000 MONT-DE-MARSAN
MM31040021,13 RUE DU PEYROUAT,40000 MONT-DE-MARSAN
MM31040022,13 RUE DU PEYROUAT,40000 MONT-DE-MARSAN
MM31040023,13 RUE DU PEYROUAT,40000 MONT-DE-MARSAN
MM31050011,1 ALLEE DU PEYROUAT,40000 MONT-DE-MARSAN
MM31050012,1 ALLEE DU PEYROUAT,40000 MONT-DE-MARSAN
MM31050021,1 ALLEE DU PEYROUAT,40000 MONT-DE-MARSAN
MM31050022,1 ALLEE DU PEYROUAT,40000 MONT-DE-MARSAN
MM31050023,1 ALLEE DU PEYROUAT,40000 MONT-DE-MARSAN
MM31060011,3 ALLEE DU PEYROUAT,40000 MONT-DE-MARSAN
MM31060012,3 ALLEE DU PEYROUAT,40000 MONT-DE-MARSAN
MM31060021,3 ALLEE DU PEYROUAT,40000 MONT-DE-MARSAN
MM31060022,3 ALLEE DU PEYROUAT,40000 MONT-DE-MARSAN
MM42010001,34 RUE DE L'ABBE DAUBA,40000 MONT-DE-MARSAN
MM42010002,32 RUE DE L'ABBE DAUBA,40000 MONT-DE-MARSAN
MM42010003,30 RUE DE L'ABBE DAUBA,40000 MONT-DE-MARSAN
MM42010004,28 RUE DE L'ABBE DAUBA,40000 MONT-DE-MARSAN
MM42010005,26 RUE DE L'ABBE DAUBA,40000 MONT-DE-MARSAN
MM42010006,24 RUE DE L'ABBE DAUBA,40000 MONT-DE-MARSAN
MM42010007,20 RUE DE L'ABBE DAUBA,40000 MONT-DE-MARSAN
MM42010008,22 RUE DE L'ABBE DAUBA,40000 MONT-DE-MARSAN
MM42010009,18 RUE DE L'ABBE DAUBA,40000 MONT-DE-MARSAN
MM42010010,16 RUE DE L'ABBE DAUBA,40000 MONT-DE-MARSAN
MM42020011,10 RUE DE L'ABBE DAUBA,40000 MONT-DE-MARSAN
MM42020012,08 RUE DE L'ABBE DAUBA,40000 MONT-DE-MARSAN
MM42020013,06 RUE DE L'ABBE DAUBA,40000 MONT-DE-MARSAN
MM42020014,04 RUE DE L'ABBE DAUBA,40000 MONT-DE-MARSAN
MM42020015,28 RUE DU PEYROUAT,40000 MONT-DE-MARSAN
MM42020016,26 RUE DU PEYROUAT,40000 MONT-DE-MARSAN
MM42020017,22 RUE DU PEYROUAT,40000 MONT-DE-MARSAN
MM42020018,20 RUE DU PEYROUAT,40000 MONT-DE-MARSAN
MM42020019,18 RUE DU PEYROUAT,40000 MONT-DE-MARSAN
MM42020020,16 RUE DU PEYROUAT,40000 MONT-DE-MARSAN
MM45010001,402 RUE PIERRE BENOIT,40000 MONT-DE-MARSAN
MM45010002,412 RUE PIERRE BENOIT,40000 MONT-DE-MARSAN
MM45010003,418 RUE PIERRE BENOIT,40000 MONT-DE-MARSAN
MM45010004,426 RUE PIERRE BENOIT,40000 MONT-DE-MARSAN
MM45010005,432 RUE PIERRE BENOIT,40000 MONT-DE-MARSAN
MM45010006,40 RUE DU PEYROUAT,40000 MONT-DE-MARSAN
MM45010007,42 RUE DU PEYROUAT,40000 MONT-DE-MARSAN
MM45010008,44 RUE DU PEYROUAT,40000 MONT-DE-MARSAN
MM45010009,46 RUE DU PEYROUAT,40000 MONT-DE-MARSAN
MM45010010,25 RUE ADJUDANT RENE VALY,40000 MONT-DE-MARSAN
MM45010011,23 RUE ADJUDANT RENE VALY,40000 MONT-DE-MARSAN
MM45010012,21 RUE ADJUDANT RENE VALY,40000 MONT-DE-MARSAN
MM45010013,19 RUE ADJUDANT RENE VALY,40000 MONT-DE-MARSAN
MM45010014,17 RUE ADJUDANT RENE VALY,40000 MONT-DE-MARSAN
MM45010015,15 RUE ADJUDANT RENE VALY,40000 MONT-DE-MARSAN
MM45010016,13 RUE ADJUDANT RENE VALY,40000 MONT-DE-MARSAN
MM45010017,11 RUE ADJUDANT RENE VALY,40000 MONT-DE-MARSAN
MM45010018,9 RUE ADJUDANT RENE VALY,40000 MONT-DE-MARSAN
MM45010019,7 RUE ADJUDANT RENE VALY,40000 MONT-DE-MARSAN
MM45010020,5 RUE ADJUDANT RENE VALY,40000 MONT-DE-MARSAN
MM45010021,3 RUE ADJUDANT RENE VALY,40000 MONT-DE-MARSAN
MM45010022,1 RUE ADJUDANT RENE VALY,40000 MONT-DE-MARSAN
MM45010023,8 RUE CHEF ESCADRON SOULEGRES,40000 MONT-DE-MARSAN
MM45010024,6 RUE CHEF ESCADRON SOULEGRES,40000 MONT-DE-MARSAN
MM45010025,1 RUE PIERRE MEUILLET,40000 MONT-DE-MARSAN
MM45010026,4 RUE CHEF ESCADRON SOULEGRES,40000 MONT-DE-MARSAN
MM45010027,5 RUE CHEF ESCADRON SOULEGRES,40000 MONT-DE-MARSAN
MM45010028,38 RUE DU PEYROUAT,40000 MONT-DE-MARSAN
MM45010029,7 RUE CHEF ESCADRON SOULEGRES,40000 MONT-DE-MARSAN
MM45010030,9 RUE CHEF ESCADRON SOULEGRES,40000 MONT-DE-MARSAN
MM46010001,16 RUE GUTENBERG,40000 MONT-DE-MARSAN
MM46010002,14 RUE GUTENBERG,40000 MONT-DE-MARSAN
MM46010003,12 RUE GUTENBERG,40000 MONT-DE-MARSAN
MM46010004,10 RUE GUTENBERG,40000 MONT-DE-MARSAN
MM46010005,8 RUE GUTENBERG,40000 MONT-DE-MARSAN
MM46010006,6 RUE GUTENBERG,40000 MONT-DE-MARSAN
MM46010007,4 RUE GUTENBERG,40000 MONT-DE-MARSAN
MM46010008,2 RUE GUTENBERG,40000 MONT-DE-MARSAN
MM46010009,4 RUE HENRI DUNANT,40000 MONT-DE-MARSAN
MM46010010,2 RUE HENRI DUNANT,40000 MONT-DE-MARSAN
MM46010011,6 RUE HENRI DUNANT,40000 MONT-DE-MARSAN
MM46010012,8 RUE HENRI DUNANT,40000 MONT-DE-MARSAN
MM46010013,10 RUE HENRI DUNANT,40000 MONT-DE-MARSAN
MM46010016,5 RUE HENRI DUNANT,40000 MONT-DE-MARSAN
MM46010017,7 RUE HENRI DUNANT,40000 MONT-DE-MARSAN
MM46010020,13 RUE HENRI DUNANT,40000 MONT-DE-MARSAN
MM46010021,15 RUE HENRI DUNANT,40000 MONT-DE-MARSAN
MM46010022,17 RUE HENRI DUNANT,40000 MONT-DE-MARSAN
MM46010023,19 RUE HENRI DUNANT,40000 MONT-DE-MARSAN
MM46010024,21 RUE HENRI DUNANT,40000 MONT-DE-MARSAN
MM46010025,23 RUE HENRI DUNANT,40000 MONT-DE-MARSAN
MM46010026,25 RUE HENRI DUNANT,40000 MONT-DE-MARSAN
MM46010029,31 RUE HENRI DUNANT,40000 MONT-DE-MARSAN
MM46010030,33 RUE HENRI DUNANT,40000 MONT-DE-MARSAN
MM46010032,26 RUE HENRI DUNANT,40000 MONT-DE-MARSAN
MM46010033,24 RUE HENRI DUNANT,40000 MONT-DE-MARSAN
MM46010034,22 RUE HENRI DUNANT,40000 MONT-DE-MARSAN
MM46010035,20 RUE HENRI DUNANT,40000 MONT-DE-MARSAN
MM46010037,16 RUE HENRI DUNANT,40000 MONT-DE-MARSAN
MM46010038,14 RUE HENRI DUNANT,40000 MONT-DE-MARSAN
MM46010039,12 RUE HENRI DUNANT,40000 MONT-DE-MARSAN
MM46010040,1 RUE GUTENBERG,40000 MONT-DE-MARSAN
MM46010041,3 RUE GUTENBERG,40000 MONT-DE-MARSAN
MM46010042,5 RUE GUTENBERG,40000 MONT-DE-MARSAN
MM46010043,7 RUE GUTENBERG,40000 MONT-DE-MARSAN
MM46010046,13 RUE GUTENBERG,40000 MONT-DE-MARSAN
MM46010047,75 RUE GASTON DUPOUY,40000 MONT-DE-MARSAN
MM46010048,65 RUE GASTON DUPOUY,40000 MONT-DE-MARSAN
MM46010049,18 RUE GUTENBERG,40000 MONT-DE-MARSAN
MM46010052,11 RUE GASTON DUPOUY,40000 MONT-DE-MARSAN
MM46010053,5 RUE GASTON DUPOUY,40000 MONT-DE-MARSAN
MM47010014,1 RUE HENRI DUNANT,40000 MONT-DE-MARSAN
MM47010015,3 RUE HENRI DUNANT,40000 MONT-DE-MARSAN
MM47010018,9 RUE HENRI DUNANT,40000 MONT-DE-MARSAN
MM47010019,11 RUE HENRI DUNANT,40000 MONT-DE-MARSAN
MM47010027,27 RUE HENRI DUNANT,40000 MONT-DE-MARSAN
MM47010028,29 RUE HENRI DUNANT,40000 MONT-DE-MARSAN
MM47010031,28 RUE HENRI DUNANT,40000 MONT-DE-MARSAN
MM47010036,18 RUE HENRI DUNANT,40000 MONT-DE-MARSAN
MM47010044,9 RUE GUTENBERG,40000 MONT-DE-MARSAN
MM47010045,11 RUE GUTENBERG,40000 MONT-DE-MARSAN
MM47010050,39 RUE GASTON DUPOUY,40000 MONT-DE-MARSAN
MM47010051,29 RUE GASTON DUPOUY,40000 MONT-DE-MARSAN
MM48010101,221 RUE HELENE BOUCHER,40000 MONT-DE-MARSAN
MM48010102,221 RUE HELENE BOUCHER,40000 MONT-DE-MARSAN
MM48010103,221 RUE HELENE BOUCHER,40000 MONT-DE-MARSAN
MM48010104,221 RUE HELENE BOUCHER,40000 MONT-DE-MARSAN
MM48010105,221 RUE HELENE BOUCHER,40000 MONT-DE-MARSAN
MM48010106,221 RUE HELENE BOUCHER,40000 MONT-DE-MARSAN
MM48010107,221 RUE HELENE BOUCHER,40000 MONT-DE-MARSAN
MM48010108,221 RUE HELENE BOUCHER,40000 MONT-DE-MARSAN
MM48010109,221 RUE HELENE BOUCHER,40000 MONT-DE-MARSAN
MM48010110,221 RUE HELENE BOUCHER,40000 MONT-DE-MARSAN
MM48010201,245 RUE HELENE BOUCHER,40000 MONT-DE-MARSAN
MM48010202,245 RUE HELENE BOUCHER,40000 MONT-DE-MARSAN
MM48010203,245 RUE HELENE BOUCHER,40000 MONT-DE-MARSAN
MM48010204,245 RUE HELENE BOUCHER,40000 MONT-DE-MARSAN
MM48010205,245 RUE HELENE BOUCHER,40000 MONT-DE-MARSAN
MM48010206,245 RUE HELENE BOUCHER,40000 MONT-DE-MARSAN
MM48010207,245 RUE HELENE BOUCHER,40000 MONT-DE-MARSAN
MM48010208,245 RUE HELENE BOUCHER,40000 MONT-DE-MARSAN
MM48010209,245 RUE HELENE BOUCHER,40000 MONT-DE-MARSAN
MM48010210,245 RUE HELENE BOUCHER,40000 MONT-DE-MARSAN
MM48010301,269 RUE HELENE BOUCHER,40000 MONT-DE-MARSAN
MM48010302,269 RUE HELENE BOUCHER,40000 MONT-DE-MARSAN
MM48010303,269 RUE HELENE BOUCHER,40000 MONT-DE-MARSAN
MM48010304,269 RUE HELENE BOUCHER,40000 MONT-DE-MARSAN
MM48010305,269 RUE HELENE BOUCHER,40000 MONT-DE-MARSAN
MM48010306,269 RUE HELENE BOUCHER,40000 MONT-DE-MARSAN
MM48010307,269 RUE HELENE BOUCHER,40000 MONT-DE-MARSAN
MM48010308,269 RUE HELENE BOUCHER,40000 MONT-DE-MARSAN
MM48010309,269 RUE HELENE BOUCHER,40000 MONT-DE-MARSAN
MM48010310,269 RUE HELENE BOUCHER,40000 MONT-DE-MARSAN
MM48010401,291 RUE HELENE BOUCHER,40000 MONT-DE-MARSAN
MM48010402,291 RUE HELENE BOUCHER,40000 MONT-DE-MARSAN
MM48010403,291 RUE HELENE BOUCHER,40000 MONT-DE-MARSAN
MM48010404,291 RUE HELENE BOUCHER,40000 MONT-DE-MARSAN
MM48010405,291 RUE HELENE BOUCHER,40000 MONT-DE-MARSAN
MM48010406,291 RUE HELENE BOUCHER,40000 MONT-DE-MARSAN
MM48010407,291 RUE HELENE BOUCHER,40000 MONT-DE-MARSAN
MM48010408,291 RUE HELENE BOUCHER,40000 MONT-DE-MARSAN
MM48010409,291 RUE HELENE BOUCHER,40000 MONT-DE-MARSAN
MM48010410,291 RUE HELENE BOUCHER,40000 MONT-DE-MARSAN
MM48010501,315 RUE HELENE BOUCHER,40000 MONT-DE-MARSAN
MM48010502,315 RUE HELENE BOUCHER,40000 MONT-DE-MARSAN
MM48010503,315 RUE HELENE BOUCHER,40000 MONT-DE-MARSAN
MM48010504,315 RUE HELENE BOUCHER,40000 MONT-DE-MARSAN
MM48010505,315 RUE HELENE BOUCHER,40000 MONT-DE-MARSAN
MM48010506,315 RUE HELENE BOUCHER,40000 MONT-DE-MARSAN
MM48010507,315 RUE HELENE BOUCHER,40000 MONT-DE-MARSAN
MM48010508,315 RUE HELENE BOUCHER,40000 MONT-DE-MARSAN
MM48010509,315 RUE HELENE BOUCHER,40000 MONT-DE-MARSAN
MM48010510,315 RUE HELENE BOUCHER,40000 MONT-DE-MARSAN
MM49010001,801 AVENUE DU COLONEL KW ROZANOFF,40000 MONT-DE-MARSAN
MM49010002,801 AVENUE DU COLONEL KW ROZANOFF,40000 MONT-DE-MARSAN
MM49010003,801 AVENUE DU COLONEL KW ROZANOFF,40000 MONT-DE-MARSAN
MM49010004,801 AVENUE DU COLONEL KW ROZANOFF,40000 MONT-DE-MARSAN
MM51010001,995 AVENUE DES GRANDS PINS,40000 MONT-DE-MARSAN
MM51010002,995 AVENUE DES GRANDS PINS,40000 MONT-DE-MARSAN
MM51010003,995 AVENUE DES GRANDS PINS,40000 MONT-DE-MARSAN
MM51010004,995 AVENUE DES GRANDS PINS,40000 MONT-DE-MARSAN
MM51010005,995 AVENUE DES GRANDS PINS,40000 MONT-DE-MARSAN
MM51010006,995 AVENUE DES GRANDS PINS,40000 MONT-DE-MARSAN
MM51010007,995 AVENUE DES GRANDS PINS,40000 MONT-DE-MARSAN
MM51010008,995 AVENUE DES GRANDS PINS,40000 MONT-DE-MARSAN
MM51010009,995 AVENUE DES GRANDS PINS,40000 MONT-DE-MARSAN
MM51010010,995 AVENUE DES GRANDS PINS,40000 MONT-DE-MARSAN
MM51010011,995 AVENUE DES GRANDS PINS,40000 MONT-DE-MARSAN
MM51010012,995 AVENUE DES GRANDS PINS,40000 MONT-DE-MARSAN
MM51010013,995 AVENUE DES GRANDS PINS,40000 MONT-DE-MARSAN
MM51010014,995 AVENUE DES GRANDS PINS,40000 MONT-DE-MARSAN
MM51010015,995 AVENUE DES GRANDS PINS,40000 MONT-DE-MARSAN
MM51010016,995 AVENUE DES GRANDS PINS,40000 MONT-DE-MARSAN
MM51010017,995 AVENUE DES GRANDS PINS,40000 MONT-DE-MARSAN
MM51010018,995 AVENUE DES GRANDS PINS,40000 MONT-DE-MARSAN
MM51010019,995 AVENUE DES GRANDS PINS,40000 MONT-DE-MARSAN
MM51010020,995 AVENUE DES GRANDS PINS,40000 MONT-DE-MARSAN
MM52010001,1 ALLEE CAPITAINE MORET,40000 MONT-DE-MARSAN
MM52010002,3 ALLEE CAPITAINE MORET,40000 MONT-DE-MARSAN
MM52010003,5 ALLEE CAPITAINE MORET,40000 MONT-DE-MARSAN
MM52010004,6 ALLEE CAPITAINE MORET,40000 MONT-DE-MARSAN
MM52010005,4 ALLEE CAPITAINE MORET,40000 MONT-DE-MARSAN
MM52010006,2 ALLEE CAPITAINE MORET,40000 MONT-DE-MARSAN
MM52010007,1 ALLEE CAPITAINE LAFARGUE,40000 MONT-DE-MARSAN
MM52010008,3 ALLEE CAPITAINE LAFARGUE,40000 MONT-DE-MARSAN
MM52010009,5 ALLEE CAPITAINE LAFARGUE,40000 MONT-DE-MARSAN
MM52010010,7 ALLEE CAPITAINE LAFARGUE,40000 MONT-DE-MARSAN
MM52010011,9 ALLEE CAPITAINE LAFARGUE,40000 MONT-DE-MARSAN
MM52010012,11 ALLEE CAPITAINE LAFARGUE,40000 MONT-DE-MARSAN
MM52010013,6 ALLEE CAPITAINE LAFARGUE,40000 MONT-DE-MARSAN
MM52010014,3 ALLEE SERGENT RUY,40000 MONT-DE-MARSAN
MM52010015,5 ALLEE SERGENT RUY,40000 MONT-DE-MARSAN
MM52010016,6 ALLEE SERGENT RUY,40000 MONT-DE-MARSAN
MM52010017,4 ALLEE SERGENT RUY,40000 MONT-DE-MARSAN
MM52010018,2 ALLEE SERGENT RUY,40000 MONT-DE-MARSAN
MM52010019,1 ALLEE SERGENT RUY,40000 MONT-DE-MARSAN
MM52010020,4 ALLEE CAPITAINE LAFARGUE,40000 MONT-DE-MARSAN
MM52010021,2 ALLEE CAPITAINE LAFARGUE,40000 MONT-DE-MARSAN
MM52010022,1 ALLEE LIEUTENANT BILLERES,40000 MONT-DE-MARSAN
MM52010023,3 ALLEE LIEUTENANT BILLERES,40000 MONT-DE-MARSAN
MM52010024,5 ALLEE LIEUTENANT BILLERES,40000 MONT-DE-MARSAN
MM52010025,6 ALLEE LIEUTENANT BILLERES,40000 MONT-DE-MARSAN
MM52010026,4 ALLEE LIEUTENANT BILLERES,40000 MONT-DE-MARSAN
MM52010027,2 ALLEE LIEUTENANT BILLERES,40000 MONT-DE-MARSAN
MM52010028,1 ALLEE SERGENT BERDOT,40000 MONT-DE-MARSAN
MM52010029,3 ALLEE SERGENT BERDOT,40000 MONT-DE-MARSAN
MM52010030,5 ALLEE SERGENT BERDOT,40000 MONT-DE-MARSAN
MM52010031,7 ALLEE SERGENT BERDOT,40000 MONT-DE-MARSAN
MM52010032,8 ALLEE SERGENT BERDOT,40000 MONT-DE-MARSAN
MM52010033,6 ALLEE SERGENT BERDOT,40000 MONT-DE-MARSAN
MM52010034,4 ALLEE SERGENT BERDOT,40000 MONT-DE-MARSAN
MM52010035,2 ALLEE SERGENT BERDOT,40000 MONT-DE-MARSAN
MM52020036,1 ALLEE COLONEL ROBERT DELIN,40000 MONT-DE-MARSAN
MM52020037,3 ALLEE COLONEL ROBERT DELIN,40000 MONT-DE-MARSAN
MM52020038,5 ALLEE COLONEL ROBERT DELIN,40000 MONT-DE-MARSAN
MM52020039,7 ALLEE COLONEL ROBERT DELIN,40000 MONT-DE-MARSAN
MM52020040,6 ALLEE COLONEL ROBERT DELIN,40000 MONT-DE-MARSAN
MM52020041,4 ALLEE COLONEL ROBERT DELIN,40000 MONT-DE-MARSAN
MM52020042,2 ALLEE COLONEL ROBERT DELIN,40000 MONT-DE-MARSAN
MM52020043,1 ALLEE GENERAL VICTOR DENAIN,40000 MONT-DE-MARSAN
MM52020044,3 ALLEE GENERAL VICTOR DENAIN,40000 MONT-DE-MARSAN
MM52020045,5 ALLEE GENERAL VICTOR DENAIN,40000 MONT-DE-MARSAN
MM52020046,7 ALLEE GENERAL VICTOR DENAIN,40000 MONT-DE-MARSAN
MM52020047,8 ALLEE GENERAL VICTOR DENAIN,40000 MONT-DE-MARSAN
MM52020048,6 ALLEE GENERAL VICTOR DENAIN,40000 MONT-DE-MARSAN
MM52020049,4 ALLEE GENERAL VICTOR DENAIN,40000 MONT-DE-MARSAN
MM52020050,2 ALLEE GENERAL VICTOR DENAIN,40000 MONT-DE-MARSAN
MM52020051,1 ALLEE GENERAL DE PINS,40000 MONT-DE-MARSAN
MM52020052,3 ALLEE GENERAL DE PINS,40000 MONT-DE-MARSAN
MM52020053,5 ALLEE GENERAL DE PINS,40000 MONT-DE-MARSAN
MM52020054,8 ALLEE GENERAL DE PINS,40000 MONT-DE-MARSAN
MM52020055,6 ALLEE GENERAL DE PINS,40000 MONT-DE-MARSAN
MM52020056,4 ALLEE GENERAL DE PINS,40000 MONT-DE-MARSAN
MM52020057,2 ALLEE GENERAL DE PINS,40000 MONT-DE-MARSAN
MM52020058,1 ALLEE CAPTAINE RIVAYROL,40000 MONT-DE-MARSAN
MM52020059,3 ALLEE CAPTAINE RIVAYROL,40000 MONT-DE-MARSAN
MM52020060,5 ALLEE CAPTAINE RIVAYROL,40000 MONT-DE-MARSAN
MM52020061,7 ALLEE CAPTAINE RIVAYROL,40000 MONT-DE-MARSAN
MM52020062,6 ALLEE CAPTAINE RIVAYROL,40000 MONT-DE-MARSAN
MM52020063,4 ALLEE CAPTAINE RIVAYROL,40000 MONT-DE-MARSAN
MM52020064,2 ALLEE CAPTAINE RIVAYROL,40000 MONT-DE-MARSAN
MM52020065,1 ALLEE SERGENT BLANC,40000 MONT-DE-MARSAN
MM52020066,3 ALLEE SERGENT BLANC,40000 MONT-DE-MARSAN
MM52020067,5 ALLEE SERGENT BLANC,40000 MONT-DE-MARSAN
MM52020068,6 ALLEE SERGENT BLANC,40000 MONT-DE-MARSAN
MM52020069,4 ALLEE SERGENT BLANC,40000 MONT-DE-MARSAN
MM52020070,2 ALLEE SERGENT BLANC,40000 MONT-DE-MARSAN
MM53010001,38 RUE RENEE DARRIET,40000 MONT-DE-MARSAN
MM53010002,38 RUE RENEE DARRIET,40000 MONT-DE-MARSAN
MM53010003,38 RUE RENEE DARRIET,40000 MONT-DE-MARSAN
MM53010004,38 RUE RENEE DARRIET,40000 MONT-DE-MARSAN
MM53010005,38 RUE RENEE DARRIET,40000 MONT-DE-MARSAN
MM53010006,38 RUE RENEE DARRIET,40000 MONT-DE-MARSAN
MM53010007,38 RUE RENEE DARRIET,40000 MONT-DE-MARSAN
MM53010008,38 RUE RENEE DARRIET,40000 MONT-DE-MARSAN
MM53010009,38 RUE RENEE DARRIET,40000 MONT-DE-MARSAN
MM53010010,38 RUE RENEE DARRIET,40000 MONT-DE-MARSAN
MM53010011,38 RUE RENEE DARRIET,40000 MONT-DE-MARSAN
MM53010012,38 RUE RENEE DARRIET,40000 MONT-DE-MARSAN
MM53010013,38 RUE RENEE DARRIET,40000 MONT-DE-MARSAN
MM53010014,38 RUE RENEE DARRIET,40000 MONT-DE-MARSAN
MM53010015,38 RUE RENEE DARRIET,40000 MONT-DE-MARSAN
MM53010016,38 RUE RENEE DARRIET,40000 MONT-DE-MARSAN
MM53010017,38 RUE RENEE DARRIET,40000 MONT-DE-MARSAN
MM53010018,38 RUE RENEE DARRIET,40000 MONT-DE-MARSAN
MM53010019,38 RUE RENEE DARRIET,40000 MONT-DE-MARSAN
MM53010020,38 RUE RENEE DARRIET,40000 MONT-DE-MARSAN
MM53010021,38 RUE RENEE DARRIET,40000 MONT-DE-MARSAN
MM53010022,38 RUE RENEE DARRIET,40000 MONT-DE-MARSAN
MM53010023,18 RUE RENEE DARRIET,40000 MONT-DE-MARSAN
MM53010024,18 RUE RENEE DARRIET,40000 MONT-DE-MARSAN
MM53010025,18 RUE RENEE DARRIET,40000 MONT-DE-MARSAN
MM53010026,18 RUE RENEE DARRIET,40000 MONT-DE-MARSAN
MM53010027,18 RUE RENEE DARRIET,40000 MONT-DE-MARSAN
MM53010028,18 RUE RENEE DARRIET,40000 MONT-DE-MARSAN
MM53010029,18 RUE RENEE DARRIET,40000 MONT-DE-MARSAN
MM53010030,18 RUE RENEE DARRIET,40000 MONT-DE-MARSAN
MM53010031,18 RUE RENEE DARRIET,40000 MONT-DE-MARSAN
MM53010032,18 RUE RENEE DARRIET,40000 MONT-DE-MARSAN
MM53010033,18 RUE RENEE DARRIET,40000 MONT-DE-MARSAN
MM53010034,18 RUE RENEE DARRIET,40000 MONT-DE-MARSAN
MM53010035,18 RUE RENEE DARRIET,40000 MONT-DE-MARSAN
MM53010036,18 RUE RENEE DARRIET,40000 MONT-DE-MARSAN
MM53010037,18 RUE RENEE DARRIET,40000 MONT-DE-MARSAN
MM53010038,18 RUE RENEE DARRIET,40000 MONT-DE-MARSAN
MM53010039,18 RUE RENEE DARRIET,40000 MONT-DE-MARSAN
MM53010040,18 RUE RENEE DARRIET,40000 MONT-DE-MARSAN
MM53010041,18 RUE RENEE DARRIET,40000 MONT-DE-MARSAN
MM53010042,18 RUE RENEE DARRIET,40000 MONT-DE-MARSAN
MM53010043,18 RUE RENEE DARRIET,40000 MONT-DE-MARSAN
MM53010044,18 RUE RENEE DARRIET,40000 MONT-DE-MARSAN
MM53010045,18 RUE RENEE DARRIET,40000 MONT-DE-MARSAN
MM54010001,90 RUE RENEE DARRIET,40000 MONT-DE-MARSAN
MM54010002,90 RUE RENEE DARRIET,40000 MONT-DE-MARSAN
MM54010003,90 RUE RENEE DARRIET,40000 MONT-DE-MARSAN
MM54010004,90 RUE RENEE DARRIET,40000 MONT-DE-MARSAN
MM54010005,90 RUE RENEE DARRIET,40000 MONT-DE-MARSAN
MM54010006,90 RUE RENEE DARRIET,40000 MONT-DE-MARSAN
MM54010007,90 RUE RENEE DARRIET,40000 MONT-DE-MARSAN
MM54010008,90 RUE RENEE DARRIET,40000 MONT-DE-MARSAN
MM54010009,90 RUE RENEE DARRIET,40000 MONT-DE-MARSAN
MM54020001,420 RUE RENEE DARRIET,40000 MONT-DE-MARSAN
MM54020002,420 RUE RENEE DARRIET,40000 MONT-DE-MARSAN
MM54020003,420 RUE RENEE DARRIET,40000 MONT-DE-MARSAN
MM54020004,420 RUE RENEE DARRIET,40000 MONT-DE-MARSAN
MM54020005,420 RUE RENEE DARRIET,40000 MONT-DE-MARSAN
MM54020006,420 RUE RENEE DARRIET,40000 MONT-DE-MARSAN
MM54020007,420 RUE RENEE DARRIET,40000 MONT-DE-MARSAN
MM54020008,420 RUE RENEE DARRIET,40000 MONT-DE-MARSAN
MM54020009,420 RUE RENEE DARRIET,40000 MONT-DE-MARSAN
MM54020010,420 RUE RENEE DARRIET,40000 MONT-DE-MARSAN
MM54020011,420 RUE RENEE DARRIET,40000 MONT-DE-MARSAN
MM54020012,420 RUE RENEE DARRIET,40000 MONT-DE-MARSAN
MM55110003,110 RUE RENEE DARRIET,40000 MONT-DE-MARSAN
MM55110007,110 RUE RENEE DARRIET,40000 MONT-DE-MARSAN
MM55110009,110 RUE RENEE DARRIET,40000 MONT-DE-MARSAN
MM55110015,110 RUE RENEE DARRIET,40000 MONT-DE-MARSAN
MM55120019,380 RUE RENEE DARRIET,40000 MONT-DE-MARSAN
MM55120022,380 RUE RENEE DARRIET,40000 MONT-DE-MARSAN
MM55120023,380 RUE RENEE DARRIET,40000 MONT-DE-MARSAN
MM55120031,380 RUE RENEE DARRIET,40000 MONT-DE-MARSAN
MM55210037,336 RUE RENEE DARRIET,40000 MONT-DE-MARSAN
MM55210039,336 RUE RENEE DARRIET,40000 MONT-DE-MARSAN
MM55210040,336 RUE RENEE DARRIET,40000 MONT-DE-MARSAN
MM55210041,336 RUE RENEE DARRIET,40000 MONT-DE-MARSAN
MM55210043,336 RUE RENEE DARRIET,40000 MONT-DE-MARSAN
MM55210047,336 RUE RENEE DARRIET,40000 MONT-DE-MARSAN
MM55210053,336 RUE RENEE DARRIET,40000 MONT-DE-MARSAN
MM55210056,336 RUE RENEE DARRIET,40000 MONT-DE-MARSAN
MM55210062,336 RUE RENEE DARRIET,40000 MONT-DE-MARSAN
MM55210066,336 RUE RENEE DARRIET,40000 MONT-DE-MARSAN
MM55220068,156 RUE RENEE DARRIET,40000 MONT-DE-MARSAN
MM55220074,156 RUE RENEE DARRIET,40000 MONT-DE-MARSAN
MM55220077,156 RUE RENEE DARRIET,40000 MONT-DE-MARSAN
MM55220078,156 RUE RENEE DARRIET,40000 MONT-DE-MARSAN
MM55220088,156 RUE RENEE DARRIET,40000 MONT-DE-MARSAN
MM55220090,156 RUE RENEE DARRIET,40000 MONT-DE-MARSAN
MM55220092,156 RUE RENEE DARRIET,40000 MONT-DE-MARSAN
MM55220093,156 RUE RENEE DARRIET,40000 MONT-DE-MARSAN
MM55220095,156 RUE RENEE DARRIET,40000 MONT-DE-MARSAN
MM55310097,246 RUE RENEE DARRIET,40000 MONT-DE-MARSAN
MM55310098,246 RUE RENEE DARRIET,40000 MONT-DE-MARSAN
MM55310099,246 RUE RENEE DARRIET,40000 MONT-DE-MARSAN
MM55310102,246 RUE RENEE DARRIET,40000 MONT-DE-MARSAN
MM55310104,246 RUE RENEE DARRIET,40000 MONT-DE-MARSAN
MM55310107,246 RUE RENEE DARRIET,40000 MONT-DE-MARSAN
MM55310108,246 RUE RENEE DARRIET,40000 MONT-DE-MARSAN
MM57010001,6 RUE DE LA PAIX,40000 MONT-DE-MARSAN
MM57010002,6 RUE DE LA PAIX,40000 MONT-DE-MARSAN
MM57010003,6 RUE DE LA PAIX,40000 MONT-DE-MARSAN
MM57010004,6 RUE DE LA PAIX,40000 MONT-DE-MARSAN
MM57010005,6 RUE DE LA PAIX,40000 MONT-DE-MARSAN
MM57010006,6 RUE DE LA PAIX,40000 MONT-DE-MARSAN
MM58010001,8 RUE DE LA PAIX,40000 MONT-DE-MARSAN
MM58010002,8 RUE DE LA PAIX,40000 MONT-DE-MARSAN
MM58010003,8 RUE DE LA PAIX,40000 MONT-DE-MARSAN
MM58010004,8 RUE DE LA PAIX,40000 MONT-DE-MARSAN
MM58010005,8 RUE DE LA PAIX,40000 MONT-DE-MARSAN
MM58010006,8 RUE DE LA PAIX,40000 MONT-DE-MARSAN
MM59010001,347 RUE COMMANDANT CLERE,40000 MONT-DE-MARSAN
MM59010002,347 RUE COMMANDANT CLERE,40000 MONT-DE-MARSAN
MM59010003,347 RUE COMMANDANT CLERE,40000 MONT-DE-MARSAN
MM59010004,347 RUE COMMANDANT CLERE,40000 MONT-DE-MARSAN
MM59010005,347 RUE COMMANDANT CLERE,40000 MONT-DE-MARSAN
MM59010006,347 RUE COMMANDANT CLERE,40000 MONT-DE-MARSAN
MM59010007,347 RUE COMMANDANT CLERE,40000 MONT-DE-MARSAN
MM59010008,347 RUE COMMANDANT CLERE,40000 MONT-DE-MARSAN
MM59010009,347 RUE COMMANDANT CLERE,40000 MONT-DE-MARSAN
MM59010010,347 RUE COMMANDANT CLERE,40000 MONT-DE-MARSAN
MM59010011,347 RUE COMMANDANT CLERE,40000 MONT-DE-MARSAN
MM59010012,347 RUE COMMANDANT CLERE,40000 MONT-DE-MARSAN
MM59010013,347 RUE COMMANDANT CLERE,40000 MONT-DE-MARSAN
MM59010014,347 RUE COMMANDANT CLERE,40000 MONT-DE-MARSAN
MM59010015,347 RUE COMMANDANT CLERE,40000 MONT-DE-MARSAN
MM60010001,19 RUE DU GRAND BARRERE,40000 MONT-DE-MARSAN
MM60010002,19 RUE DU GRAND BARRERE,40000 MONT-DE-MARSAN
MM60010003,19 RUE DU GRAND BARRERE,40000 MONT-DE-MARSAN
MM60010004,19 RUE DU GRAND BARRERE,40000 MONT-DE-MARSAN
MM60010005,21 RUE DU GRAND BARRERE,40000 MONT-DE-MARSAN
MM60010006,21 RUE DU GRAND BARRERE,40000 MONT-DE-MARSAN
MM60010007,21 RUE DU GRAND BARRERE,40000 MONT-DE-MARSAN
MM60010008,21 RUE DU GRAND BARRERE,40000 MONT-DE-MARSAN
MM60010009,21 RUE DU GRAND BARRERE,40000 MONT-DE-MARSAN
MM60010010,21 RUE DU GRAND BARRERE,40000 MONT-DE-MARSAN
MM60010011,21 RUE DU GRAND BARRERE,40000 MONT-DE-MARSAN
MM60010012,23 RUE DU GRAND BARRERE,40000 MONT-DE-MARSAN
MM60010013,23 RUE DU GRAND BARRERE,40000 MONT-DE-MARSAN
MM60010014,23 RUE DU GRAND BARRERE,40000 MONT-DE-MARSAN
MM60010015,23 RUE DU GRAND BARRERE,40000 MONT-DE-MARSAN
MM60010016,23 RUE DU GRAND BARRERE,40000 MONT-DE-MARSAN
MM60010017,23 RUE DU GRAND BARRERE,40000 MONT-DE-MARSAN
MM60010018,23 RUE DU GRAND BARRERE,40000 MONT-DE-MARSAN
MM60010019,25 RUE DU GRAND BARRERE,40000 MONT-DE-MARSAN
MM60010020,25 RUE DU GRAND BARRERE,40000 MONT-DE-MARSAN
MM60010021,25 RUE DU GRAND BARRERE,40000 MONT-DE-MARSAN
MM60010022,25 RUE DU GRAND BARRERE,40000 MONT-DE-MARSAN
MM60010023,25 RUE DU GRAND BARRERE,40000 MONT-DE-MARSAN
MM60010024,25 RUE DU GRAND BARRERE,40000 MONT-DE-MARSAN
MM61010001,65 RUE FERNAND CAZENAVE,40000 MONT-DE-MARSAN
MM61010002,63 RUE FERNAND CAZENAVE,40000 MONT-DE-MARSAN
MM61010003,73 RUE FERNAND CAZENAVE,40000 MONT-DE-MARSAN
MM61010004,71 RUE FERNAND CAZENAVE,40000 MONT-DE-MARSAN
MM61010005,52 RUE FERNAND CAZENAVE,40000 MONT-DE-MARSAN
MM61010006,56 RUE FERNAND CAZENAVE,40000 MONT-DE-MARSAN
MM61010007,76 RUE FERNAND CAZENAVE,40000 MONT-DE-MARSAN
MM61010008,80 RUE FERNAND CAZENAVE,40000 MONT-DE-MARSAN
MM61010009,98 RUE FERNAND CAZENAVE,40000 MONT-DE-MARSAN
MM61010010,105 RUE FERNAND CAZENAVE,40000 MONT-DE-MARSAN
MM61010011,102 RUE FERNAND CAZENAVE,40000 MONT-DE-MARSAN
MM61010012,128 RUE FERNAND CAZENAVE,40000 MONT-DE-MARSAN
MM61010013,130 RUE FERNAND CAZENAVE,40000 MONT-DE-MARSAN
MM61010014,140 RUE FERNAND CAZENAVE,40000 MONT-DE-MARSAN
MM61010015,140 RUE FERNAND CAZENAVE,40000 MONT-DE-MARSAN
MM61010016,140 RUE FERNAND CAZENAVE,40000 MONT-DE-MARSAN
MM61010017,146 RUE FERNAND CAZENAVE,40000 MONT-DE-MARSAN
MM61010018,146 RUE FERNAND CAZENAVE,40000 MONT-DE-MARSAN
MM61010019,166 RUE FERNAND CAZENAVE,40000 MONT-DE-MARSAN
MM61010020,172 RUE FERNAND CAZENAVE,40000 MONT-DE-MARSAN
MM61010021,SERVICES TECHNIQUES,40000 MONT-DE-MARSAN
MM61010022,175 RUE FERNAND CAZENAVE,40000 MONT-DE-MARSAN
MM61010023,173 RUE FERNAND CAZENAVE,40000 MONT-DE-MARSAN
MM61010024,157 RUE FERNAND CAZENAVE,40000 MONT-DE-MARSAN
MM61010025,127 RUE FERNAND CAZENAVE,40000 MONT-DE-MARSAN
MM62010001,36 RUE PIERRE HIQUET,40000 MONT-DE-MARSAN
MM62010002,38 RUE PIERRE HIQUET,40000 MONT-DE-MARSAN
MM62010003,38 RUE PIERRE HIQUET,40000 MONT-DE-MARSAN
MM62010004,40 RUE PIERRE HIQUET,40000 MONT-DE-MARSAN
MM62010005,42 RUE PIERRE HIQUET,40000 MONT-DE-MARSAN
MM62010006,44 RUE PIERRE HIQUET,40000 MONT-DE-MARSAN
MM62010007,46 RUE PIERRE HIQUET,40000 MONT-DE-MARSAN
MM62010008,76 RUE PIERRE HIQUET,40000 MONT-DE-MARSAN
MM62010009,78 RUE PIERRE HIQUET,40000 MONT-DE-MARSAN
MM62010010,78 RUE PIERRE HIQUET,40000 MONT-DE-MARSAN
MM62010011,82 RUE PIERRE HIQUET,40000 MONT-DE-MARSAN
MM62010012,84 RUE PIERRE HIQUET,40000 MONT-DE-MARSAN
MM62010013,84 RUE PIERRE HIQUET,40000 MONT-DE-MARSAN
MM62010014,149 RUE PIERRE HIQUET,40000 MONT-DE-MARSAN
MM62010015,145 RUE PIERRE HIQUET,40000 MONT-DE-MARSAN
MM62010016,139 RUE PIERRE HIQUET,40000 MONT-DE-MARSAN
MM62010017,119 RUE PIERRE HIQUET,40000 MONT-DE-MARSAN
MM62010018,115 RUE PIERRE HIQUET,40000 MONT-DE-MARSAN
MM62010019,101 RUE PIERRE HIQUET,40000 MONT-DE-MARSAN
MM62010020,97 RUE PIERRE HIQUET,40000 MONT-DE-MARSAN
MM62010021,87 RUE PIERRE HIQUET,40000 MONT-DE-MARSAN
MM62010022,85 RUE PIERRE HIQUET,40000 MONT-DE-MARSAN
MM62010023,75 RUE PIERRE HIQUET,40000 MONT-DE-MARSAN
MM62010024,75 RUE PIERRE HIQUET,40000 MONT-DE-MARSAN
MM62010025,67 RUE PIERRE HIQUET,40000 MONT-DE-MARSAN
MM62010026,63 RUE PIERRE HIQUET,40000 MONT-DE-MARSAN
MM62010027,59 RUE PIERRE HIQUET,40000 MONT-DE-MARSAN
MM62010028,57 RUE PIERRE HIQUET,40000 MONT-DE-MARSAN
MM62010029,39 RUE PIERRE HIQUET,40000 MONT-DE-MARSAN
MM62010030,37 RUE PIERRE HIQUET,40000 MONT-DE-MARSAN
MM62010031,33 RUE PIERRE HIQUET,40000 MONT-DE-MARSAN
MM62010032,29 RUE PIERRE HIQUET,40000 MONT-DE-MARSAN
MM62010033,17 RUE PIERRE HIQUET,40000 MONT-DE-MARSAN
MM62010034,15 RUE PIERRE HIQUET,40000 MONT-DE-MARSAN
MM62010035,11 RUE PIERRE HIQUET,40000 MONT-DE-MARSAN
MM63010001,181 RUE RENEE DARRIET,40000 MONT-DE-MARSAN
MM63010002,181 RUE RENEE DARRIET,40000 MONT-DE-MARSAN
MM63010003,181 RUE RENEE DARRIET,40000 MONT-DE-MARSAN
MM63010004,181 RUE RENEE DARRIET,40000 MONT-DE-MARSAN
MM63010005,181 RUE RENEE DARRIET,40000 MONT-DE-MARSAN
MM63010006,181 RUE RENEE DARRIET,40000 MONT-DE-MARSAN
MM63010007,181 RUE RENEE DARRIET,40000 MONT-DE-MARSAN
MM63020008,215 RUE RENEE DARRIET,40000 MONT-DE-MARSAN
MM63020009,215 RUE RENEE DARRIET,40000 MONT-DE-MARSAN
MM63020010,215 RUE RENEE DARRIET,40000 MONT-DE-MARSAN
MM63020011,215 RUE RENEE DARRIET,40000 MONT-DE-MARSAN
MM63020012,215 RUE RENEE DARRIET,40000 MONT-DE-MARSAN
MM64010001,505 RUE RENEE DARRIET,40000 MONT-DE-MARSAN
MM64010002,505 RUE RENEE DARRIET,40000 MONT-DE-MARSAN
MM64010003,505 RUE RENEE DARRIET,40000 MONT-DE-MARSAN
MM64010004,505 RUE RENEE DARRIET,40000 MONT-DE-MARSAN
MM64010005,505 RUE RENEE DARRIET,40000 MONT-DE-MARSAN
MM64010006,505 RUE RENEE DARRIET,40000 MONT-DE-MARSAN
MM64010007,505 RUE RENEE DARRIET,40000 MONT-DE-MARSAN
MM64010008,505 RUE RENEE DARRIET,40000 MONT-DE-MARSAN
MM64010009,505 RUE RENEE DARRIET,40000 MONT-DE-MARSAN
MM64010010,505 RUE RENEE DARRIET,40000 MONT-DE-MARSAN
MM64010011,505 RUE RENEE DARRIET,40000 MONT-DE-MARSAN
MM64010012,505 RUE RENEE DARRIET,40000 MONT-DE-MARSAN
MM64010013,505 RUE RENEE DARRIET,40000 MONT-DE-MARSAN
MM65010001,447 RUE PIERRE BENOIT,40000 MONT-DE-MARSAN
MM65010002,447 RUE PIERRE BENOIT,40000 MONT-DE-MARSAN
MM65010003,447 RUE PIERRE BENOIT,40000 MONT-DE-MARSAN
MM65010004,447 RUE PIERRE BENOIT,40000 MONT-DE-MARSAN
MM65010005,447 RUE PIERRE BENOIT,40000 MONT-DE-MARSAN
MM65010006,447 RUE PIERRE BENOIT,40000 MONT-DE-MARSAN
MM65010007,447 RUE PIERRE BENOIT,40000 MONT-DE-MARSAN
MM65010008,447 RUE PIERRE BENOIT,40000 MONT-DE-MARSAN
MM65010009,447 RUE PIERRE BENOIT,40000 MONT-DE-MARSAN
MM65010010,447 RUE PIERRE BENOIT,40000 MONT-DE-MARSAN
MM65010011,447 RUE PIERRE BENOIT,40000 MONT-DE-MARSAN
MM65010012,447 RUE PIERRE BENOIT,40000 MONT-DE-MARSAN
MM65010013,447 RUE PIERRE BENOIT,40000 MONT-DE-MARSAN
MM65010014,447 RUE PIERRE BENOIT,40000 MONT-DE-MARSAN
MM65010015,447 RUE PIERRE BENOIT,40000 MONT-DE-MARSAN
MM65010016,447 RUE PIERRE BENOIT,40000 MONT-DE-MARSAN
MM65010017,447 RUE PIERRE BENOIT,40000 MONT-DE-MARSAN
MM65010018,447 RUE PIERRE BENOIT,40000 MONT-DE-MARSAN
MM65010019,447 RUE PIERRE BENOIT,40000 MONT-DE-MARSAN
MM65010020,447 RUE PIERRE BENOIT,40000 MONT-DE-MARSAN
MM66010001,31 RUE DU PEYROUAT,40000 MONT-DE-MARSAN
MM66010002,31 RUE DU PEYROUAT,40000 MONT-DE-MARSAN
MM66010003,31 RUE DU PEYROUAT,40000 MONT-DE-MARSAN
MM66010004,31 RUE DU PEYROUAT,40000 MONT-DE-MARSAN
MM66010005,31 RUE DU PEYROUAT,40000 MONT-DE-MARSAN
MM66010006,31 RUE DU PEYROUAT,40000 MONT-DE-MARSAN
MM66010007,31 RUE DU PEYROUAT,40000 MONT-DE-MARSAN
MM66010008,31 RUE DU PEYROUAT,40000 MONT-DE-MARSAN
MM66010009,31 RUE DU PEYROUAT,40000 MONT-DE-MARSAN
MM66010010,31 RUE DU PEYROUAT,40000 MONT-DE-MARSAN
MM66010011,31 RUE DU PEYROUAT,40000 MONT-DE-MARSAN
MM66010012,31 RUE DU PEYROUAT,40000 MONT-DE-MARSAN
MM67010001,32 RUE DU PEYROUAT,40000 MONT-DE-MARSAN
MM67010002,51 AVENUE PIERRE MEUILLET,40000 MONT-DE-MARSAN
MM67010003,61 AVENUE PIERRE MEUILLET,40000 MONT-DE-MARSAN
MM67010004,71 AVENUE PIERRE MEUILLET,40000 MONT-DE-MARSAN
MM67010005,81 AVENUE PIERRE MEUILLET,40000 MONT-DE-MARSAN
MM67010006,91 AVENUE PIERRE MEUILLET,40000 MONT-DE-MARSAN
MM68010001,111 AVENUE PIERRE MEUILLET,40000 MONT-DE-MARSAN
MM68010002,125 AVENUE PIERRE MEUILLET,40000 MONT-DE-MARSAN
MM68010003,141 AVENUE PIERRE MEUILLET,40000 MONT-DE-MARSAN
MM68010004,155 AVENUE PIERRE MEUILLET,40000 MONT-DE-MARSAN
MM69010001,7 IMPASSE ABBE DAUBA,40000 MONT-DE-MARSAN
MM69010002,19 IMPASSE ABBE DAUBA,40000 MONT-DE-MARSAN
MM69010003,31 IMPASSE ABBE DAUBA,40000 MONT-DE-MARSAN
MM69010004,43 IMPASSE ABBE DAUBA,40000 MONT-DE-MARSAN
MM69010005,162 RUE THOMAS DIAZ,40000 MONT-DE-MARSAN
MM69010006,150 RUE THOMAS DIAZ,40000 MONT-DE-MARSAN
MM69010007,138 RUE THOMAS DIAZ,40000 MONT-DE-MARSAN
MM69010008,126 RUE THOMAS DIAZ,40000 MONT-DE-MARSAN
MM70010001,26 IMPASSE GEORGES BRASSENS,40000 MONT-DE-MARSAN
MM70010002,26 IMPASSE GEORGES BRASSENS,40000 MONT-DE-MARSAN
MM70010003,26 IMPASSE GEORGES BRASSENS,40000 MONT-DE-MARSAN
MM70010004,26 IMPASSE GEORGES BRASSENS,40000 MONT-DE-MARSAN
MM70010005,26 IMPASSE GEORGES BRASSENS,40000 MONT-DE-MARSAN
MM70010006,26 IMPASSE GEORGES BRASSENS,40000 MONT-DE-MARSAN
MM70010007,26 IMPASSE GEORGES BRASSENS,40000 MONT-DE-MARSAN
MM70010008,26 IMPASSE GEORGES BRASSENS,40000 MONT-DE-MARSAN
MM70010009,26 IMPASSE GEORGES BRASSENS,40000 MONT-DE-MARSAN
MM70010010,26 IMPASSE GEORGES BRASSENS,40000 MONT-DE-MARSAN
MM71010001,374 RUE DE LA CROIX BLANCHE,40000 MONT-DE-MARSAN
MM71010002,374 RUE DE LA CROIX BLANCHE,40000 MONT-DE-MARSAN
MM71010003,374 RUE DE LA CROIX BLANCHE,40000 MONT-DE-MARSAN
MM71010004,374 RUE DE LA CROIX BLANCHE,40000 MONT-DE-MARSAN
MM71010005,374 RUE DE LA CROIX BLANCHE,40000 MONT-DE-MARSAN
MM71010006,374 RUE DE LA CROIX BLANCHE,40000 MONT-DE-MARSAN
MM71010101,374 RUE DE LA CROIX BLANCHE,40000 MONT-DE-MARSAN
MM71010102,374 RUE DE LA CROIX BLANCHE,40000 MONT-DE-MARSAN
MM71010103,374 RUE DE LA CROIX BLANCHE,40000 MONT-DE-MARSAN
MM71010104,374 RUE DE LA CROIX BLANCHE,40000 MONT-DE-MARSAN
MM71010105,374 RUE DE LA CROIX BLANCHE,40000 MONT-DE-MARSAN
MM71010106,374 RUE DE LA CROIX BLANCHE,40000 MONT-DE-MARSAN
MM71010201,374 RUE DE LA CROIX BLANCHE,40000 MONT-DE-MARSAN
MM71010202,374 RUE DE LA CROIX BLANCHE,40000 MONT-DE-MARSAN
MM71010203,374 RUE DE LA CROIX BLANCHE,40000 MONT-DE-MARSAN
MM71010204,374 RUE DE LA CROIX BLANCHE,40000 MONT-DE-MARSAN
MM71010205,374 RUE DE LA CROIX BLANCHE,40000 MONT-DE-MARSAN
MM71010206,374 RUE DE LA CROIX BLANCHE,40000 MONT-DE-MARSAN
MM71010301,374 RUE DE LA CROIX BLANCHE,40000 MONT-DE-MARSAN
MM71010302,374 RUE DE LA CROIX BLANCHE,40000 MONT-DE-MARSAN
MM71010303,374 RUE DE LA CROIX BLANCHE,40000 MONT-DE-MARSAN
MM71010304,374 RUE DE LA CROIX BLANCHE,40000 MONT-DE-MARSAN
MM71010305,374 RUE DE LA CROIX BLANCHE,40000 MONT-DE-MARSAN
MM71010306,374 RUE DE LA CROIX BLANCHE,40000 MONT-DE-MARSAN
MM71010401,374 RUE DE LA CROIX BLANCHE,40000 MONT-DE-MARSAN
MM71010402,374 RUE DE LA CROIX BLANCHE,40000 MONT-DE-MARSAN
MM71010403,374 RUE DE LA CROIX BLANCHE,40000 MONT-DE-MARSAN
MM71010404,374 RUE DE LA CROIX BLANCHE,40000 MONT-DE-MARSAN
MM71010405,374 RUE DE LA CROIX BLANCHE,40000 MONT-DE-MARSAN
MM71010406,374 RUE DE LA CROIX BLANCHE,40000 MONT-DE-MARSAN
MM71020001,374 RUE DE LA CROIX BLANCHE,40000 MONT-DE-MARSAN
MM71020002,374 RUE DE LA CROIX BLANCHE,40000 MONT-DE-MARSAN
MM71020003,374 RUE DE LA CROIX BLANCHE,40000 MONT-DE-MARSAN
MM71020004,374 RUE DE LA CROIX BLANCHE,40000 MONT-DE-MARSAN
MM71020005,374 RUE DE LA CROIX BLANCHE,40000 MONT-DE-MARSAN
MM71020101,374 RUE DE LA CROIX BLANCHE,40000 MONT-DE-MARSAN
MM71020102,374 RUE DE LA CROIX BLANCHE,40000 MONT-DE-MARSAN
MM71020103,374 RUE DE LA CROIX BLANCHE,40000 MONT-DE-MARSAN
MM71020104,374 RUE DE LA CROIX BLANCHE,40000 MONT-DE-MARSAN
MM71020105,374 RUE DE LA CROIX BLANCHE,40000 MONT-DE-MARSAN
MM71020201,374 RUE DE LA CROIX BLANCHE,40000 MONT-DE-MARSAN
MM71020202,374 RUE DE LA CROIX BLANCHE,40000 MONT-DE-MARSAN
MM71020203,374 RUE DE LA CROIX BLANCHE,40000 MONT-DE-MARSAN
MM71020204,374 RUE DE LA CROIX BLANCHE,40000 MONT-DE-MARSAN
MM71020205,374 RUE DE LA CROIX BLANCHE,40000 MONT-DE-MARSAN
MM71020301,374 RUE DE LA CROIX BLANCHE,40000 MONT-DE-MARSAN
MM71020302,374 RUE DE LA CROIX BLANCHE,40000 MONT-DE-MARSAN
MM71020303,374 RUE DE LA CROIX BLANCHE,40000 MONT-DE-MARSAN
MM71020304,374 RUE DE LA CROIX BLANCHE,40000 MONT-DE-MARSAN
MM71020305,374 RUE DE LA CROIX BLANCHE,40000 MONT-DE-MARSAN
MM71020401,374 RUE DE LA CROIX BLANCHE,40000 MONT-DE-MARSAN
MM71020402,374 RUE DE LA CROIX BLANCHE,40000 MONT-DE-MARSAN
MM71020403,374 RUE DE LA CROIX BLANCHE,40000 MONT-DE-MARSAN
MM71020404,374 RUE DE LA CROIX BLANCHE,40000 MONT-DE-MARSAN
MM71020405,374 RUE DE LA CROIX BLANCHE,40000 MONT-DE-MARSAN
MM72010001,104 RUE LOUIS BRAILLE,40000 MONT-DE-MARSAN
MM72010002,84 RUE LOUIS BRAILLE,40000 MONT-DE-MARSAN
MM72010003,80 RUE LOUIS BRAILLE,40000 MONT-DE-MARSAN
MM72010004,58 RUE LOUIS BRAILLE,40000 MONT-DE-MARSAN
MM72010005,54 RUE LOUIS BRAILLE,40000 MONT-DE-MARSAN
MM72010006,32 RUE LOUIS BRAILLE,40000 MONT-DE-MARSAN
MM72010007,28 RUE LOUIS BRAILLE,40000 MONT-DE-MARSAN
MM72010008,8 RUE LOUIS BRAILLE,40000 MONT-DE-MARSAN
MM72010009,203 RUE GASTON DUPOUY,40000 MONT-DE-MARSAN
MM72010010,207 RUE GASTON DUPOUY,40000 MONT-DE-MARSAN
MM72010011,229 RUE GASTON DUPOUY,40000 MONT-DE-MARSAN
MM72010012,3 RUE NEIL ARMSTRONG,40000 MONT-DE-MARSAN
MM72010013,2 RUE NEIL ARMSTRONG,40000 MONT-DE-MARSAN
MM72010014,23 RUE NEIL ARMSTRONG,40000 MONT-DE-MARSAN
MM72010015,24 RUE NEIL ARMSTRONG,40000 MONT-DE-MARSAN
MM72010016,27 RUE NEIL ARMSTRONG,40000 MONT-DE-MARSAN
MM72010017,28 RUE NEIL ARMSTRONG,40000 MONT-DE-MARSAN
MM72010018,51 RUE NEIL ARMSTRONG,40000 MONT-DE-MARSAN
MM72010019,50 RUE NEIL ARMSTRONG,40000 MONT-DE-MARSAN
MM72010020,55 RUE NEIL ARMSTRONG,40000 MONT-DE-MARSAN
MM72010021,60 RUE NEIL ARMSTRONG,40000 MONT-DE-MARSAN
MM72010022,77 RUE NEIL ARMSTRONG,40000 MONT-DE-MARSAN
MM72010023,82 RUE NEIL ARMSTRONG,40000 MONT-DE-MARSAN
MM72010024,89 RUE NEIL ARMSTRONG,40000 MONT-DE-MARSAN
MM72010025,144 RUE NEIL ARMSTRONG,40000 MONT-DE-MARSAN
MM72010026,143 RUE NEIL ARMSTRONG,40000 MONT-DE-MARSAN
MM72010027,166 RUE NEIL ARMSTRONG,40000 MONT-DE-MARSAN
MM72010028,165 RUE NEIL ARMSTRONG,40000 MONT-DE-MARSAN
MM72010029,169 RUE NEIL ARMSTRONG,40000 MONT-DE-MARSAN
MM72010030,181 RUE NEIL ARMSTRONG,40000 MONT-DE-MARSAN
MM72010031,28 IMPASSE NEIL ARMSTRONG,40000 MONT-DE-MARSAN
MM72010032,6 IMPASSE NEIL ARMSTRONG,40000 MONT-DE-MARSAN
MM72010033,199 RUE NEIL ARMSTRONG,40000 MONT-DE-MARSAN
MM72010034,203 RUE NEIL ARMSTRONG,40000 MONT-DE-MARSAN
MM72010035,210 RUE NEIL ARMSTRONG,40000 MONT-DE-MARSAN
MM72010036,225 RUE NEIL ARMSTRONG,40000 MONT-DE-MARSAN
MM72010037,214 RUE NEIL ARMSTRONG,40000 MONT-DE-MARSAN
MM72010038,229 RUE NEIL ARMSTRONG,40000 MONT-DE-MARSAN
MM72010039,236 RUE NEIL ARMSTRONG,40000 MONT-DE-MARSAN
MM72010040,251 RUE NEIL ARMSTRONG,40000 MONT-DE-MARSAN
MM72010041,242 RUE NEIL ARMSTRONG,40000 MONT-DE-MARSAN
MM72010042,255 RUE NEIL ARMSTRONG,40000 MONT-DE-MARSAN
MM72010043,262 RUE NEIL ARMSTRONG,40000 MONT-DE-MARSAN
MM72010044,275 RUE NEIL ARMSTRONG,40000 MONT-DE-MARSAN
MM72010045,276 RUE NEIL ARMSTRONG,40000 MONT-DE-MARSAN
MM72010046,297 RUE NEIL ARMSTRONG,40000 MONT-DE-MARSAN
MM72010047,296 RUE NEIL ARMSTRONG,40000 MONT-DE-MARSAN
MM72010048,301 RUE NEIL ARMSTRONG,40000 MONT-DE-MARSAN
MM72010049,302 RUE NEIL ARMSTRONG,40000 MONT-DE-MARSAN
MM72010050,325 RUE NEIL ARMSTRONG,40000 MONT-DE-MARSAN
MM72010051,324 RUE NEIL ARMSTRONG,40000 MONT-DE-MARSAN
MM73010001,315 AVENUE DU PEYROUAT,40000 MONT-DE-MARSAN
MM73010002,315 AVENUE DU PEYROUAT,40000 MONT-DE-MARSAN
MM73010003,315 AVENUE DU PEYROUAT,40000 MONT-DE-MARSAN
MM73010004,315 AVENUE DU PEYROUAT,40000 MONT-DE-MARSAN
MM73010005,315 AVENUE DU PEYROUAT,40000 MONT-DE-MARSAN
MM73010006,315 AVENUE DU PEYROUAT,40000 MONT-DE-MARSAN
MM73010007,315 AVENUE DU PEYROUAT,40000 MONT-DE-MARSAN
MM73010008,315 AVENUE DU PEYROUAT,40000 MONT-DE-MARSAN
MM73010009,315 AVENUE DU PEYROUAT,40000 MONT-DE-MARSAN
MM73010010,315 AVENUE DU PEYROUAT,40000 MONT-DE-MARSAN
MM73010011,315 AVENUE DU PEYROUAT,40000 MONT-DE-MARSAN
MM73010012,315 AVENUE DU PEYROUAT,40000 MONT-DE-MARSAN
MM73010013,315 AVENUE DU PEYROUAT,40000 MONT-DE-MARSAN
MM73020014,315 AVENUE DU PEYROUAT,40000 MONT-DE-MARSAN
MM73020015,315 AVENUE DU PEYROUAT,40000 MONT-DE-MARSAN
MM73020016,315 AVENUE DU PEYROUAT,40000 MONT-DE-MARSAN
MM73020017,315 AVENUE DU PEYROUAT,40000 MONT-DE-MARSAN
MM73020018,315 AVENUE DU PEYROUAT,40000 MONT-DE-MARSAN
MM73020019,315 AVENUE DU PEYROUAT,40000 MONT-DE-MARSAN
MM73020020,315 AVENUE DU PEYROUAT,40000 MONT-DE-MARSAN
MM73020021,315 AVENUE DU PEYROUAT,40000 MONT-DE-MARSAN
MM73020022,315 AVENUE DU PEYROUAT,40000 MONT-DE-MARSAN
MM73020023,315 AVENUE DU PEYROUAT,40000 MONT-DE-MARSAN
MM73020024,315 AVENUE DU PEYROUAT,40000 MONT-DE-MARSAN
MM73020025,315 AVENUE DU PEYROUAT,40000 MONT-DE-MARSAN
MM73020026,315 AVENUE DU PEYROUAT,40000 MONT-DE-MARSAN
MM73020027,315 AVENUE DU PEYROUAT,40000 MONT-DE-MARSAN
MM73020028,315 AVENUE DU PEYROUAT,40000 MONT-DE-MARSAN
MM73020029,315 AVENUE DU PEYROUAT,40000 MONT-DE-MARSAN
MM73020030,315 AVENUE DU PEYROUAT,40000 MONT-DE-MARSAN
MM74010001,580 RUE SAINT PIERRE,40000 MONT-DE-MARSAN
MM74010002,580 RUE SAINT PIERRE,40000 MONT-DE-MARSAN
MM74010003,580 RUE SAINT PIERRE,40000 MONT-DE-MARSAN
MM74010004,580 RUE SAINT PIERRE,40000 MONT-DE-MARSAN
MM74010005,580 RUE SAINT PIERRE,40000 MONT-DE-MARSAN
MM74010006,580 RUE SAINT PIERRE,40000 MONT-DE-MARSAN
MM74010007,580 RUE SAINT PIERRE,40000 MONT-DE-MARSAN
MM74010008,580 RUE SAINT PIERRE,40000 MONT-DE-MARSAN
MM74010009,580 RUE SAINT PIERRE,40000 MONT-DE-MARSAN
MM74010010,580 RUE SAINT PIERRE,40000 MONT-DE-MARSAN
MM74010011,580 RUE SAINT PIERRE,40000 MONT-DE-MARSAN
MM74010012,580 RUE SAINT PIERRE,40000 MONT-DE-MARSAN
MM74010013,580 RUE SAINT PIERRE,40000 MONT-DE-MARSAN
MM74010014,580 RUE SAINT PIERRE,40000 MONT-DE-MARSAN
MM74010015,580 RUE SAINT PIERRE,40000 MONT-DE-MARSAN
MM74010016,580 RUE SAINT PIERRE,40000 MONT-DE-MARSAN
MM74020017,580 RUE SAINT PIERRE,40000 MONT-DE-MARSAN
MM74020018,580 RUE SAINT PIERRE,40000 MONT-DE-MARSAN
MM74020019,580 RUE SAINT PIERRE,40000 MONT-DE-MARSAN
MM74020020,580 RUE SAINT PIERRE,40000 MONT-DE-MARSAN
MM74020021,580 RUE SAINT PIERRE,40000 MONT-DE-MARSAN
MM74020022,580 RUE SAINT PIERRE,40000 MONT-DE-MARSAN
MM74020023,580 RUE SAINT PIERRE,40000 MONT-DE-MARSAN
MM74020024,580 RUE SAINT PIERRE,40000 MONT-DE-MARSAN
MM74020025,580 RUE SAINT PIERRE,40000 MONT-DE-MARSAN
MM75010001,4 AVENUE DE LA LAICITE,40000 MONT-DE-MARSAN
MM75010002,2 AVENUE DE LA LAICITE,40000 MONT-DE-MARSAN
MM75010003,6 AVENUE DE LA LAICITE,40000 MONT-DE-MARSAN
MM77010001,75 CHEMIN DU BARADE,40000 MONT-DE-MARSAN
MM77010002,75 CHEMIN DU BARADE,40000 MONT-DE-MARSAN
MM77010003,75 CHEMIN DU BARADE,40000 MONT-DE-MARSAN
MM77010004,75 CHEMIN DU BARADE,40000 MONT-DE-MARSAN
MM77010005,75 CHEMIN DU BARADE,40000 MONT-DE-MARSAN
MM77010006,75 CHEMIN DU BARADE,40000 MONT-DE-MARSAN
MM77010007,75 CHEMIN DU BARADE,40000 MONT-DE-MARSAN
MM77010008,75 CHEMIN DU BARADE,40000 MONT-DE-MARSAN
MM77010009,75 CHEMIN DU BARADE,40000 MONT-DE-MARSAN
MM77010101,75 CHEMIN DU BARADE,40000 MONT-DE-MARSAN
MM77010102,75 CHEMIN DU BARADE,40000 MONT-DE-MARSAN
MM77010103,75 CHEMIN DU BARADE,40000 MONT-DE-MARSAN
MM77010104,75 CHEMIN DU BARADE,40000 MONT-DE-MARSAN
MM77010105,75 CHEMIN DU BARADE,40000 MONT-DE-MARSAN
MM77010106,75 CHEMIN DU BARADE,40000 MONT-DE-MARSAN
MM77010107,75 CHEMIN DU BARADE,40000 MONT-DE-MARSAN
MM77010108,75 CHEMIN DU BARADE,40000 MONT-DE-MARSAN
MM77010109,75 CHEMIN DU BARADE,40000 MONT-DE-MARSAN
MM77010110,75 CHEMIN DU BARADE,40000 MONT-DE-MARSAN
MM77010201,75 CHEMIN DU BARADE,40000 MONT-DE-MARSAN
MM77010202,75 CHEMIN DU BARADE,40000 MONT-DE-MARSAN
MM77010203,75 CHEMIN DU BARADE,40000 MONT-DE-MARSAN
MM77010204,75 CHEMIN DU BARADE,40000 MONT-DE-MARSAN
MM77010205,75 CHEMIN DU BARADE,40000 MONT-DE-MARSAN
MM77010206,75 CHEMIN DU BARADE,40000 MONT-DE-MARSAN
MM77010207,75 CHEMIN DU BARADE,40000 MONT-DE-MARSAN
MM77010208,75 CHEMIN DU BARADE,40000 MONT-DE-MARSAN
MM77010209,75 CHEMIN DU BARADE,40000 MONT-DE-MARSAN
MM77010210,75 CHEMIN DU BARADE,40000 MONT-DE-MARSAN
MM77010301,75 CHEMIN DU BARADE,40000 MONT-DE-MARSAN
MM77010302,75 CHEMIN DU BARADE,40000 MONT-DE-MARSAN
MM77010303,75 CHEMIN DU BARADE,40000 MONT-DE-MARSAN
MM77010304,75 CHEMIN DU BARADE,40000 MONT-DE-MARSAN
MM77010305,75 CHEMIN DU BARADE,40000 MONT-DE-MARSAN
MM77010306,75 CHEMIN DU BARADE,40000 MONT-DE-MARSAN
MM77010307,75 CHEMIN DU BARADE,40000 MONT-DE-MARSAN
MM77010308,75 CHEMIN DU BARADE,40000 MONT-DE-MARSAN
MM77010401,75 CHEMIN DU BARADE,40000 MONT-DE-MARSAN
MM77010402,75 CHEMIN DU BARADE,40000 MONT-DE-MARSAN
MM77010403,75 CHEMIN DU BARADE,40000 MONT-DE-MARSAN
MM77010404,75 CHEMIN DU BARADE,40000 MONT-DE-MARSAN
MM77010405,75 CHEMIN DU BARADE,40000 MONT-DE-MARSAN
MM77010406,75 CHEMIN DU BARADE,40000 MONT-DE-MARSAN
MM77010407,75 CHEMIN DU BARADE,40000 MONT-DE-MARSAN
MM77010408,75 CHEMIN DU BARADE,40000 MONT-DE-MARSAN
MM78010001,2 TER RUE THERESE CLAVE,40000 MONT-DE-MARSAN
MM78010002,2 TER RUE THERESE CLAVE,40000 MONT-DE-MARSAN
MM78010003,2 TER RUE THERESE CLAVE,40000 MONT-DE-MARSAN
MM78010004,2 TER RUE THERESE CLAVE,40000 MONT-DE-MARSAN
MM78010005,2 TER RUE THERESE CLAVE,40000 MONT-DE-MARSAN
MM78010006,2 TER RUE THERESE CLAVE,40000 MONT-DE-MARSAN
MM78010007,2 TER RUE THERESE CLAVE,40000 MONT-DE-MARSAN
MM78010008,2 TER RUE THERESE CLAVE,40000 MONT-DE-MARSAN
MM78010009,2 TER RUE THERESE CLAVE,40000 MONT-DE-MARSAN
MM78010010,2 TER RUE THERESE CLAVE,40000 MONT-DE-MARSAN
MM78010011,2 TER RUE THERESE CLAVE,40000 MONT-DE-MARSAN
MM78010012,2 TER RUE THERESE CLAVE,40000 MONT-DE-MARSAN
MM78010013,2 TER RUE THERESE CLAVE,40000 MONT-DE-MARSAN
MM78010014,2 TER RUE THERESE CLAVE,40000 MONT-DE-MARSAN
MM78010015,2 TER RUE THERESE CLAVE,40000 MONT-DE-MARSAN
MM78010016,2 TER RUE THERESE CLAVE,40000 MONT-DE-MARSAN
MM78010017,2 TER RUE THERESE CLAVE,40000 MONT-DE-MARSAN
MM78010018,2 TER RUE THERESE CLAVE,40000 MONT-DE-MARSAN
MM78010019,2 TER RUE THERESE CLAVE,40000 MONT-DE-MARSAN
MM78010020,2 TER RUE THERESE CLAVE,40000 MONT-DE-MARSAN
MM78010021,2 TER RUE THERESE CLAVE,40000 MONT-DE-MARSAN
MM78010022,2 TER RUE THERESE CLAVE,40000 MONT-DE-MARSAN
MM78010023,2 TER RUE THERESE CLAVE,40000 MONT-DE-MARSAN
MM78010024,2 TER RUE THERESE CLAVE,40000 MONT-DE-MARSAN
MM79010001,6 RUE PIERRE ET MARIE CURIE,40000 MONT-DE-MARSAN
MM79010002,6 RUE PIERRE ET MARIE CURIE,40000 MONT-DE-MARSAN
MM79010003,6 RUE PIERRE ET MARIE CURIE,40000 MONT-DE-MARSAN
MM79010004,6 RUE PIERRE ET MARIE CURIE,40000 MONT-DE-MARSAN
MM79010005,6 RUE PIERRE ET MARIE CURIE,40000 MONT-DE-MARSAN
MM79010006,6 RUE PIERRE ET MARIE CURIE,40000 MONT-DE-MARSAN
MM79010007,6 RUE PIERRE ET MARIE CURIE,40000 MONT-DE-MARSAN
MM79010008,6 RUE PIERRE ET MARIE CURIE,40000 MONT-DE-MARSAN
MM79010009,6 RUE PIERRE ET MARIE CURIE,40000 MONT-DE-MARSAN
MM79010010,6 RUE PIERRE ET MARIE CURIE,40000 MONT-DE-MARSAN
MM79010011,6 RUE PIERRE ET MARIE CURIE,40000 MONT-DE-MARSAN
MM79010012,6 RUE PIERRE ET MARIE CURIE,40000 MONT-DE-MARSAN
MM79010013,6 RUE PIERRE ET MARIE CURIE,40000 MONT-DE-MARSAN
MM79010014,6 RUE PIERRE ET MARIE CURIE,40000 MONT-DE-MARSAN
MM79010015,6 RUE PIERRE ET MARIE CURIE,40000 MONT-DE-MARSAN
MM79010016,6 RUE PIERRE ET MARIE CURIE,40000 MONT-DE-MARSAN
MM79010017,6 RUE PIERRE ET MARIE CURIE,40000 MONT-DE-MARSAN
MM79010018,6 RUE PIERRE ET MARIE CURIE,40000 MONT-DE-MARSAN
MM79010019,6 RUE PIERRE ET MARIE CURIE,40000 MONT-DE-MARSAN
MM79010020,6 RUE PIERRE ET MARIE CURIE,40000 MONT-DE-MARSAN
MM79010021,6 RUE PIERRE ET MARIE CURIE,40000 MONT-DE-MARSAN
MM79010022,6 RUE PIERRE ET MARIE CURIE,40000 MONT-DE-MARSAN
MM79010023,6 RUE PIERRE ET MARIE CURIE,40000 MONT-DE-MARSAN
MM79010024,6 RUE PIERRE ET MARIE CURIE,40000 MONT-DE-MARSAN
MM81010001,120 AVENUE PASTEUR,40000 MONT-DE-MARSAN
MM81010002,120 AVENUE PASTEUR,40000 MONT-DE-MARSAN
MM81010003,120 AVENUE PASTEUR,40000 MONT-DE-MARSAN
MM81010004,120 AVENUE PASTEUR,40000 MONT-DE-MARSAN
MM81010005,120 AVENUE PASTEUR,40000 MONT-DE-MARSAN
MM81010006,120 AVENUE PASTEUR,40000 MONT-DE-MARSAN
MM81010007,120 AVENUE PASTEUR,40000 MONT-DE-MARSAN
MM81010008,120 AVENUE PASTEUR,40000 MONT-DE-MARSAN
MM81010009,120 AVENUE PASTEUR,40000 MONT-DE-MARSAN
MM81010010,120 AVENUE PASTEUR,40000 MONT-DE-MARSAN
MM81010011,120 AVENUE PASTEUR,40000 MONT-DE-MARSAN
MM81010012,120 AVENUE PASTEUR,40000 MONT-DE-MARSAN
MM81020013,120 AVENUE PASTEUR,40000 MONT-DE-MARSAN
MM81020014,120 AVENUE PASTEUR,40000 MONT-DE-MARSAN
MM81020015,120 AVENUE PASTEUR,40000 MONT-DE-MARSAN
MM81020016,120 AVENUE PASTEUR,40000 MONT-DE-MARSAN
MM81020017,120 AVENUE PASTEUR,40000 MONT-DE-MARSAN
MM81020018,120 AVENUE PASTEUR,40000 MONT-DE-MARSAN
MM81020019,120 AVENUE PASTEUR,40000 MONT-DE-MARSAN
MM81020020,120 AVENUE PASTEUR,40000 MONT-DE-MARSAN
MM81020021,120 AVENUE PASTEUR,40000 MONT-DE-MARSAN
MM81020022,120 AVENUE PASTEUR,40000 MONT-DE-MARSAN
MM81020023,120 AVENUE PASTEUR,40000 MONT-DE-MARSAN
MM81020024,120 AVENUE PASTEUR,40000 MONT-DE-MARSAN
MM81030025,120 AVENUE PASTEUR,40000 MONT-DE-MARSAN
MM81030026,120 AVENUE PASTEUR,40000 MONT-DE-MARSAN
MM82010001,439 AVENUE PIERRE MENDES FRANCE,40000 MONT-DE-MARSAN
MM82010002,439 AVENUE PIERRE MENDES FRANCE,40000 MONT-DE-MARSAN
MM82010003,439 AVENUE PIERRE MENDES FRANCE,40000 MONT-DE-MARSAN
MM82010004,439 AVENUE PIERRE MENDES FRANCE,40000 MONT-DE-MARSAN
MM82010005,439 AVENUE PIERRE MENDES FRANCE,40000 MONT-DE-MARSAN
MM82010006,439 AVENUE PIERRE MENDES FRANCE,40000 MONT-DE-MARSAN
MM82010007,439 AVENUE PIERRE MENDES FRANCE,40000 MONT-DE-MARSAN
MM82010008,439 AVENUE PIERRE MENDES FRANCE,40000 MONT-DE-MARSAN
MM82010009,439 AVENUE PIERRE MENDES FRANCE,40000 MONT-DE-MARSAN
MM82010010,439 AVENUE PIERRE MENDES FRANCE,40000 MONT-DE-MARSAN
MM82010011,439 AVENUE PIERRE MENDES FRANCE,40000 MONT-DE-MARSAN
MM82010012,439 AVENUE PIERRE MENDES FRANCE,40000 MONT-DE-MARSAN
MM82010013,439 AVENUE PIERRE MENDES FRANCE,40000 MONT-DE-MARSAN
MM82010014,439 AVENUE PIERRE MENDES FRANCE,40000 MONT-DE-MARSAN
MM82010015,439 AVENUE PIERRE MENDES FRANCE,40000 MONT-DE-MARSAN
MM82010016,439 AVENUE PIERRE MENDES FRANCE,40000 MONT-DE-MARSAN
MM82010017,439 AVENUE PIERRE MENDES FRANCE,40000 MONT-DE-MARSAN
MM82010018,439 AVENUE PIERRE MENDES FRANCE,40000 MONT-DE-MARSAN
MM82010019,439 AVENUE PIERRE MENDES FRANCE,40000 MONT-DE-MARSAN
MM82010020,439 AVENUE PIERRE MENDES FRANCE,40000 MONT-DE-MARSAN
MM82010021,439 AVENUE PIERRE MENDES FRANCE,40000 MONT-DE-MARSAN
MM82010022,439 AVENUE PIERRE MENDES FRANCE,40000 MONT-DE-MARSAN
MM82010023,439 AVENUE PIERRE MENDES FRANCE,40000 MONT-DE-MARSAN
MM82010024,439 AVENUE PIERRE MENDES FRANCE,40000 MONT-DE-MARSAN
MM82010025,439 AVENUE PIERRE MENDES FRANCE,40000 MONT-DE-MARSAN
MM82010026,439 AVENUE PIERRE MENDES FRANCE,40000 MONT-DE-MARSAN
MM82020001,389 AVENUE PIERRE MENDES FRANCE,40000 MONT-DE-MARSAN
MM82020002,389 AVENUE PIERRE MENDES FRANCE,40000 MONT-DE-MARSAN
MM82020003,389 AVENUE PIERRE MENDES FRANCE,40000 MONT-DE-MARSAN
MM82020004,389 AVENUE PIERRE MENDES FRANCE,40000 MONT-DE-MARSAN
MM82020005,389 AVENUE PIERRE MENDES FRANCE,40000 MONT-DE-MARSAN
MM82020006,389 AVENUE PIERRE MENDES FRANCE,40000 MONT-DE-MARSAN
MM82020007,389 AVENUE PIERRE MENDES FRANCE,40000 MONT-DE-MARSAN
MM82020008,389 AVENUE PIERRE MENDES FRANCE,40000 MONT-DE-MARSAN
MM82020009,389 AVENUE PIERRE MENDES FRANCE,40000 MONT-DE-MARSAN
MM82020010,389 AVENUE PIERRE MENDES FRANCE,40000 MONT-DE-MARSAN
MM82020011,389 AVENUE PIERRE MENDES FRANCE,40000 MONT-DE-MARSAN
MM82020012,389 AVENUE PIERRE MENDES FRANCE,40000 MONT-DE-MARSAN
MM82020013,389 AVENUE PIERRE MENDES FRANCE,40000 MONT-DE-MARSAN
MM82020014,389 AVENUE PIERRE MENDES FRANCE,40000 MONT-DE-MARSAN
MM82020015,389 AVENUE PIERRE MENDES FRANCE,40000 MONT-DE-MARSAN
MM82020016,389 AVENUE PIERRE MENDES FRANCE,40000 MONT-DE-MARSAN
MM82020017,389 AVENUE PIERRE MENDES FRANCE,40000 MONT-DE-MARSAN
MM82020018,389 AVENUE PIERRE MENDES FRANCE,40000 MONT-DE-MARSAN
MM82020019,389 AVENUE PIERRE MENDES FRANCE,40000 MONT-DE-MARSAN
MM82020020,389 AVENUE PIERRE MENDES FRANCE,40000 MONT-DE-MARSAN
MM82020021,389 AVENUE PIERRE MENDES FRANCE,40000 MONT-DE-MARSAN
MM82020022,389 AVENUE PIERRE MENDES FRANCE,40000 MONT-DE-MARSAN
MM82020023,389 AVENUE PIERRE MENDES FRANCE,40000 MONT-DE-MARSAN
MM82020024,389 AVENUE PIERRE MENDES FRANCE,40000 MONT-DE-MARSAN
MM82020025,389 AVENUE PIERRE MENDES FRANCE,40000 MONT-DE-MARSAN
MM82020026,389 AVENUE PIERRE MENDES FRANCE,40000 MONT-DE-MARSAN
MM82030001,33 RUE MARGUERITE CARRERE,40000 MONT-DE-MARSAN
MM82030002,33 RUE MARGUERITE CARRERE,40000 MONT-DE-MARSAN
MM82030003,33 RUE MARGUERITE CARRERE,40000 MONT-DE-MARSAN
MM82030004,33 RUE MARGUERITE CARRERE,40000 MONT-DE-MARSAN
MM82030005,33 RUE MARGUERITE CARRERE,40000 MONT-DE-MARSAN
MM82030006,33 RUE MARGUERITE CARRERE,40000 MONT-DE-MARSAN
MM82030007,33 RUE MARGUERITE CARRERE,40000 MONT-DE-MARSAN
MM82030008,33 RUE MARGUERITE CARRERE,40000 MONT-DE-MARSAN
MM82030009,33 RUE MARGUERITE CARRERE,40000 MONT-DE-MARSAN
MM82030010,33 RUE MARGUERITE CARRERE,40000 MONT-DE-MARSAN
MM82030011,33 RUE MARGUERITE CARRERE,40000 MONT-DE-MARSAN
MM82030012,33 RUE MARGUERITE CARRERE,40000 MONT-DE-MARSAN
MM82030013,33 RUE MARGUERITE CARRERE,40000 MONT-DE-MARSAN
MM82030014,33 RUE MARGUERITE CARRERE,40000 MONT-DE-MARSAN
MM82030015,33 RUE MARGUERITE CARRERE,40000 MONT-DE-MARSAN
MM82030016,33 RUE MARGUERITE CARRERE,40000 MONT-DE-MARSAN
MM82030017,33 RUE MARGUERITE CARRERE,40000 MONT-DE-MARSAN
MM82030018,33 RUE MARGUERITE CARRERE,40000 MONT-DE-MARSAN
MM82030019,33 RUE MARGUERITE CARRERE,40000 MONT-DE-MARSAN
MM82030020,33 RUE MARGUERITE CARRERE,40000 MONT-DE-MARSAN
MM82030021,33 RUE MARGUERITE CARRERE,40000 MONT-DE-MARSAN
MM82030022,33 RUE MARGUERITE CARRERE,40000 MONT-DE-MARSAN
MM82030023,33 RUE MARGUERITE CARRERE,40000 MONT-DE-MARSAN
MM82030024,33 RUE MARGUERITE CARRERE,40000 MONT-DE-MARSAN
MM82030025,33 RUE MARGUERITE CARRERE,40000 MONT-DE-MARSAN
MM82030026,33 RUE MARGUERITE CARRERE,40000 MONT-DE-MARSAN
MM82040001,33 RUE MARGUERITE CARRERE,40000 MONT-DE-MARSAN
MM82040002,33 RUE MARGUERITE CARRERE,40000 MONT-DE-MARSAN
MM82040003,33 RUE MARGUERITE CARRERE,40000 MONT-DE-MARSAN
MM82040004,33 RUE MARGUERITE CARRERE,40000 MONT-DE-MARSAN
MM82040005,33 RUE MARGUERITE CARRERE,40000 MONT-DE-MARSAN
MM82040006,33 RUE MARGUERITE CARRERE,40000 MONT-DE-MARSAN
MM82040007,33 RUE MARGUERITE CARRERE,40000 MONT-DE-MARSAN
MM82040008,33 RUE MARGUERITE CARRERE,40000 MONT-DE-MARSAN
MM82040009,33 RUE MARGUERITE CARRERE,40000 MONT-DE-MARSAN
MM82040010,33 RUE MARGUERITE CARRERE,40000 MONT-DE-MARSAN
MM82040011,33 RUE MARGUERITE CARRERE,40000 MONT-DE-MARSAN
MM82040012,33 RUE MARGUERITE CARRERE,40000 MONT-DE-MARSAN
MM82040013,33 RUE MARGUERITE CARRERE,40000 MONT-DE-MARSAN
MM82040014,33 RUE MARGUERITE CARRERE,40000 MONT-DE-MARSAN
MM82040015,33 RUE MARGUERITE CARRERE,40000 MONT-DE-MARSAN
MM82040016,33 RUE MARGUERITE CARRERE,40000 MONT-DE-MARSAN
MM82040017,33 RUE MARGUERITE CARRERE,40000 MONT-DE-MARSAN
MM82040018,33 RUE MARGUERITE CARRERE,40000 MONT-DE-MARSAN
MM83010101,63 RUE ADJ RENE LOUIS THIBAULT,40000 MONT-DE-MARSAN
MM83010102,63 RUE ADJ RENE LOUIS THIBAULT,40000 MONT-DE-MARSAN
MM83010111,63 RUE ADJ RENE LOUIS THIBAULT,40000 MONT-DE-MARSAN
MM83010112,63 RUE ADJ RENE LOUIS THIBAULT,40000 MONT-DE-MARSAN
MM83010121,63 RUE ADJ RENE LOUIS THIBAULT,40000 MONT-DE-MARSAN
MM83010122,63 RUE ADJ RENE LOUIS THIBAULT,40000 MONT-DE-MARSAN
MM83020201,41 RUE ADJ RENE LOUIS THIBAULT,40000 MONT-DE-MARSAN
MM83020202,41 RUE ADJ RENE LOUIS THIBAULT,40000 MONT-DE-MARSAN
MM83020221,41 RUE ADJ RENE LOUIS THIBAULT,40000 MONT-DE-MARSAN
MM83020222,41 RUE ADJ RENE LOUIS THIBAULT,40000 MONT-DE-MARSAN
MM83030302,17 RUE ADJ RENE LOUIS THIBAULT,40000 MONT-DE-MARSAN
MM83030311,17 RUE ADJ RENE LOUIS THIBAULT,40000 MONT-DE-MARSAN
MM83030312,17 RUE ADJ RENE LOUIS THIBAULT,40000 MONT-DE-MARSAN
MM83030322,17 RUE ADJ RENE LOUIS THIBAULT,40000 MONT-DE-MARSAN
MM84010001,415 CHEMIN DE MENJOT,40000 MONT-DE-MARSAN
MM84010002,399 CHEMIN DE MENJOT,40000 MONT-DE-MARSAN
MM84010003,385 CHEMIN DE MENJOT,40000 MONT-DE-MARSAN
MM85010001,38 IMPASSE ODILE DULUC,40000 MONT-DE-MARSAN
MM85010002,38 IMPASSE ODILE DULUC,40000 MONT-DE-MARSAN
MM85010003,38 IMPASSE ODILE DULUC,40000 MONT-DE-MARSAN
MM85010004,38 IMPASSE ODILE DULUC,40000 MONT-DE-MARSAN
MM85010005,38 IMPASSE ODILE DULUC,40000 MONT-DE-MARSAN
MM85010006,38 IMPASSE ODILE DULUC,40000 MONT-DE-MARSAN
MM85010007,38 IMPASSE ODILE DULUC,40000 MONT-DE-MARSAN
MM85010008,38 IMPASSE ODILE DULUC,40000 MONT-DE-MARSAN
MM85010101,38 IMPASSE ODILE DULUC,40000 MONT-DE-MARSAN
MM85010102,38 IMPASSE ODILE DULUC,40000 MONT-DE-MARSAN
MM85010103,38 IMPASSE ODILE DULUC,40000 MONT-DE-MARSAN
MM85010104,38 IMPASSE ODILE DULUC,40000 MONT-DE-MARSAN
MM85010105,38 IMPASSE ODILE DULUC,40000 MONT-DE-MARSAN
MM85010106,38 IMPASSE ODILE DULUC,40000 MONT-DE-MARSAN
MM85010107,38 IMPASSE ODILE DULUC,40000 MONT-DE-MARSAN
MM85010108,38 IMPASSE ODILE DULUC,40000 MONT-DE-MARSAN
MM85010109,38 IMPASSE ODILE DULUC,40000 MONT-DE-MARSAN
MM85010201,38 IMPASSE ODILE DULUC,40000 MONT-DE-MARSAN
MM85010202,38 IMPASSE ODILE DULUC,40000 MONT-DE-MARSAN
MM85010203,38 IMPASSE ODILE DULUC,40000 MONT-DE-MARSAN
MM85010204,38 IMPASSE ODILE DULUC,40000 MONT-DE-MARSAN
MM85010205,38 IMPASSE ODILE DULUC,40000 MONT-DE-MARSAN
MM85010206,38 IMPASSE ODILE DULUC,40000 MONT-DE-MARSAN
MM85010207,38 IMPASSE ODILE DULUC,40000 MONT-DE-MARSAN
MM85010208,38 IMPASSE ODILE DULUC,40000 MONT-DE-MARSAN
MM85010209,38 IMPASSE ODILE DULUC,40000 MONT-DE-MARSAN
MM85010301,38 IMPASSE ODILE DULUC,40000 MONT-DE-MARSAN
MM85010302,38 IMPASSE ODILE DULUC,40000 MONT-DE-MARSAN
MM85010303,38 IMPASSE ODILE DULUC,40000 MONT-DE-MARSAN
MM85010304,38 IMPASSE ODILE DULUC,40000 MONT-DE-MARSAN
MM85010305,38 IMPASSE ODILE DULUC,40000 MONT-DE-MARSAN
MM85020001,41 IMPASSE SOPHIE MARRENS,40000 MONT-DE-MARSAN
MM85020002,41 IMPASSE SOPHIE MARRENS,40000 MONT-DE-MARSAN
MM85020003,41 IMPASSE SOPHIE MARRENS,40000 MONT-DE-MARSAN
MM85020004,41 IMPASSE SOPHIE MARRENS,40000 MONT-DE-MARSAN
MM85020005,41 IMPASSE SOPHIE MARRENS,40000 MONT-DE-MARSAN
MM85020006,41 IMPASSE SOPHIE MARRENS,40000 MONT-DE-MARSAN
MM85020101,41 IMPASSE SOPHIE MARRENS,40000 MONT-DE-MARSAN
MM85020102,41 IMPASSE SOPHIE MARRENS,40000 MONT-DE-MARSAN
MM85020103,41 IMPASSE SOPHIE MARRENS,40000 MONT-DE-MARSAN
MM85020104,41 IMPASSE SOPHIE MARRENS,40000 MONT-DE-MARSAN
MM85020105,41 IMPASSE SOPHIE MARRENS,40000 MONT-DE-MARSAN
MM85020106,41 IMPASSE SOPHIE MARRENS,40000 MONT-DE-MARSAN
MM85020107,41 IMPASSE SOPHIE MARRENS,40000 MONT-DE-MARSAN
MM85020108,41 IMPASSE SOPHIE MARRENS,40000 MONT-DE-MARSAN
MM85020109,41 IMPASSE SOPHIE MARRENS,40000 MONT-DE-MARSAN
MM85020201,41 IMPASSE SOPHIE MARRENS,40000 MONT-DE-MARSAN
MM85020202,41 IMPASSE SOPHIE MARRENS,40000 MONT-DE-MARSAN
MM85020203,41 IMPASSE SOPHIE MARRENS,40000 MONT-DE-MARSAN
MM85020204,41 IMPASSE SOPHIE MARRENS,40000 MONT-DE-MARSAN
MM85020205,41 IMPASSE SOPHIE MARRENS,40000 MONT-DE-MARSAN
MM85020206,41 IMPASSE SOPHIE MARRENS,40000 MONT-DE-MARSAN
MM85020207,41 IMPASSE SOPHIE MARRENS,40000 MONT-DE-MARSAN
MM85020208,41 IMPASSE SOPHIE MARRENS,40000 MONT-DE-MARSAN
MM85020209,41 IMPASSE SOPHIE MARRENS,40000 MONT-DE-MARSAN
MM85020301,41 IMPASSE SOPHIE MARRENS,40000 MONT-DE-MARSAN
MM85020302,41 IMPASSE SOPHIE MARRENS,40000 MONT-DE-MARSAN
MM85020303,41 IMPASSE SOPHIE MARRENS,40000 MONT-DE-MARSAN
MM85020304,41 IMPASSE SOPHIE MARRENS,40000 MONT-DE-MARSAN
MM85020305,41 IMPASSE SOPHIE MARRENS,40000 MONT-DE-MARSAN
MM85030101,48 IMPASSE SOPHIE MARRENS,40000 MONT-DE-MARSAN
MM85030102,48 IMPASSE SOPHIE MARRENS,40000 MONT-DE-MARSAN
MM85030103,48 IMPASSE SOPHIE MARRENS,40000 MONT-DE-MARSAN
MM85030104,48 IMPASSE SOPHIE MARRENS,40000 MONT-DE-MARSAN
MM85030105,48 IMPASSE SOPHIE MARRENS,40000 MONT-DE-MARSAN
MM85030106,48 IMPASSE SOPHIE MARRENS,40000 MONT-DE-MARSAN
MM85030107,48 IMPASSE SOPHIE MARRENS,40000 MONT-DE-MARSAN
MM85030108,48 IMPASSE SOPHIE MARRENS,40000 MONT-DE-MARSAN
MM85030201,48 IMPASSE SOPHIE MARRENS,40000 MONT-DE-MARSAN
MM85030202,48 IMPASSE SOPHIE MARRENS,40000 MONT-DE-MARSAN
MM85030203,48 IMPASSE SOPHIE MARRENS,40000 MONT-DE-MARSAN
MM85030204,48 IMPASSE SOPHIE MARRENS,40000 MONT-DE-MARSAN
MM85030205,48 IMPASSE SOPHIE MARRENS,40000 MONT-DE-MARSAN
MM85030206,48 IMPASSE SOPHIE MARRENS,40000 MONT-DE-MARSAN
MM85030207,48 IMPASSE SOPHIE MARRENS,40000 MONT-DE-MARSAN
MM85030208,48 IMPASSE SOPHIE MARRENS,40000 MONT-DE-MARSAN
MM85030301,48 IMPASSE SOPHIE MARRENS,40000 MONT-DE-MARSAN
MM85030302,48 IMPASSE SOPHIE MARRENS,40000 MONT-DE-MARSAN
MM85030303,48 IMPASSE SOPHIE MARRENS,40000 MONT-DE-MARSAN
MM85030304,48 IMPASSE SOPHIE MARRENS,40000 MONT-DE-MARSAN
MM85030305,48 IMPASSE SOPHIE MARRENS,40000 MONT-DE-MARSAN
MM85030306,48 IMPASSE SOPHIE MARRENS,40000 MONT-DE-MARSAN
MM85030307,48 IMPASSE SOPHIE MARRENS,40000 MONT-DE-MARSAN
MM86010001,7 AVENUE DE LA LAICITE,40000 MONT-DE-MARSAN
MM86010002,7 AVENUE DE LA LAICITE,40000 MONT-DE-MARSAN
MM86010003,7 AVENUE DE LA LAICITE,40000 MONT-DE-MARSAN
MM86010004,7 AVENUE DE LA LAICITE,40000 MONT-DE-MARSAN
MM86010005,7 AVENUE DE LA LAICITE,40000 MONT-DE-MARSAN
MM86010006,7 AVENUE DE LA LAICITE,40000 MONT-DE-MARSAN
MM86010007,7 AVENUE DE LA LAICITE,40000 MONT-DE-MARSAN
MM86010008,7 AVENUE DE LA LAICITE,40000 MONT-DE-MARSAN
MM86010009,7 AVENUE DE LA LAICITE,40000 MONT-DE-MARSAN
MM86010010,7 AVENUE DE LA LAICITE,40000 MONT-DE-MARSAN
MM86010011,7 AVENUE DE LA LAICITE,40000 MONT-DE-MARSAN
MM86010012,7 AVENUE DE LA LAICITE,40000 MONT-DE-MARSAN
MM86010013,7 AVENUE DE LA LAICITE,40000 MONT-DE-MARSAN
MM86010014,7 AVENUE DE LA LAICITE,40000 MONT-DE-MARSAN
MM86010015,7 AVENUE DE LA LAICITE,40000 MONT-DE-MARSAN
MM86010016,7 AVENUE DE LA LAICITE,40000 MONT-DE-MARSAN
MM86010017,7 AVENUE DE LA LAICITE,40000 MONT-DE-MARSAN
MM86010018,7 AVENUE DE LA LAICITE,40000 MONT-DE-MARSAN
MM86010019,7 AVENUE DE LA LAICITE,40000 MONT-DE-MARSAN
MM86010020,7 AVENUE DE LA LAICITE,40000 MONT-DE-MARSAN
MM86020021,7 AVENUE DE LA LAICITE,40000 MONT-DE-MARSAN
MM86020022,7 AVENUE DE LA LAICITE,40000 MONT-DE-MARSAN
MM86020023,7 AVENUE DE LA LAICITE,40000 MONT-DE-MARSAN
MM86020024,7 AVENUE DE LA LAICITE,40000 MONT-DE-MARSAN
MM86020025,7 AVENUE DE LA LAICITE,40000 MONT-DE-MARSAN
MM86020026,7 AVENUE DE LA LAICITE,40000 MONT-DE-MARSAN
MM86020027,7 AVENUE DE LA LAICITE,40000 MONT-DE-MARSAN
MM86020028,7 AVENUE DE LA LAICITE,40000 MONT-DE-MARSAN
MM86020029,7 AVENUE DE LA LAICITE,40000 MONT-DE-MARSAN
MM86020030,7 AVENUE DE LA LAICITE,40000 MONT-DE-MARSAN
MM86020031,7 AVENUE DE LA LAICITE,40000 MONT-DE-MARSAN
MM86020032,7 AVENUE DE LA LAICITE,40000 MONT-DE-MARSAN
MM86020033,7 AVENUE DE LA LAICITE,40000 MONT-DE-MARSAN
MM86020034,7 AVENUE DE LA LAICITE,40000 MONT-DE-MARSAN
MM86020035,7 AVENUE DE LA LAICITE,40000 MONT-DE-MARSAN
MM87010101,243 RUE ROGER BERNADET,40000 MONT-DE-MARSAN
MM87010102,243 RUE ROGER BERNADET,40000 MONT-DE-MARSAN
MM87010103,243 RUE ROGER BERNADET,40000 MONT-DE-MARSAN
MM87010104,243 RUE ROGER BERNADET,40000 MONT-DE-MARSAN
MM87010105,243 RUE ROGER BERNADET,40000 MONT-DE-MARSAN
MM87010106,243 RUE ROGER BERNADET,40000 MONT-DE-MARSAN
MM87010107,243 RUE ROGER BERNADET,40000 MONT-DE-MARSAN
MM87010201,243 RUE ROGER BERNADET,40000 MONT-DE-MARSAN
MM87010202,243 RUE ROGER BERNADET,40000 MONT-DE-MARSAN
MM87010203,243 RUE ROGER BERNADET,40000 MONT-DE-MARSAN
MM87010204,243 RUE ROGER BERNADET,40000 MONT-DE-MARSAN
MM87010205,243 RUE ROGER BERNADET,40000 MONT-DE-MARSAN
MM87010206,243 RUE ROGER BERNADET,40000 MONT-DE-MARSAN
MM87010207,243 RUE ROGER BERNADET,40000 MONT-DE-MARSAN
MM87010301,243 RUE ROGER BERNADET,40000 MONT-DE-MARSAN
MM87010302,243 RUE ROGER BERNADET,40000 MONT-DE-MARSAN
MM87010303,243 RUE ROGER BERNADET,40000 MONT-DE-MARSAN
MM87010304,243 RUE ROGER BERNADET,40000 MONT-DE-MARSAN
MM87010305,243 RUE ROGER BERNADET,40000 MONT-DE-MARSAN
MM87020001,243 RUE ROGER BERNADET,40000 MONT-DE-MARSAN
MM87020002,243 RUE ROGER BERNADET,40000 MONT-DE-MARSAN
MM87020003,243 RUE ROGER BERNADET,40000 MONT-DE-MARSAN
MM87020004,243 RUE ROGER BERNADET,40000 MONT-DE-MARSAN
MM87020005,243 RUE ROGER BERNADET,40000 MONT-DE-MARSAN
MM87020101,243 RUE ROGER BERNADET,40000 MONT-DE-MARSAN
MM87020102,243 RUE ROGER BERNADET,40000 MONT-DE-MARSAN
MM87020103,243 RUE ROGER BERNADET,40000 MONT-DE-MARSAN
MM87020104,243 RUE ROGER BERNADET,40000 MONT-DE-MARSAN
MM87020105,243 RUE ROGER BERNADET,40000 MONT-DE-MARSAN
MM87020106,243 RUE ROGER BERNADET,40000 MONT-DE-MARSAN
MM87020201,243 RUE ROGER BERNADET,40000 MONT-DE-MARSAN
MM87020202,243 RUE ROGER BERNADET,40000 MONT-DE-MARSAN
MM87020203,243 RUE ROGER BERNADET,40000 MONT-DE-MARSAN
MM87020204,243 RUE ROGER BERNADET,40000 MONT-DE-MARSAN
MM87020205,243 RUE ROGER BERNADET,40000 MONT-DE-MARSAN
MM87020301,243 RUE ROGER BERNADET,40000 MONT-DE-MARSAN
MM87020302,243 RUE ROGER BERNADET,40000 MONT-DE-MARSAN
MM87020303,243 RUE ROGER BERNADET,40000 MONT-DE-MARSAN
MM87020304,243 RUE ROGER BERNADET,40000 MONT-DE-MARSAN
MM87020305,243 RUE ROGER BERNADET,40000 MONT-DE-MARSAN
MN01010001,20 RUE DES BIENVENUS,40500 MONTGAILLARD
MN01010002,40 RUE DES BIENVENUS,40500 MONTGAILLARD
MN01010003,50 RUE DES BIENVENUS,40500 MONTGAILLARD
MN01010004,110 RUE DES BIENVENUS,40500 MONTGAILLARD
MN01010005,130 RUE DES BIENVENUS,40500 MONTGAILLARD
MN01010006,150 RUE DES BIENVENUS,40500 MONTGAILLARD
MO01010001,1 LA GRANDE SEGUE,40410 MANO
MO01010002,2 LA GRANDE SEGUE,40410 MANO
MR01010001,89 ROUTE DE ROQUEFORT,40120 MAILLERES
MR01010002,91 ROUTE DE ROQUEFORT,40120 MAILLERES
MR01010003,93 ROUTE DE ROQUEFORT,40120 MAILLERES
MR01010004,94 ROUTE DE ROQUEFORT,40120 MAILLERES
MS01010001,92 RUE DU STADE,40320 MIRAMONT-SENSACQ
MS01010002,96 RUE DU STADE,40320 MIRAMONT-SENSACQ
MS01010003,132 RUE DU STADE,40320 MIRAMONT-SENSACQ
MS01010004,136 RUE DU STADE,40320 MIRAMONT-SENSACQ
MU01010001,LOTISSEMENT DE HILLETTE,40250 MUGRON
MU01010002,LOTISSEMENT DE HILLETTE,40250 MUGRON
MU01010003,LOTISSEMENT DE HILLETTE,40250 MUGRON
MU01010005,LOTISSEMENT DE HILLETTE,40250 MUGRON
MU02010001,17 LOTISSEMENT DE HILLETTE,40250 MUGRON
MU02010002,16 LOTISSEMENT DE HILLETTE,40250 MUGRON
MU02010003,18 LOTISSEMENT DE HILLETTE,40250 MUGRON
MU02010004,19 LOTISSEMENT DE HILLETTE,40250 MUGRON
MX02010001,2 RUE DE LA CITE BARBUSSE,40110 MORCENX-LA-NOUVELLE
MX02010002,4 RUE CITE BARBUSSE,40110 MORCENX-LA-NOUVELLE
MX02010003,6 RUE CITE BARBUSSE,40110 MORCENX-LA-NOUVELLE
MX02010004,8 RUE CITE BARBUSSE,40110 MORCENX-LA-NOUVELLE
MX02010005,10 RUE CITE BARBUSSE,40110 MORCENX-LA-NOUVELLE
MX02010006,12 RUE CITE BARBUSSE,40110 MORCENX-LA-NOUVELLE
MX02010007,14 RUE CITE BARBUSSE,40110 MORCENX-LA-NOUVELLE
MX02010008,16 RUE CITE BARBUSSE,40110 MORCENX-LA-NOUVELLE
MX02010009,18 RUE CITE BARBUSSE,40110 MORCENX-LA-NOUVELLE
MX02010010,20 RUE CITE BARBUSSE,40110 MORCENX-LA-NOUVELLE
MX02010011,22 RUE CITE BARBUSSE,40110 MORCENX-LA-NOUVELLE
MX02010012,24 RUE CITE BARBUSSE,40110 MORCENX-LA-NOUVELLE
MX02010013,26 RUE CITE BARBUSSE,40110 MORCENX-LA-NOUVELLE
MX02010014,28 RUE CITE BARBUSSE,40110 MORCENX-LA-NOUVELLE
MX02010015,30 RUE CITE BARBUSSE,40110 MORCENX-LA-NOUVELLE
MX02010016,32 RUE CITE BARBUSSE,40110 MORCENX-LA-NOUVELLE
MX02010017,34 RUE CITE BARBUSSE,40110 MORCENX-LA-NOUVELLE
MX02010018,36 RUE CITE BARBUSSE,40110 MORCENX-LA-NOUVELLE
MX02010019,1 RUE CITE BARBUSSE,40110 MORCENX-LA-NOUVELLE
MX02010020,3 RUE CITE BARBUSSE,40110 MORCENX-LA-NOUVELLE
MX02010021,5 RUE CITE BARBUSSE,40110 MORCENX-LA-NOUVELLE
MX02010022,7 RUE CITE BARBUSSE,40110 MORCENX-LA-NOUVELLE
MX02010023,9 RUE CITE BARBUSSE,40110 MORCENX-LA-NOUVELLE
MX02010024,11 RUE CITE BARBUSSE,40110 MORCENX-LA-NOUVELLE
MX02010025,13 RUE CITE BARBUSSE,40110 MORCENX-LA-NOUVELLE
MX02010026,15 RUE CITE BARBUSSE,40110 MORCENX-LA-NOUVELLE
MX02010027,17 RUE CITE BARBUSSE,40110 MORCENX-LA-NOUVELLE
MX02010028,19 RUE CITE BARBUSSE,40110 MORCENX-LA-NOUVELLE
MX02010029,21 RUE CITE BARBUSSE,40110 MORCENX-LA-NOUVELLE
MX02010030,23 RUE CITE BARBUSSE,40110 MORCENX-LA-NOUVELLE
MX03010001,25 RUE DE LA CITE BARBUSSE,40110 MORCENX-LA-NOUVELLE
MX03010002,27 RUE DE LA CITE BARBUSSE,40110 MORCENX-LA-NOUVELLE
MX03010003,29 RUE DE LA CITE BARBUSSE,40110 MORCENX-LA-NOUVELLE
MX03010004,31 RUE DE LA CITE BARBUSSE,40110 MORCENX-LA-NOUVELLE
MX03010005,33 RUE DE LA CITE BARBUSSE,40110 MORCENX-LA-NOUVELLE
MX03010006,35 RUE DE LA CITE BARBUSSE,40110 MORCENX-LA-NOUVELLE
MX03010007,37 RUE DE LA CITE BARBUSSE,40110 MORCENX-LA-NOUVELLE
MX03010008,82 RUE DE LA CITE BARBUSSE,40110 MORCENX-LA-NOUVELLE
MX03010009,80 RUE DE LA CITE BARBUSSE,40110 MORCENX-LA-NOUVELLE
MX03010010,78 RUE DE LA CITE BARBUSSE,40110 MORCENX-LA-NOUVELLE
MX03010011,76 RUE DE LA CITE BARBUSSE,40110 MORCENX-LA-NOUVELLE
MX03010012,74 RUE DE LA CITE BARBUSSE,40110 MORCENX-LA-NOUVELLE
MX03010013,72 RUE DE LA CITE BARBUSSE,40110 MORCENX-LA-NOUVELLE
MX03010014,70 RUE DE LA CITE BARBUSSE,40110 MORCENX-LA-NOUVELLE
MX03010015,68 RUE DE LA CITE BARBUSSE,40110 MORCENX-LA-NOUVELLE
MX03010016,66 RUE DE LA CITE BARBUSSE,40110 MORCENX-LA-NOUVELLE
MX03010017,64 RUE DE LA CITE BARBUSSE,40110 MORCENX-LA-NOUVELLE
MX03010018,62 RUE DE LA CITE BARBUSSE,40110 MORCENX-LA-NOUVELLE
MX03010019,60 RUE DE LA CITE BARBUSSE,40110 MORCENX-LA-NOUVELLE
MX03010020,58 RUE DE LA CITE BARBUSSE,40110 MORCENX-LA-NOUVELLE
MX03010021,56 RUE DE LA CITE BARBUSSE,40110 MORCENX-LA-NOUVELLE
MX03010022,54 RUE DE LA CITE BARBUSSE,40110 MORCENX-LA-NOUVELLE
MX03010023,52 RUE DE LA CITE BARBUSSE,40110 MORCENX-LA-NOUVELLE
MX03010024,50 RUE DE LA CITE BARBUSSE,40110 MORCENX-LA-NOUVELLE
MX03010025,48 RUE DE LA CITE BARBUSSE,40110 MORCENX-LA-NOUVELLE
MX03010026,46 RUE DE LA CITE BARBUSSE,40110 MORCENX-LA-NOUVELLE
MX03010027,44 RUE DE LA CITE BARBUSSE,40110 MORCENX-LA-NOUVELLE
MX03010028,42 RUE DE LA CITE BARBUSSE,40110 MORCENX-LA-NOUVELLE
MX03010029,40 RUE DE LA CITE BARBUSSE,40110 MORCENX-LA-NOUVELLE
MX03010030,38 RUE DE LA CITE BARBUSSE,40110 MORCENX-LA-NOUVELLE
MX04010001,2 RUE DE LA CITE PERNAUTUC,40110 MORCENX-LA-NOUVELLE
MX04010002,4 RUE CITE PERNAUTUC,40110 MORCENX-LA-NOUVELLE
MX04010003,6 RUE CITE PERNAUTUC,40110 MORCENX-LA-NOUVELLE
MX04010004,8 RUE CITE PERNAUTUC,40110 MORCENX-LA-NOUVELLE
MX04010005,10 RUE CITE PERNAUTUC,40110 MORCENX-LA-NOUVELLE
MX04010006,12 RUE CITE PERNAUTUC,40110 MORCENX-LA-NOUVELLE
MX04010008,16 RUE CITE PERNAUTUC,40110 MORCENX-LA-NOUVELLE
MX04010009,18 RUE CITE PERNAUTUC,40110 MORCENX-LA-NOUVELLE
MX04010012,24 RUE CITE PERNAUTUC,40110 MORCENX-LA-NOUVELLE
MX04010013,26 RUE CITE PERNAUTUC,40110 MORCENX-LA-NOUVELLE
MX04010014,28 RUE CITE PERNAUTUC,40110 MORCENX-LA-NOUVELLE
MX04010015,30 CITE PERNAUTUC,40110 MORCENX-LA-NOUVELLE
MX04010016,32 RUE CITE PERNAUTUC,40110 MORCENX-LA-NOUVELLE
MX04010017,27 RUE CITE PERNAUTUC,40110 MORCENX-LA-NOUVELLE
MX04010018,25 RUE CITE PERNAUTUC,40110 MORCENX-LA-NOUVELLE
MX04010019,23 RUE CITE PERNAUTUC,40110 MORCENX-LA-NOUVELLE
MX04010020,21 RUE CITE PERNAUTUC,40110 MORCENX-LA-NOUVELLE
MX04010021,19 RUE CITE PERNAUTUC,40110 MORCENX-LA-NOUVELLE
MX04010022,17 RUE CITE PERNAUTUC,40110 MORCENX-LA-NOUVELLE
MX04010023,15 CITE PERNAUTUC,40110 MORCENX-LA-NOUVELLE
MX04010024,13 RUE CITE PERNAUTUC,40110 MORCENX-LA-NOUVELLE
MX04010025,11 RUE CITE PERNAUTUC,40110 MORCENX-LA-NOUVELLE
MX04010026,9 RUE CITE PERNAUTUC,40110 MORCENX-LA-NOUVELLE
MX04010027,7 RUE CITE PERNAUTUC,40110 MORCENX-LA-NOUVELLE
MX04010028,5 CITE PERNAUTUC,40110 MORCENX-LA-NOUVELLE
MX04010029,3 RUE CITE PERNAUTUC,40110 MORCENX-LA-NOUVELLE
MX04010030,1 RUE CITE PERNAUTUC,40110 MORCENX-LA-NOUVELLE
MX05010001,2 RUE LAFAYETTE,40110 MORCENX-LA-NOUVELLE
MX05010002,2 RUE LAFAYETTE,40110 MORCENX-LA-NOUVELLE
MX05010003,2 RUE LAFAYETTE,40110 MORCENX-LA-NOUVELLE
MX05010004,2 RUE LAFAYETTE,40110 MORCENX-LA-NOUVELLE
MX05010005,2 RUE LAFAYETTE,40110 MORCENX-LA-NOUVELLE
MX05010006,2 RUE LAFAYETTE,40110 MORCENX-LA-NOUVELLE
MX05010007,2 RUE LAFAYETTE,40110 MORCENX-LA-NOUVELLE
MX05010008,2 RUE LAFAYETTE,40110 MORCENX-LA-NOUVELLE
MX05010009,2 RUE LAFAYETTE,40110 MORCENX-LA-NOUVELLE
MX05010010,2 RUE LAFAYETTE,40110 MORCENX-LA-NOUVELLE
MX05010011,2 RUE LAFAYETTE,40110 MORCENX-LA-NOUVELLE
MX05010012,2 RUE LAFAYETTE,40110 MORCENX-LA-NOUVELLE
MX05010013,2 RUE LAFAYETTE,40110 MORCENX-LA-NOUVELLE
MX05010014,2 RUE LAFAYETTE,40110 MORCENX-LA-NOUVELLE
MX05010015,2 RUE LAFAYETTE,40110 MORCENX-LA-NOUVELLE
MX05010016,2 RUE LAFAYETTE,40110 MORCENX-LA-NOUVELLE
MX05010017,2 RUE LAFAYETTE,40110 MORCENX-LA-NOUVELLE
MX05010018,2 RUE LAFAYETTE,40110 MORCENX-LA-NOUVELLE
MX05010019,2 RUE LAFAYETTE,40110 MORCENX-LA-NOUVELLE
MX05020001,11 RUE PASCAL DUPRAT,40110 MORCENX-LA-NOUVELLE
MX05020002,11 RUE PASCAL DUPRAT,40110 MORCENX-LA-NOUVELLE
MX05020003,11 RUE PASCAL DUPRAT,40110 MORCENX-LA-NOUVELLE
MX05020004,11 RUE PASCAL DUPRAT,40110 MORCENX-LA-NOUVELLE
MX05020005,11 RUE PASCAL DUPRAT,40110 MORCENX-LA-NOUVELLE
MX05020006,11 RUE PASCAL DUPRAT,40110 MORCENX-LA-NOUVELLE
MX05020007,11 RUE PASCAL DUPRAT,40110 MORCENX-LA-NOUVELLE
MX06010001,10 RUE WALDECK ROUSSEAU,40110 MORCENX-LA-NOUVELLE
MX06010002,10 RUE WALDECK ROUSSEAU,40110 MORCENX-LA-NOUVELLE
MX06010003,10 RUE WALDECK ROUSSEAU,40110 MORCENX-LA-NOUVELLE
MX06010004,10 RUE WALDECK ROUSSEAU,40110 MORCENX-LA-NOUVELLE
MX06010005,10 RUE WALDECK ROUSSEAU,40110 MORCENX-LA-NOUVELLE
MX06010006,10 RUE WALDECK ROUSSEAU,40110 MORCENX-LA-NOUVELLE
MX06010007,10 RUE WALDECK ROUSSEAU,40110 MORCENX-LA-NOUVELLE
MX06010008,10 RUE WALDECK ROUSSEAU,40110 MORCENX-LA-NOUVELLE
MX07010001,3 AVENUE JULES FERRY,40110 MORCENX-LA-NOUVELLE
MX07010002,3 AVENUE JULES FERRY,40110 MORCENX-LA-NOUVELLE
MX07010003,3 AVENUE JULES FERRY,40110 MORCENX-LA-NOUVELLE
MX07010004,3 AVENUE JULES FERRY,40110 MORCENX-LA-NOUVELLE
MX07010005,3 AVENUE JULES FERRY,40110 MORCENX-LA-NOUVELLE
MX07010006,3 AVENUE JULES FERRY,40110 MORCENX-LA-NOUVELLE
MX07010007,3 AVENUE JULES FERRY,40110 MORCENX-LA-NOUVELLE
MX07010008,3 AVENUE JULES FERRY,40110 MORCENX-LA-NOUVELLE
MX07010009,3 AVENUE JULES FERRY,40110 MORCENX-LA-NOUVELLE
MX07020001,3 AVENUE JULES FERRY,40110 MORCENX-LA-NOUVELLE
MX07020002,3 AVENUE JULES FERRY,40110 MORCENX-LA-NOUVELLE
MX07020003,3 AVENUE JULES FERRY,40110 MORCENX-LA-NOUVELLE
MX07020004,3 AVENUE JULES FERRY,40110 MORCENX-LA-NOUVELLE
MX07020005,3 AVENUE JULES FERRY,40110 MORCENX-LA-NOUVELLE
MX07020006,3 AVENUE JULES FERRY,40110 MORCENX-LA-NOUVELLE
MX07020007,3 AVENUE JULES FERRY,40110 MORCENX-LA-NOUVELLE
MX07020008,3 AVENUE JULES FERRY,40110 MORCENX-LA-NOUVELLE
MX07020009,3 AVENUE JULES FERRY,40110 MORCENX-LA-NOUVELLE
MX07020010,3 AVENUE JULES FERRY,40110 MORCENX-LA-NOUVELLE
MX07020011,3 AVENUE JULES FERRY,40110 MORCENX-LA-NOUVELLE
MX07020012,3 AVENUE JULES FERRY,40110 MORCENX-LA-NOUVELLE
MX07020013,3 AVENUE JULES FERRY,40110 MORCENX-LA-NOUVELLE
MX07020014,3 AVENUE JULES FERRY,40110 MORCENX-LA-NOUVELLE
MX08010001,935 ROUTE DE RION,40110 MORCENX-LA-NOUVELLE
MX08010002,935 ROUTE DE RION,40110 MORCENX-LA-NOUVELLE
MX08010003,935 ROUTE DE RION,40110 MORCENX-LA-NOUVELLE
MX08010004,935 ROUTE DE RION,40110 MORCENX-LA-NOUVELLE
MX08010005,935 ROUTE DE RION,40110 MORCENX-LA-NOUVELLE
MX08010006,935 ROUTE DE RION,40110 MORCENX-LA-NOUVELLE
MX10010001,29 RUE ROGER SALENGRO,40110 MORCENX-LA-NOUVELLE
MX10010002,29 RUE ROGER SALENGRO,40110 MORCENX-LA-NOUVELLE
MX10010003,29 RUE ROGER SALENGRO,40110 MORCENX-LA-NOUVELLE
MX10010004,29 RUE ROGER SALENGRO,40110 MORCENX-LA-NOUVELLE
MX10010005,29 RUE ROGER SALENGRO,40110 MORCENX-LA-NOUVELLE
MX10010006,29 RUE ROGER SALENGRO,40110 MORCENX-LA-NOUVELLE
MX10010007,29 RUE ROGER SALENGRO,40110 MORCENX-LA-NOUVELLE
MX11010001,8 AVENUE JOFFRE,40110 MORCENX-LA-NOUVELLE
MX11010002,12 AVENUE JOFFRE,40110 MORCENX-LA-NOUVELLE
MX11010003,10 AVENUE JOFFRE,40110 MORCENX-LA-NOUVELLE
MX11010004,2 AVENUE JOFFRE,40110 MORCENX-LA-NOUVELLE
MX12010001,13 RUE DES VENTS,40110 MORCENX-LA-NOUVELLE
MX12010002,33 RUE DES DUNES,40110 MORCENX-LA-NOUVELLE
MX12010003,32 RUE DES DUNES,40110 MORCENX-LA-NOUVELLE
MX12010004,22 RUE DES OYATS,40110 MORCENX-LA-NOUVELLE
MX12010005,47 AVENUE GASTON NELSON,40110 MORCENX-LA-NOUVELLE
MX12010006,55 AVENUE GASTON NELSON,40110 MORCENX-LA-NOUVELLE
MX12010007,63 AVENUE GASTON NELSON,40110 MORCENX-LA-NOUVELLE
MX12010008,4 ROUTE DE GARROSSE,40110 MORCENX-LA-NOUVELLE
MX12010009,16 ROUTE DE GARROSSE,40110 MORCENX-LA-NOUVELLE
MX12010010,16 CHEMIN DE COMPAGNON,40110 MORCENX-LA-NOUVELLE
MX12010011,4 RUE DES PINSONS,40110 MORCENX-LA-NOUVELLE
MX12010013,12 RUE DES PINSONS,40110 MORCENX-LA-NOUVELLE
MX12010014,4 RUE DES MERLES,40110 MORCENX-LA-NOUVELLE
MX12010015,18 RUE DES MERLES,40110 MORCENX-LA-NOUVELLE
MX12010016,14 RUE DE L'OCEAN,40110 MORCENX-LA-NOUVELLE
MX12010018,21 RUE DES ECUREUILS,40110 MORCENX-LA-NOUVELLE
MX12010019,20 RUE DES SPORTS,40110 MORCENX-LA-NOUVELLE
MX13010001,57 AVENUE GASTON NELSON,40110 MORCENX-LA-NOUVELLE
MX13010002,59 AVENUE GASTON NELSON,40110 MORCENX-LA-NOUVELLE
MX13010003,12 RUE DE L'ETANG,40110 MORCENX-LA-NOUVELLE
MX13010004,6 ROUTE DE GARROSSE,40110 MORCENX-LA-NOUVELLE
MX13010006,26 ROUTE DE GARROSSE,40110 MORCENX-LA-NOUVELLE
MX13010007,1 IMPASSE DE L'ETANG,40110 MORCENX-LA-NOUVELLE
MX13010008,5 IMPASSE DE L'ETANG,40110 MORCENX-LA-NOUVELLE
MX13010009,7 IMPASSE DE L'ETANG,40110 MORCENX-LA-NOUVELLE
MX13010010,11 IMPASSE DE L'ETANG,40110 MORCENX-LA-NOUVELLE
MX13010011,13 IMPASSE DE L'ETANG,40110 MORCENX-LA-NOUVELLE
MX13010012,7 RUE DE L'ETANG,40110 MORCENX-LA-NOUVELLE
MX13010013,73 AVENUE GASTON NELSON,40110 MORCENX-LA-NOUVELLE
MX13010014,4 RUE DES BICHES,40110 MORCENX-LA-NOUVELLE
MX13010015,27 RUE DES ECUREUILS,40110 MORCENX-LA-NOUVELLE
MX13010016,17 RUE DE L'OCEAN,40110 MORCENX-LA-NOUVELLE
MX13010017,60 AVENUE JULES FERRY,40110 MORCENX-LA-NOUVELLE
MX13010019,58 AVENUE JULES FERRY,40110 MORCENX-LA-NOUVELLE
MX13010020,13 RUE DE L'OCEAN,40110 MORCENX-LA-NOUVELLE
MX13010021,56 AVENUE JULES FERRY,40110 MORCENX-LA-NOUVELLE
MX13010022,9 RUE DE L'OCEAN,40110 MORCENX-LA-NOUVELLE
MX13010023,46 AVENUE JULES FERRY,40110 MORCENX-LA-NOUVELLE
MX13010024,1 RUE DE L'OCEAN,40110 MORCENX-LA-NOUVELLE
MX13010026,3 RUE HUGUES,40110 MORCENX-LA-NOUVELLE
MX13010027,7 RUE HUGUES,40110 MORCENX-LA-NOUVELLE
MX13010028,2 RUE LUXEY BONNET,40110 MORCENX-LA-NOUVELLE
MX13010029,22 RUE PIERRE DE COUBERTIN,40110 MORCENX-LA-NOUVELLE
MX13010030,1 RUE LUXEY BONNET,40110 MORCENX-LA-NOUVELLE
MX13010031,10 RUE DES CHAMPS,40110 MORCENX-LA-NOUVELLE
MX13010032,3 RUE DES CHAMPS,40110 MORCENX-LA-NOUVELLE
MX13010033,22 RUE DE LA FORET,40110 MORCENX-LA-NOUVELLE
MX13010034,1 RUE DES PINS,40110 MORCENX-LA-NOUVELLE
MX13010046,14 CHEMIN DE COMPAGNON,40110 MORCENX-LA-NOUVELLE
MX13010047,1 RUE DES MERLES,40110 MORCENX-LA-NOUVELLE
MX13010048,3 RUE DES DUNES,40110 MORCENX-LA-NOUVELLE
MX13010049,29 RUE ISIDORE SALLES,40110 MORCENX-LA-NOUVELLE
MX13010050,4 RUE DES OYATS,40110 MORCENX-LA-NOUVELLE
MX15010001,18 ROUTE DE GARROSSE,40110 MORCENX-LA-NOUVELLE
MX15010002,20 ROUTE DE GARROSSE,40110 MORCENX-LA-NOUVELLE
MX15010003,9 IMPASSE DE L'ETANG,40110 MORCENX-LA-NOUVELLE
MX15010004,35 RUE DES ECUREUILS,40110 MORCENX-LA-NOUVELLE
MX15010005,18 RUE DES ECUREUILS,40110 MORCENX-LA-NOUVELLE
MX15010006,2 RUE DES ECUREUILS,40110 MORCENX-LA-NOUVELLE
MX15010008,10 RUE DES ECUREUILS,40110 MORCENX-LA-NOUVELLE
MX15010009,7 RUE DE L'OCEAN,40110 MORCENX-LA-NOUVELLE
MX15010010,16 RUE DE L'OCEAN,40110 MORCENX-LA-NOUVELLE
MX15010011,8 RUE DE L'OCEAN,40110 MORCENX-LA-NOUVELLE
MX15010012,8 RUE DES SPORTS,40110 MORCENX-LA-NOUVELLE
MX15010013,24 RUE PIERRE DE COUBERTIN,40110 MORCENX-LA-NOUVELLE
MX15010014,10 RUE PIERRE DE COUBERTIN,40110 MORCENX-LA-NOUVELLE
MX15010015,8 RUE PIERRE DE COUBERTIN,40110 MORCENX-LA-NOUVELLE
MX15010016,2 IMPASSE DES CHAMPS,40110 MORCENX-LA-NOUVELLE
MX15010021,61 RUE ISIDORE SALLES,40110 MORCENX-LA-NOUVELLE
MX15010022,37 RUE DE LA FORET,40110 MORCENX-LA-NOUVELLE
MX15010032,8 IMPASSE DES MERLES,40110 MORCENX-LA-NOUVELLE
MX15010034,2 RUE DES MERLES,40110 MORCENX-LA-NOUVELLE
MX15010035,7 RUE DES GRIVES,40110 MORCENX-LA-NOUVELLE
MX15010036,1 RUE DES DUNES,40110 MORCENX-LA-NOUVELLE
MX15010037,28 RUE DES DUNES,40110 MORCENX-LA-NOUVELLE
MX16010001,6 RUE DES MERLES,40110 MORCENX-LA-NOUVELLE
MX16010002,2 RUE DES OYATS,40110 MORCENX-LA-NOUVELLE
MX16010003,14 RUE DE L'ETANG,40110 MORCENX-LA-NOUVELLE
MX16010004,5 RUE DE L'OCEAN,40110 MORCENX-LA-NOUVELLE
MX16010005,12 RUE DE L'OCEAN,40110 MORCENX-LA-NOUVELLE
MX16010006,21 RUE VICTOR DURUY,40110 MORCENX-LA-NOUVELLE
MX16010007,19 RUE VICTOR DURUY,40110 MORCENX-LA-NOUVELLE
MX16010008,8 RUE DES CHAMPS,40110 MORCENX-LA-NOUVELLE
MX17010001,30 RUE ANATOLE FRANCE,40110 MORCENX-LA-NOUVELLE
MX17010002,32 RUE ANATOLE FRANCE,40110 MORCENX-LA-NOUVELLE
MX18010001,9 RUE DU 11 NOVEMBRE 1918,40110 MORCENX-LA-NOUVELLE
MX18010002,9 RUE DU 11 NOVEMBRE 1918,40110 MORCENX-LA-NOUVELLE
MX18010003,9 RUE DU 11 NOVEMBRE 1918,40110 MORCENX-LA-NOUVELLE
MX18010006,9 RUE DU 11 NOVEMBRE 1918,40110 MORCENX-LA-NOUVELLE
MX18010007,9 RUE DU 11 NOVEMBRE 1918,40110 MORCENX-LA-NOUVELLE
MX19010001,22 RUE FREDERIC BASTIAT,40110 MORCENX-LA-NOUVELLE
MX19010002,24 RUE FREDERIC BASTIAT,40110 MORCENX-LA-NOUVELLE
MX20010001,8 PASSAGE JOFFRE,40110 MORCENX-LA-NOUVELLE
MX20010002,6 PASSAGE JOFFRE,40110 MORCENX-LA-NOUVELLE
MX20010003,4 PASSAGE JOFFRE,40110 MORCENX-LA-NOUVELLE
MX20010004,2 PASSAGE JOFFRE,40110 MORCENX-LA-NOUVELLE
MX21010001,4 RUE DES BOUVREUILS,40110 MORCENX-LA-NOUVELLE
MX22010001,2 CHEMIN DE GIRONSACQ,40110 MORCENX-LA-NOUVELLE
MX22010002,7 CHEMIN DE LA TUILERIE,40110 MORCENX-LA-NOUVELLE
MX22010003,9 A CHEMIN DE LA TUILERIE,40110 MORCENX-LA-NOUVELLE
MX22010004,9 BIS CHEMIN DE LA TUILERIE,40110 MORCENX-LA-NOUVELLE
MX22010005,11A CHEMIN DE LA TUILERIE,40110 MORCENX-LA-NOUVELLE
MX22010006,11 BIS CHEMIN DE LA TUILERIE,40110 MORCENX-LA-NOUVELLE
MX22010007,13A CHEMIN DE LA TUILERIE,40110 MORCENX-LA-NOUVELLE
MX22010008,13 BIS CHEMIN DE LA TUILERIE,40110 MORCENX-LA-NOUVELLE
MX22010009,15 A CHEMIN DE LA TUILERIE,40110 MORCENX-LA-NOUVELLE
MX22010010,15 BIS CHEMIN DE LA TUILERIE,40110 MORCENX-LA-NOUVELLE
MX23010001,RESIDENCE FOCH,40110 MORCENX-LA-NOUVELLE
MX23010002,RESIDENCE FOCH,40110 MORCENX-LA-NOUVELLE
MX23010003,RESIDENCE FOCH,40110 MORCENX-LA-NOUVELLE
MX23010004,RESIDENCE FOCH,40110 MORCENX-LA-NOUVELLE
MX23010005,RESIDENCE FOCH,40110 MORCENX-LA-NOUVELLE
MX23010006,RESIDENCE FOCH,40110 MORCENX-LA-NOUVELLE
MX23010007,RESIDENCE FOCH,40110 MORCENX-LA-NOUVELLE
MX23010008,RESIDENCE FOCH,40110 MORCENX-LA-NOUVELLE
MX24010001,35 RUE DES PAPILLONS,40110 MORCENX-LA-NOUVELLE
MX24010002,33 RUE DES PAPILLONS,40110 MORCENX-LA-NOUVELLE
MX24010003,31 RUE DES PAPILLONS,40110 MORCENX-LA-NOUVELLE
MX24010004,29 RUE DES PAPILLONS,40110 MORCENX-LA-NOUVELLE
MX24010005,27 RUE DES PAPILLONS,40110 MORCENX-LA-NOUVELLE
MX24010006,25 RUE DES PAPILLONS,40110 MORCENX-LA-NOUVELLE
MX24010007,23 RUE DES PAPILLONS,40110 MORCENX-LA-NOUVELLE
MX24010008,21 RUE DES PAPILLONS,40110 MORCENX-LA-NOUVELLE
MX24010009,19 RUE DES PAPILLONS,40110 MORCENX-LA-NOUVELLE
MX24010010,17 RUE DES PAPILLONS,40110 MORCENX-LA-NOUVELLE
MX24010011,15 RUE DES PAPILLONS,40110 MORCENX-LA-NOUVELLE
MX24010012,13 RUE DES PAPILLONS,40110 MORCENX-LA-NOUVELLE
MX24010013,11 RUE DES PAPILLONS,40110 MORCENX-LA-NOUVELLE
MX24010014,9 RUE DES PAPILLONS,40110 MORCENX-LA-NOUVELLE
MX24010015,7 RUE DES PAPILLONS,40110 MORCENX-LA-NOUVELLE
MX24010016,5 RUE DES PAPILLONS,40110 MORCENX-LA-NOUVELLE
MX24010017,3 RUE DES PAPILLONS,40110 MORCENX-LA-NOUVELLE
MX24010018,1 RUE DES PAPILLONS,40110 MORCENX-LA-NOUVELLE
MX24010019,2 RUE DES PAPILLONS,40110 MORCENX-LA-NOUVELLE
MX24010020,4 RUE DES PAPILLONS,40110 MORCENX-LA-NOUVELLE
MX24010021,6 RUE DES PAPILLONS,40110 MORCENX-LA-NOUVELLE
MX24010022,8 RUE DES PAPILLONS,40110 MORCENX-LA-NOUVELLE
MX25010001,25A AVENUE PASTEUR,40110 MORCENX-LA-NOUVELLE
MX25010002,25B AVENUE PASTEUR,40110 MORCENX-LA-NOUVELLE
MX25010003,25C AVENUE PASTEUR,40110 MORCENX-LA-NOUVELLE
MX25010004,27 AVENUE PASTEUR,40110 MORCENX-LA-NOUVELLE
MX26010001,40 PLACE DU MAROC,40110 MORCENX-LA-NOUVELLE
MX26010002,40 PLACE DU MAROC,40110 MORCENX-LA-NOUVELLE
MX26010003,40 PLACE DU MAROC,40110 MORCENX-LA-NOUVELLE
MX26010004,40 PLACE DU MAROC,40110 MORCENX-LA-NOUVELLE
MX26010005,40 PLACE DU MAROC,40110 MORCENX-LA-NOUVELLE
MX26010006,40 PLACE DU MAROC,40110 MORCENX-LA-NOUVELLE
MX26010007,40 PLACE DU MAROC,40110 MORCENX-LA-NOUVELLE
MX26010008,40 PLACE DU MAROC,40110 MORCENX-LA-NOUVELLE
MX26010009,40 PLACE DU MAROC,40110 MORCENX-LA-NOUVELLE
MX26010010,40 PLACE DU MAROC,40110 MORCENX-LA-NOUVELLE
MX26010011,40 PLACE DU MAROC,40110 MORCENX-LA-NOUVELLE
MX26010012,40 PLACE DU MAROC,40110 MORCENX-LA-NOUVELLE
MX26010013,40 PLACE DU MAROC,40110 MORCENX-LA-NOUVELLE
MX26010014,40 PLACE DU MAROC,40110 MORCENX-LA-NOUVELLE
MX26010015,40 PLACE DU MAROC,40110 MORCENX-LA-NOUVELLE
MX26010016,40 PLACE DU MAROC,40110 MORCENX-LA-NOUVELLE
MX26010017,40 PLACE DU MAROC,40110 MORCENX-LA-NOUVELLE
MX26010018,40 PLACE DU MAROC,40110 MORCENX-LA-NOUVELLE
MX26010019,40 PLACE DU MAROC,40110 MORCENX-LA-NOUVELLE
MX26010020,40 PLACE DU MAROC,40110 MORCENX-LA-NOUVELLE
MX26010021,40 PLACE DU MAROC,40110 MORCENX-LA-NOUVELLE
MX26010022,40 PLACE DU MAROC,40110 MORCENX-LA-NOUVELLE
MX26010023,40 PLACE DU MAROC,40110 MORCENX-LA-NOUVELLE
MX26010024,40 PLACE DU MAROC,40110 MORCENX-LA-NOUVELLE
MX26010025,40 PLACE DU MAROC,40110 MORCENX-LA-NOUVELLE
MX26010026,40 PLACE DU MAROC,40110 MORCENX-LA-NOUVELLE
MX26010027,40 PLACE DU MAROC,40110 MORCENX-LA-NOUVELLE
MX27010001,1 PASSAGE JOFFRE,40110 MORCENX-LA-NOUVELLE
MX27010002,3 PASSAGE JOFFRE,40110 MORCENX-LA-NOUVELLE
MX27010003,5 PASSAGE JOFFRE,40110 MORCENX-LA-NOUVELLE
MX27010004,7 PASSAGE JOFFRE,40110 MORCENX-LA-NOUVELLE
MX27010005,9 PASSAGE JOFFRE,40110 MORCENX-LA-NOUVELLE
MX27010006,11 PASSAGE JOFFRE,40110 MORCENX-LA-NOUVELLE
MX27010007,13 PASSAGE JOFFRE,40110 MORCENX-LA-NOUVELLE
MX27010008,15 PASSAGE JOFFRE,40110 MORCENX-LA-NOUVELLE
MX27010009,17 PASSAGE JOFFRE,40110 MORCENX-LA-NOUVELLE
MX27010010,19 PASSAGE JOFFRE,40110 MORCENX-LA-NOUVELLE
MX27010011,21 PASSAGE JOFFRE,40110 MORCENX-LA-NOUVELLE
MX27010012,23 PASSAGE JOFFRE,40110 MORCENX-LA-NOUVELLE
MX28010001,2 RUE GISELE HALIMI,40110 MORCENX-LA-NOUVELLE
MX28010002,4 RUE GISELE HALIMI,40110 MORCENX-LA-NOUVELLE
MX28010003,6 RUE GISELE HALIMI,40110 MORCENX-LA-NOUVELLE
MX28010004,8 RUE GISELE HALIMI,40110 MORCENX-LA-NOUVELLE
MX28010005,10 RUE GISELE HALIMI,40110 MORCENX-LA-NOUVELLE
MX28010006,12 RUE GISELE HALIMI,40110 MORCENX-LA-NOUVELLE
MX28010007,14 RUE GISELE HALIMI,40110 MORCENX-LA-NOUVELLE
MX28010008,9 RUE GISELE HALIMI,40110 MORCENX-LA-NOUVELLE
MX28010009,7 RUE GISELE HALIMI,40110 MORCENX-LA-NOUVELLE
MX28010010,5 RUE GISELE HALIMI,40110 MORCENX-LA-NOUVELLE
MX28010011,3 RUE GISELE HALIMI,40110 MORCENX-LA-NOUVELLE
MX28010012,1 RUE GISELE HALIMI,40110 MORCENX-LA-NOUVELLE
MY02010001,26 IMPASSE DE PECE MAGRE,40410 MOUSTEY
MY02010002,32 IMPASSE DE PECE MAGRE,40410 MOUSTEY
MY02010003,42 IMPASSE DE PECE MAGRE,40410 MOUSTEY
MY02010004,84 IMPASSE DE PECE MAGRE,40410 MOUSTEY
MY02010005,90 IMPASSE DE PECE MAGRE,40410 MOUSTEY
MY02010006,102 IMPASSE DE PECE MAGRE,40410 MOUSTEY
MY02010007,103 IMPASSE DE PECE MAGRE,40410 MOUSTEY
MY02010008,89 IMPASSE DE PECE MAGRE,40410 MOUSTEY
MY02010009,67 IMPASSE DE PECE MAGRE,40410 MOUSTEY
MY02010010,65 IMPASSE DE PECE MAGRE,40410 MOUSTEY
MY03010001,540 AVENUE DE LA GARE,40410 MOUSTEY
MY03010002,552 AVENUE DE LA GARE,40410 MOUSTEY
MY03010003,584 AVENUE DE LA GARE,40410 MOUSTEY
MY03010004,604 AVENUE DE LA GARE,40410 MOUSTEY
MY03010005,624 AVENUE DE LA GARE,40410 MOUSTEY
MY04010001,17 IMPASSE DU COURRIA,40410 MOUSTEY
MY04010002,63 IMPASSE DU COURRIA,40410 MOUSTEY
MY04010003,111 IMPASSE DU COURRIA,40410 MOUSTEY
MY04010004,115 IMPASSE DU COURRIA,40410 MOUSTEY
MY04010005,117 IMPASSE DU COURRIA,40410 MOUSTEY
MY04010006,137 IMPASSE DU COURRIA,40410 MOUSTEY
MY05010001,106 IMPASSE DU COURRIA,40410 MOUSTEY
MY06010001,37 RUE BARADE,40410 MOUSTEY
MY06010002,73 RUE BARADE,40410 MOUSTEY
MY06010003,83 RUE BARADE,40410 MOUSTEY
MY06010004,82 RUE BARADE,40410 MOUSTEY
MY06010005,58 RUE BARADE,40410 MOUSTEY
MZ01060001,RESIDENCE SAN JOUAN,40170 MEZOS
MZ01060002,RESIDENCE SAN JOUAN,40170 MEZOS
MZ01060003,RESIDENCE SAN JOUAN,40170 MEZOS
MZ01060004,RESIDENCE SAN JOUAN,40170 MEZOS
MZ01060005,RESIDENCE SAN JOUAN,40170 MEZOS
MZ01060006,RESIDENCE SAN JOUAN,40170 MEZOS
MZ02010001,RUE DES VIGNES,40170 MEZOS
MZ02010003,RUE DES VIGNES,40170 MEZOS
MZ02010004,RUE DES VIGNES,40170 MEZOS
MZ02010005,RUE DES VIGNES,40170 MEZOS
MZ02010006,RUE DES VIGNES,40170 MEZOS
MZ02010007,RUE DES VIGNES,40170 MEZOS
MZ02010008,RUE DES VIGNES,40170 MEZOS
NA01080001,20 RUE PAUL CEZANNE,40180 NARROSSE
NA01080002,18 RUE PAUL CEZANNE,40180 NARROSSE
NA01080003,16 RUE PAUL CEZANNE,40180 NARROSSE
NA01080004,14 RUE PAUL CEZANNE,40180 NARROSSE
NA01080005,12 RUE PAUL CEZANNE,40180 NARROSSE
NA01080006,10 RUE PAUL CEZANNE,40180 NARROSSE
NA01080007,2 RUE LOUIS JOUVET,40180 NARROSSE
NA01080008,4 RUE LOUIS JOUVET,40180 NARROSSE
NA02010101,3 RUE LOUIS PASTEUR,40180 NARROSSE
NA02010102,3 RUE LOUIS PASTEUR,40180 NARROSSE
NA02010103,3 RUE LOUIS PASTEUR,40180 NARROSSE
NA02010111,3 RUE LOUIS PASTEUR,40180 NARROSSE
NA02010112,3 RUE LOUIS PASTEUR,40180 NARROSSE
NA02010201,5 RUE LOUIS PASTEUR,40180 NARROSSE
NA02010202,5 RUE LOUIS PASTEUR,40180 NARROSSE
NA02010203,5 RUE LOUIS PASTEUR,40180 NARROSSE
NA02010211,5 RUE LOUIS PASTEUR,40180 NARROSSE
NA02010212,5 RUE LOUIS PASTEUR,40180 NARROSSE
NA02020307,7 RUE LOUIS PASTEUR,40180 NARROSSE
NA02020309,9 RUE LOUIS PASTEUR,40180 NARROSSE
NA02020311,11 RUE LOUIS PASTEUR,40180 NARROSSE
NA02020313,13 RUE LOUIS PASTEUR,40180 NARROSSE
NA02030401,1 RUE LOUIS JOUVET,40180 NARROSSE
NA02030403,3 RUE LOUIS JOUVET,40180 NARROSSE
NA02030405,5 RUE LOUIS JOUVET,40180 NARROSSE
NA02030406,6 RUE LOUIS JOUVET,40180 NARROSSE
NA02030407,7 RUE LOUIS JOUVET,40180 NARROSSE
NA02030408,8 RUE LOUIS JOUVET,40180 NARROSSE
NA02030409,9 RUE LOUIS JOUVET,40180 NARROSSE
NA02030410,10 RUE LOUIS JOUVET,40180 NARROSSE
NA02030411,11 RUE LOUIS JOUVET,40180 NARROSSE
NA02030412,12 RUE LOUIS JOUVET,40180 NARROSSE
NA03010009,9 RUE GABRIEL FAURE,40180 NARROSSE
NA03010011,11 RUE GABRIEL FAURE,40180 NARROSSE
NA03010013,13 RUE GABRIEL FAURE,40180 NARROSSE
NA03010015,15 RUE GABRIEL FAURE,40180 NARROSSE
NA03010017,17 RUE GABRIEL FAURE,40180 NARROSSE
NA03020025,25 RUE LOUIS PASTEUR,40180 NARROSSE
NA03020027,27 RUE LOUIS PASTEUR,40180 NARROSSE
NA03020029,29 RUE LOUIS PASTEUR,40180 NARROSSE
NA03020031,31 RUE LOUIS PASTEUR,40180 NARROSSE
NA03030002,2 RUE MARIE CURIE,40180 NARROSSE
NA03030004,4 RUE MARIE CURIE,40180 NARROSSE
NA03030006,6 RUE MARIE CURIE,40180 NARROSSE
NA03030008,8 RUE MARIE CURIE,40180 NARROSSE
NA03030010,10 RUE MARIE CURIE,40180 NARROSSE
NA03040026,26 RUE PAUL CEZANNE,40180 NARROSSE
NA03040028,28 RUE PAUL CEZANNE,40180 NARROSSE
NA03040030,30 RUE PAUL CEZANNE,40180 NARROSSE
NA03040032,32 RUE PAUL CEZANNE,40180 NARROSSE
NA04010001,13 RUE DU TREFLE,40180 NARROSSE
NA04010002,15 RUE DU TREFLE,40180 NARROSSE
NA04010003,17 RUE DU TREFLE,40180 NARROSSE
NA04010004,19 RUE DU TREFLE,40180 NARROSSE
NA04010005,21 RUE DU TREFLE,40180 NARROSSE
NA04010006,23 RUE DU TREFLE,40180 NARROSSE
NA04010007,25 RUE DU TREFLE,40180 NARROSSE
NA04010008,27 RUE DU TREFLE,40180 NARROSSE
NA04010009,30 RUE DU TREFLE,40180 NARROSSE
NA04010010,28 RUE DU TREFLE,40180 NARROSSE
NA04010011,26 RUE DU TREFLE,40180 NARROSSE
NA04010012,24 RUE DU TREFLE,40180 NARROSSE
NA04010013,20 RUE DU TREFLE,40180 NARROSSE
NA04010014,22 RUE DU TREFLE,40180 NARROSSE
NA04010015,18 RUE DU TREFLE,40180 NARROSSE
NA04010016,16 RUE DU TREFLE,40180 NARROSSE
NA04010017,14 RUE DU TREFLE,40180 NARROSSE
NA04010018,12 RUE DU TREFLE,40180 NARROSSE
NA04010019,10 RUE DU TREFLE,40180 NARROSSE
NA04010020,8 RUE DU TREFLE,40180 NARROSSE
NA05010001,110 AVENUE ALPHONSE DAUDET,40180 NARROSSE
NA05010002,110 AVENUE ALPHONSE DAUDET,40180 NARROSSE
NA05020003,110 AVENUE ALPHONSE DAUDET,40180 NARROSSE
NA05020004,110 AVENUE ALPHONSE DAUDET,40180 NARROSSE
NA05020005,110 AVENUE ALPHONSE DAUDET,40180 NARROSSE
NA05020006,110 AVENUE ALPHONSE DAUDET,40180 NARROSSE
NA05020007,110 AVENUE ALPHONSE DAUDET,40180 NARROSSE
NA05020008,110 AVENUE ALPHONSE DAUDET,40180 NARROSSE
NA06010001,22 RUE DU STADE,40180 NARROSSE
NA06010002,20 RUE DU STADE,40180 NARROSSE
NA06010003,18 RUE DU STADE,40180 NARROSSE
NA06010004,16 RUE DU STADE,40180 NARROSSE
NA06010005,14 RUE DU STADE,40180 NARROSSE
NA06020001,1 RUE DU STADE,40180 NARROSSE
NA06020002,1 RUE DU STADE,40180 NARROSSE
NA06020003,1 RUE DU STADE,40180 NARROSSE
NA06020004,1 RUE DU STADE,40180 NARROSSE
NA06020005,1 RUE DU STADE,40180 NARROSSE
NA06020006,1 RUE DU STADE,40180 NARROSSE
NA06020007,1 RUE DU STADE,40180 NARROSSE
NA06020101,1 RUE DU STADE,40180 NARROSSE
NA06020102,1 RUE DU STADE,40180 NARROSSE
NA06020103,1 RUE DU STADE,40180 NARROSSE
NA06020104,1 RUE DU STADE,40180 NARROSSE
NA06020105,1 RUE DU STADE,40180 NARROSSE
NA06020106,1 RUE DU STADE,40180 NARROSSE
NA06020107,1 RUE DU STADE,40180 NARROSSE
NA06030001,3 RUE DU STADE,40180 NARROSSE
NA06030002,3 RUE DU STADE,40180 NARROSSE
NA06030003,3 RUE DU STADE,40180 NARROSSE
NA06030004,3 RUE DU STADE,40180 NARROSSE
NA06030005,3 RUE DU STADE,40180 NARROSSE
NA06030006,3 RUE DU STADE,40180 NARROSSE
NA06030007,3 RUE DU STADE,40180 NARROSSE
NA06030008,3 RUE DU STADE,40180 NARROSSE
NA06030101,3 RUE DU STADE,40180 NARROSSE
NA06030102,3 RUE DU STADE,40180 NARROSSE
NA06030103,3 RUE DU STADE,40180 NARROSSE
NA06030104,3 RUE DU STADE,40180 NARROSSE
NA06030105,3 RUE DU STADE,40180 NARROSSE
NA06030106,3 RUE DU STADE,40180 NARROSSE
NA06030107,3 RUE DU STADE,40180 NARROSSE
NA06030108,3 RUE DU STADE,40180 NARROSSE
NA06040001,5 RUE DU STADE,40180 NARROSSE
NA06040002,7 RUE DU STADE,40180 NARROSSE
NA06040003,9 RUE DU STADE,40180 NARROSSE
NA06040004,11 RUE DU STADE,40180 NARROSSE
NA06040005,13 RUE DU STADE,40180 NARROSSE
NA06050001,15 RUE DU STADE,40180 NARROSSE
NA06050002,17 RUE DU STADE,40180 NARROSSE
OE01150023,RUE DU CLAIR DE LUNE,40180 OEYRELUY
OE01150024,RUE DU CLAIR DE LUNE,40180 OEYRELUY
OE01150026,RUE DU CLAIR DE LUNE,40180 OEYRELUY
OE01150035,RUE DU CLAIR DE LUNE,40180 OEYRELUY
OE01150038,RUE DU CLAIR DE LUNE,40180 OEYRELUY
OE01150040,RUE DU CLAIR DE LUNE,40180 OEYRELUY
OE01150058,RUE DU CLAIR DE LUNE,40180 OEYRELUY
OE01150067,RUE DU CLAIR DE LUNE,40180 OEYRELUY
OE01150070,RUE DU CLAIR DE LUNE,40180 OEYRELUY
OE01150084,RUE DU CLAIR DE LUNE,40180 OEYRELUY
OE01150089,RUE DU CLAIR DE LUNE,40180 OEYRELUY
OE01150091,RUE DU CLAIR DE LUNE,40180 OEYRELUY
OE01150096,RUE DU CLAIR DE LUNE,40180 OEYRELUY
OE02070001,IMPASSE  CHANTECLAIR,40180 OEYRELUY
OE02070002,IMPASSE  CHANTECLAIR,40180 OEYRELUY
OE02070003,IMPASSE  CHANTECLAIR,40180 OEYRELUY
OE02070004,IMPASSE  CHANTECLAIR,40180 OEYRELUY
OE02070005,IMPASSE  CHANTECLAIR,40180 OEYRELUY
OE02070006,IMPASSE  CHANTECLAIR,40180 OEYRELUY
OE02070007,IMPASSE  CHANTECLAIR,40180 OEYRELUY
OL01010001,405 ROUTE DE LA MOLLENAVE,40110 ONESSE-ET-LAHARIE
OL01010002,405 ROUTE DE LA MOLLENAVE,40110 ONESSE-ET-LAHARIE
OL01010003,405 ROUTE DE LA MOLLENAVE,40110 ONESSE-ET-LAHARIE
OL01010004,405 ROUTE DE LA MOLLENAVE,40110 ONESSE-ET-LAHARIE
OL01010005,405 ROUTE DE LA MOLLENAVE,40110 ONESSE-ET-LAHARIE
OL01010006,405 ROUTE DE LA MOLLENAVE,40110 ONESSE-ET-LAHARIE
OL01010007,321 ROUTE DE LA MOLLENAVE,40110 ONESSE-ET-LAHARIE
OL01010008,321 ROUTE DE LA MOLLENAVE,40110 ONESSE-ET-LAHARIE
OL01010009,321 ROUTE DE LA MOLLENAVE,40110 ONESSE-ET-LAHARIE
OL01010010,321 ROUTE DE LA MOLLENAVE,40110 ONESSE-ET-LAHARIE
OL01010011,321 ROUTE DE LA MOLLENAVE,40110 ONESSE-ET-LAHARIE
OL01010012,321 ROUTE DE LA MOLLENAVE,40110 ONESSE-ET-LAHARIE
ON01010011,4 PLACE RICHARD FEUILLET,40440 ONDRES
ON01010012,4 PLACE RICHARD FEUILLET,40440 ONDRES
ON01010021,4 PLACE RICHARD FEUILLET,40440 ONDRES
ON01010022,4 PLACE RICHARD FEUILLET,40440 ONDRES
ON01020011,18 PLACE RICHARD FEUILLET,40440 ONDRES
ON01020012,18 PLACE RICHARD FEUILLET,40440 ONDRES
ON01020021,18 PLACE RICHARD FEUILLET,40440 ONDRES
ON01020022,18 PLACE RICHARD FEUILLET,40440 ONDRES
ON01030011,18 PLACE RICHARD FEUILLET,40440 ONDRES
ON01030012,18 PLACE RICHARD FEUILLET,40440 ONDRES
ON01030021,18 PLACE RICHARD FEUILLET,40440 ONDRES
ON01030022,18 PLACE RICHARD FEUILLET,40440 ONDRES
ON01040011,54 PLACE RICHARD FEUILLET,40440 ONDRES
ON01040012,54 PLACE RICHARD FEUILLET,40440 ONDRES
ON01040021,54 PLACE RICHARD FEUILLET,40440 ONDRES
ON01040022,54 PLACE RICHARD FEUILLET,40440 ONDRES
ON01050011,66 PLACE RICHARD FEUILLET,40440 ONDRES
ON01050012,66 PLACE RICHARD FEUILLET,40440 ONDRES
ON01050013,66 PLACE RICHARD FEUILLET,40440 ONDRES
ON01050021,66 PLACE RICHARD FEUILLET,40440 ONDRES
ON01050022,66 PLACE RICHARD FEUILLET,40440 ONDRES
ON01050023,66 PLACE RICHARD FEUILLET,40440 ONDRES
ON02010001,46 ALLEE DE LA HOUNTINE,40440 ONDRES
ON02010002,46 ALLEE DE LA HOUNTINE,40440 ONDRES
ON02010003,46 ALLEE DE LA HOUNTINE,40440 ONDRES
ON02010004,46 ALLEE DE LA HOUNTINE,40440 ONDRES
ON02010005,46 ALLEE DE LA HOUNTINE,40440 ONDRES
ON02010101,46 ALLEE DE LA HOUNTINE,40440 ONDRES
ON02010102,46 ALLEE DE LA HOUNTINE,40440 ONDRES
ON02010103,46 ALLEE DE LA HOUNTINE,40440 ONDRES
ON02010104,46 ALLEE DE LA HOUNTINE,40440 ONDRES
ON02010105,46 ALLEE DE LA HOUNTINE,40440 ONDRES
ON02010201,46 ALLEE DE LA HOUNTINE,40440 ONDRES
ON02010202,46 ALLEE DE LA HOUNTINE,40440 ONDRES
ON02010203,46 ALLEE DE LA HOUNTINE,40440 ONDRES
ON02010204,46 ALLEE DE LA HOUNTINE,40440 ONDRES
ON02010205,46 ALLEE DE LA HOUNTINE,40440 ONDRES
ON02020001,46 ALLEE DE LA HOUNTINE,40440 ONDRES
ON02020002,46 ALLEE DE LA HOUNTINE,40440 ONDRES
ON02020003,46 ALLEE DE LA HOUNTINE,40440 ONDRES
ON02020004,46 ALLEE DE LA HOUNTINE,40440 ONDRES
ON02020005,46 ALLEE DE LA HOUNTINE,40440 ONDRES
ON02020101,46 ALLEE DE LA HOUNTINE,40440 ONDRES
ON02020102,46 ALLEE DE LA HOUNTINE,40440 ONDRES
ON02020103,46 ALLEE DE LA HOUNTINE,40440 ONDRES
ON02020104,46 ALLEE DE LA HOUNTINE,40440 ONDRES
ON02020105,46 ALLEE DE LA HOUNTINE,40440 ONDRES
ON02020201,46 ALLEE DE LA HOUNTINE,40440 ONDRES
ON02020202,46 ALLEE DE LA HOUNTINE,40440 ONDRES
ON02020203,46 ALLEE DE LA HOUNTINE,40440 ONDRES
ON02020204,46 ALLEE DE LA HOUNTINE,40440 ONDRES
ON02020205,46 ALLEE DE LA HOUNTINE,40440 ONDRES
ON03010001,80 ALLEE DES 3 FONTAINES,40440 ONDRES
ON03010002,80 ALLEE DES 3 FONTAINES,40440 ONDRES
ON03010003,80 ALLEE DES 3 FONTAINES,40440 ONDRES
ON03010004,80 ALLEE DES 3 FONTAINES,40440 ONDRES
ON03010005,80 ALLEE DES 3 FONTAINES,40440 ONDRES
ON03010006,80 ALLEE DES 3 FONTAINES,40440 ONDRES
ON03010011,80 ALLEE DES 3 FONTAINES,40440 ONDRES
ON03010012,80 ALLEE DES 3 FONTAINES,40440 ONDRES
ON03010013,80 ALLEE DES 3 FONTAINES,40440 ONDRES
ON03010014,80 ALLEE DES 3 FONTAINES,40440 ONDRES
ON03010015,80 ALLEE DES 3 FONTAINES,40440 ONDRES
ON03010016,80 ALLEE DES 3 FONTAINES,40440 ONDRES
ON03010017,80 ALLEE DES 3 FONTAINES,40440 ONDRES
ON03010021,80 ALLEE DES 3 FONTAINES,40440 ONDRES
ON03010022,80 ALLEE DES 3 FONTAINES,40440 ONDRES
ON03010023,80 ALLEE DES 3 FONTAINES,40440 ONDRES
ON03010024,80 ALLEE DES 3 FONTAINES,40440 ONDRES
ON03010025,80 ALLEE DES 3 FONTAINES,40440 ONDRES
ON03010026,80 ALLEE DES 3 FONTAINES,40440 ONDRES
ON03010027,80 ALLEE DES 3 FONTAINES,40440 ONDRES
ON03010031,80 ALLEE DES 3 FONTAINES,40440 ONDRES
ON03010032,80 ALLEE DES 3 FONTAINES,40440 ONDRES
ON03010033,80 ALLEE DES 3 FONTAINES,40440 ONDRES
ON03010034,80 ALLEE DES 3 FONTAINES,40440 ONDRES
ON03010035,80 ALLEE DES 3 FONTAINES,40440 ONDRES
ON03010036,80 ALLEE DES 3 FONTAINES,40440 ONDRES
ON03030001,80 ALLEE DES 3 FONTAINES,40440 ONDRES
ON03030002,80 ALLEE DES 3 FONTAINES,40440 ONDRES
ON03030003,80 ALLEE DES 3 FONTAINES,40440 ONDRES
ON03030004,80 ALLEE DES 3 FONTAINES,40440 ONDRES
ON03030011,80 ALLEE DES 3 FONTAINES,40440 ONDRES
ON03030012,80 ALLEE DES 3 FONTAINES,40440 ONDRES
ON03030013,80 ALLEE DES 3 FONTAINES,40440 ONDRES
ON03030014,80 ALLEE DES 3 FONTAINES,40440 ONDRES
ON03030015,80 ALLEE DES 3 FONTAINES,40440 ONDRES
ON03030021,80 ALLEE DES 3 FONTAINES,40440 ONDRES
ON03030022,80 ALLEE DES 3 FONTAINES,40440 ONDRES
ON03030023,80 ALLEE DES 3 FONTAINES,40440 ONDRES
ON03030024,80 ALLEE DES 3 FONTAINES,40440 ONDRES
ON03030025,80 ALLEE DES 3 FONTAINES,40440 ONDRES
ON03030031,80 ALLEE DES 3 FONTAINES,40440 ONDRES
ON03030032,80 ALLEE DES 3 FONTAINES,40440 ONDRES
ON03030033,80 ALLEE DES 3 FONTAINES,40440 ONDRES
ON03030034,80 ALLEE DES 3 FONTAINES,40440 ONDRES
ON03030035,80 ALLEE DES 3 FONTAINES,40440 ONDRES
OS01010001,56 ROUTE DE PUYOO,40290 OSSAGES
OS01010002,58 ROUTE DE PUYOO,40290 OSSAGES
PA01120001,1 RUE JACQUES BREL,40465 PONTONX-SUR-L'ADOUR
PA01120002,2 RUE JACQUES BREL,40465 PONTONX-SUR-L'ADOUR
PA01120003,3 RUE JACQUES BREL,40465 PONTONX-SUR-L'ADOUR
PA01120004,4 RUE JACQUES BREL,40465 PONTONX-SUR-L'ADOUR
PA01120005,5 RUE JACQUES BREL,40465 PONTONX-SUR-L'ADOUR
PA01120006,6 RUE JACQUES BREL,40465 PONTONX-SUR-L'ADOUR
PA01120007,7 RUE JACQUES BREL,40465 PONTONX-SUR-L'ADOUR
PA01120008,8 RUE JACQUES BREL,40465 PONTONX-SUR-L'ADOUR
PA01120009,9 RUE JACQUES BREL,40465 PONTONX-SUR-L'ADOUR
PA01120011,11 RUE JACQUES BREL,40465 PONTONX-SUR-L'ADOUR
PA01120012,12 RUE JACQUES BREL,40465 PONTONX-SUR-L'ADOUR
PA02010001,3 RUE MARCEL CALLEDE,40465 PONTONX-SUR-L'ADOUR
PA02010003,7 RUE MARCEL CALLEDE,40465 PONTONX-SUR-L'ADOUR
PA02010004,9 RUE MARCEL CALLEDE,40465 PONTONX-SUR-L'ADOUR
PA02010005,13 RUE MARCEL CALLEDE,40465 PONTONX-SUR-L'ADOUR
PA02010006,16 RUE MARCEL CALLEDE,40465 PONTONX-SUR-L'ADOUR
PA02010008,8 RUE MARCEL CALLEDE,40465 PONTONX-SUR-L'ADOUR
PA02010009,6 RUE MARCEL CALLEDE,40465 PONTONX-SUR-L'ADOUR
PA02010010,4 RUE MARCEL CALLEDE,40465 PONTONX-SUR-L'ADOUR
PA03010001,11 RUE MARCEL CALLEDE,40465 PONTONX-SUR-L'ADOUR
PA03010002,14 RUE MARCEL CALLEDE,40465 PONTONX-SUR-L'ADOUR
PA03010003,12 RUE MARCEL CALLEDE,40465 PONTONX-SUR-L'ADOUR
PA04010003,5 RUE GEORGES BRASSENS,40465 PONTONX-SUR-L'ADOUR
PA04010004,7 RUE GEORGES BRASSENS,40465 PONTONX-SUR-L'ADOUR
PA04010006,11 RUE GEORGES BRASSENS,40465 PONTONX-SUR-L'ADOUR
PA04010007,13 RUE GEORGES BRASSENS,40465 PONTONX-SUR-L'ADOUR
PA04010010,1 RUE LEO FERRE,40465 PONTONX-SUR-L'ADOUR
PA04010012,5 RUE LEO FERRE,40465 PONTONX-SUR-L'ADOUR
PA04010013,7 RUE LEO FERRE,40465 PONTONX-SUR-L'ADOUR
PA04010015,11 RUE LEO FERRE,40465 PONTONX-SUR-L'ADOUR
PA04010016,8 RUE GEORGES BRASSENS,40465 PONTONX-SUR-L'ADOUR
PA04010017,6 RUE GEORGES BRASSENS,40465 PONTONX-SUR-L'ADOUR
PA04010018,4 RUE GEORGES BRASSENS,40465 PONTONX-SUR-L'ADOUR
PA04010019,2 RUE GEORGES BRASSENS,40465 PONTONX-SUR-L'ADOUR
PA05010001,3 RUE JEAN BAPTISTE GABARRA,40465 PONTONX-SUR-L'ADOUR
PA05010002,5 RUE JEAN BAPTISTE GABARRA,40465 PONTONX-SUR-L'ADOUR
PA05010003,7 RUE JEAN BAPTISTE GABARRA,40465 PONTONX-SUR-L'ADOUR
PA05010005,11 RUE JEAN BAPTISTE GABARRA,40465 PONTONX-SUR-L'ADOUR
PA05010006,10 RUE JEAN BAPTISTE GABARRA,40465 PONTONX-SUR-L'ADOUR
PA05010007,8 RUE JEAN BAPTISTE GABARRA,40465 PONTONX-SUR-L'ADOUR
PA05010008,6 RUE JEAN BAPTISTE GABARRA,40465 PONTONX-SUR-L'ADOUR
PA05010009,4 RUE JEAN BAPTISTE GABARRA,40465 PONTONX-SUR-L'ADOUR
PA05010010,2 RUE JEAN BAPTISTE GABARRA,40465 PONTONX-SUR-L'ADOUR
PA06010001,8 RUE JEAN FELIX PEDEGERT,40465 PONTONX-SUR-L'ADOUR
PA06010002,6 RUE JEAN FELIX PEDEGERT,40465 PONTONX-SUR-L'ADOUR
PA06010003,4 RUE JEAN FELIX PEDEGERT,40465 PONTONX-SUR-L'ADOUR
PA06010004,2 RUE JEAN FELIX PEDEGERT,40465 PONTONX-SUR-L'ADOUR
PA07010020,2 RUE LEO FERRE,40465 PONTONX-SUR-L'ADOUR
PA07010021,4 RUE LEO FERRE,40465 PONTONX-SUR-L'ADOUR
PA07010022,6 RUE LEO FERRE,40465 PONTONX-SUR-L'ADOUR
PA07010024,10 RUE LEO FERRE,40465 PONTONX-SUR-L'ADOUR
PA07010025,12 RUE LEO FERRE,40465 PONTONX-SUR-L'ADOUR
PA08010001,AVENUE DE LA CHALOSSE,40465 PONTONX-SUR-L'ADOUR
PA08010002,AVENUE DE LA CHALOSSE,40465 PONTONX-SUR-L'ADOUR
PA08010003,AVENUE DE LA CHALOSSE,40465 PONTONX-SUR-L'ADOUR
PA08010004,AVENUE DE LA CHALOSSE,40465 PONTONX-SUR-L'ADOUR
PA08010005,AVENUE DE LA CHALOSSE,40465 PONTONX-SUR-L'ADOUR
PA08010006,AVENUE DE LA CHALOSSE,40465 PONTONX-SUR-L'ADOUR
PA09010001,1 RUE JEAN BAPTISTE GABARRA,40465 PONTONX-SUR-L'ADOUR
PA09010002,1 RUE JEAN BAPTISTE GABARRA,40465 PONTONX-SUR-L'ADOUR
PA09010003,1 RUE JEAN BAPTISTE GABARRA,40465 PONTONX-SUR-L'ADOUR
PA09010004,1 RUE JEAN BAPTISTE GABARRA,40465 PONTONX-SUR-L'ADOUR
PA09010005,1 RUE JEAN BAPTISTE GABARRA,40465 PONTONX-SUR-L'ADOUR
PA09010006,1 RUE JEAN BAPTISTE GABARRA,40465 PONTONX-SUR-L'ADOUR
PA10010001,4 IMPASSE GEORGES BIZET,40465 PONTONX-SUR-L'ADOUR
PA10010002,2 IMPASSE GEORGES BIZET,40465 PONTONX-SUR-L'ADOUR
PA10010003,5 IMPASSE HECTOR BERLIOZ,40465 PONTONX-SUR-L'ADOUR
PA10010005,8 IMPASSE HECTOR BERLIOZ,40465 PONTONX-SUR-L'ADOUR
PA10010006,6 IMPASSE HECTOR BERLIOZ,40465 PONTONX-SUR-L'ADOUR
PA10010007,1 IMPASSE GEORGES BIZET,40465 PONTONX-SUR-L'ADOUR
PA11010001,160 RUE DU LAVOIR,40465 PONTONX-SUR-L'ADOUR
PA11010002,160 RUE DU LAVOIR,40465 PONTONX-SUR-L'ADOUR
PA11010003,160 RUE DU LAVOIR,40465 PONTONX-SUR-L'ADOUR
PA11010004,160 RUE DU LAVOIR,40465 PONTONX-SUR-L'ADOUR
PA11020005,160 RUE DU LAVOIR,40465 PONTONX-SUR-L'ADOUR
PA11020006,160 RUE DU LAVOIR,40465 PONTONX-SUR-L'ADOUR
PA11020007,160 RUE DU LAVOIR,40465 PONTONX-SUR-L'ADOUR
PA11020008,160 RUE DU LAVOIR,40465 PONTONX-SUR-L'ADOUR
PA11030009,160 RUE DU LAVOIR,40465 PONTONX-SUR-L'ADOUR
PA11030010,160 RUE DU LAVOIR,40465 PONTONX-SUR-L'ADOUR
PA11030011,160 RUE DU LAVOIR,40465 PONTONX-SUR-L'ADOUR
PA11030012,160 RUE DU LAVOIR,40465 PONTONX-SUR-L'ADOUR
PA11030013,160 RUE DU LAVOIR,40465 PONTONX-SUR-L'ADOUR
PA11030014,160 RUE DU LAVOIR,40465 PONTONX-SUR-L'ADOUR
PA11030015,160 RUE DU LAVOIR,40465 PONTONX-SUR-L'ADOUR
PA11030016,160 RUE DU LAVOIR,40465 PONTONX-SUR-L'ADOUR
PA11040017,160 RUE DU LAVOIR,40465 PONTONX-SUR-L'ADOUR
PA11040018,160 RUE DU LAVOIR,40465 PONTONX-SUR-L'ADOUR
PA11040019,160 RUE DU LAVOIR,40465 PONTONX-SUR-L'ADOUR
PA11040020,160 RUE DU LAVOIR,40465 PONTONX-SUR-L'ADOUR
PA11050021,160 RUE DU LAVOIR,40465 PONTONX-SUR-L'ADOUR
PA11050022,160 RUE DU LAVOIR,40465 PONTONX-SUR-L'ADOUR
PA11060023,160 RUE DU LAVOIR,40465 PONTONX-SUR-L'ADOUR
PA11060024,160 RUE DU LAVOIR,40465 PONTONX-SUR-L'ADOUR
PA11070025,160 RUE DU LAVOIR,40465 PONTONX-SUR-L'ADOUR
PA11070026,160 RUE DU LAVOIR,40465 PONTONX-SUR-L'ADOUR
PA11080027,160 RUE DU LAVOIR,40465 PONTONX-SUR-L'ADOUR
PA11080028,160 RUE DU LAVOIR,40465 PONTONX-SUR-L'ADOUR
PA11080029,160 RUE DU LAVOIR,40465 PONTONX-SUR-L'ADOUR
PA11080030,160 RUE DU LAVOIR,40465 PONTONX-SUR-L'ADOUR
PA11080031,160 RUE DU LAVOIR,40465 PONTONX-SUR-L'ADOUR
PA11080032,160 RUE DU LAVOIR,40465 PONTONX-SUR-L'ADOUR
PA11080033,160 RUE DU LAVOIR,40465 PONTONX-SUR-L'ADOUR
PA11080034,160 RUE DU LAVOIR,40465 PONTONX-SUR-L'ADOUR
PA12010001,210 RUE DE LESBORDES,40465 PONTONX-SUR-L'ADOUR
PA12010002,210 RUE DE LESBORDES,40465 PONTONX-SUR-L'ADOUR
PA12010003,210 RUE DE LESBORDES,40465 PONTONX-SUR-L'ADOUR
PA12010004,210 RUE DE LESBORDES,40465 PONTONX-SUR-L'ADOUR
PA12020005,210 RUE DE LESBORDES,40465 PONTONX-SUR-L'ADOUR
PA12020006,210 RUE DE LESBORDES,40465 PONTONX-SUR-L'ADOUR
PA12020007,210 RUE DE LESBORDES,40465 PONTONX-SUR-L'ADOUR
PA12020008,210 RUE DE LESBORDES,40465 PONTONX-SUR-L'ADOUR
PA12020009,210 RUE DE LESBORDES,40465 PONTONX-SUR-L'ADOUR
PA13010001,51 RUE CHAMP DU BOURG,40465 PONTONX-SUR-L'ADOUR
PA13010002,51 RUE CHAMP DU BOURG,40465 PONTONX-SUR-L'ADOUR
PA13010003,51 RUE CHAMP DU BOURG,40465 PONTONX-SUR-L'ADOUR
PA13010004,51 RUE CHAMP DU BOURG,40465 PONTONX-SUR-L'ADOUR
PA13010005,51 RUE CHAMP DU BOURG,40465 PONTONX-SUR-L'ADOUR
PA13010006,51 RUE CHAMP DU BOURG,40465 PONTONX-SUR-L'ADOUR
PA13010101,51 RUE CHAMP DU BOURG,40465 PONTONX-SUR-L'ADOUR
PA13010102,51 RUE CHAMP DU BOURG,40465 PONTONX-SUR-L'ADOUR
PA13010103,51 RUE CHAMP DU BOURG,40465 PONTONX-SUR-L'ADOUR
PA13010104,51 RUE CHAMP DU BOURG,40465 PONTONX-SUR-L'ADOUR
PA13010105,51 RUE CHAMP DU BOURG,40465 PONTONX-SUR-L'ADOUR
PA13010106,51 RUE CHAMP DU BOURG,40465 PONTONX-SUR-L'ADOUR
PB01010001,29 CITE RIBEYRE,40200 SAINT-PAUL-EN-BORN
PB01010002,29 BIS CITE RIBEYRE,40200 SAINT-PAUL-EN-BORN
PB01010003,30 CITE RIBEYRE,40200 SAINT-PAUL-EN-BORN
PB01010004,30 BIS CITE RIBEYRE,40200 SAINT-PAUL-EN-BORN
PB01010005,32 CITE RIBEYRE,40200 SAINT-PAUL-EN-BORN
PB01010006,32 BIS CITE RIBEYRE,40200 SAINT-PAUL-EN-BORN
PB02010001,112 RUE PETIT JEAN,40200 SAINT-PAUL-EN-BORN
PB02010002,108 RUE PETIT JEAN,40200 SAINT-PAUL-EN-BORN
PB02010003,104 RUE PETIT JEAN,40200 SAINT-PAUL-EN-BORN
PB02010004,114 RUE PETIT JEAN,40200 SAINT-PAUL-EN-BORN
PB02010005,110 RUE PETIT JEAN,40200 SAINT-PAUL-EN-BORN
PB02010006,106 RUE PETIT JEAN,40200 SAINT-PAUL-EN-BORN
PB03010001,52 RUE PETIT JEAN,40200 SAINT-PAUL-EN-BORN
PB03010002,70 RUE PETIT JEAN,40200 SAINT-PAUL-EN-BORN
PB03010004,84 RUE PETIT JEAN,40200 SAINT-PAUL-EN-BORN
PE01010001,2595 ROUTE DE HONTANX,40190 PERQUIE
PF01010001,32 PLACE CHARLES DE GAULLE,40200 PONTENX-LES-FORGES
PF01010002,34 PLACE CHARLES DE GAULLE,40200 PONTENX-LES-FORGES
PF01010003,36 PLACE CHARLES DE GAULLE,40200 PONTENX-LES-FORGES
PF01010004,38 PLACE CHARLES DE GAULLE,40200 PONTENX-LES-FORGES
PF01010005,44 PLACE CHARLES DE GAULLE,40200 PONTENX-LES-FORGES
PF01010006,42 PLACE CHARLES DE GAULLE,40200 PONTENX-LES-FORGES
PF01010007,40 PLACE CHARLES DE GAULLE,40200 PONTENX-LES-FORGES
PF02010001,221 RUE DES CHENES,40200 PONTENX-LES-FORGES
PF02010002,221 RUE DES CHENES,40200 PONTENX-LES-FORGES
PF02010003,221 RUE DES CHENES,40200 PONTENX-LES-FORGES
PF02010004,221 RUE DES CHENES,40200 PONTENX-LES-FORGES
PF02010005,221 RUE DES CHENES,40200 PONTENX-LES-FORGES
PF02010006,221 RUE DES CHENES,40200 PONTENX-LES-FORGES
PF02010007,221 RUE DES CHENES,40200 PONTENX-LES-FORGES
PF02010008,221 RUE DES CHENES,40200 PONTENX-LES-FORGES
PF02010009,221 RUE DES CHENES,40200 PONTENX-LES-FORGES
PF03010001,60 RUE PIDOUX,40200 PONTENX-LES-FORGES
PF03010002,60 RUE PIDOUX,40200 PONTENX-LES-FORGES
PF03010003,60 RUE PIDOUX,40200 PONTENX-LES-FORGES
PF03010004,60 RUE PIDOUX,40200 PONTENX-LES-FORGES
PF03010005,60 RUE PIDOUX,40200 PONTENX-LES-FORGES
PF03010006,60 RUE PIDOUX,40200 PONTENX-LES-FORGES
PF04010001,138 RUE DES FOUGERES,40200 PONTENX-LES-FORGES
PF04010002,138 RUE DES FOUGERES,40200 PONTENX-LES-FORGES
PF04010003,138 RUE DES FOUGERES,40200 PONTENX-LES-FORGES
PF04010004,138 RUE DES FOUGERES,40200 PONTENX-LES-FORGES
PF04010101,138 RUE DES FOUGERES,40200 PONTENX-LES-FORGES
PF04010102,138 RUE DES FOUGERES,40200 PONTENX-LES-FORGES
PF04010103,138 RUE DES FOUGERES,40200 PONTENX-LES-FORGES
PF04010104,138 RUE DES FOUGERES,40200 PONTENX-LES-FORGES
PF04020001,185 RUE DES AJONCS,40200 PONTENX-LES-FORGES
PF04020002,185 RUE DES AJONCS,40200 PONTENX-LES-FORGES
PF04020003,185 RUE DES AJONCS,40200 PONTENX-LES-FORGES
PF04020004,185 RUE DES AJONCS,40200 PONTENX-LES-FORGES
PF04020101,185 RUE DES AJONCS,40200 PONTENX-LES-FORGES
PF04020102,185 RUE DES AJONCS,40200 PONTENX-LES-FORGES
PF04020103,185 RUE DES AJONCS,40200 PONTENX-LES-FORGES
PF04020104,185 RUE DES AJONCS,40200 PONTENX-LES-FORGES
PI02010001,233 RUE DU STADE,40410 PISSOS
PI02010002,251 RUE DU STADE,40410 PISSOS
PI02010004,257 RUE DU MOULIN NEUF,40410 PISSOS
PI02010006,333 RUE DU MOULIN NEUF,40410 PISSOS
PI02010007,284 RUE DU MOULIN NEUF,40410 PISSOS
PI02010008,268 RUE DU MOULIN NEUF,40410 PISSOS
PI02010009,1 RUE DU FORGERON,40410 PISSOS
PI02010010,15 RUE DU FORGERON,40410 PISSOS
PI02010011,41 RUE DU FORGERON,40410 PISSOS
PI02010012,51 RUE DU FORGERON,40410 PISSOS
PI02010013,62 RUE DU FORGERON,40410 PISSOS
PI02010014,52 RUE DU FORGERON,40410 PISSOS
PI02010015,26 RUE DU FORGERON,40410 PISSOS
PI02010016,12 RUE DU FORGERON,40410 PISSOS
PI02010017,196 RUE DU MOULIN NEUF,40410 PISSOS
PI02010018,180 RUE DU MOULIN NEUF,40410 PISSOS
PI02010019,250 RUE DU STADE,40410 PISSOS
PI02010020,236 RUE DU STADE,40410 PISSOS
PI03010001,332 RUE DU MOULIN NEUF,40410 PISSOS
PI03010002,342 RUE DU MOULIN NEUF,40410 PISSOS
PI03010003,390 RUE DU MOULIN NEUF,40410 PISSOS
PI03010004,400 RUE DU MOULIN NEUF,40410 PISSOS
PI03010005,18 PLACE DES METAYERS,40410 PISSOS
PI03010006,24 PLACE DES METAYERS,40410 PISSOS
PI03010007,42 PLACE DES METAYERS,40410 PISSOS
PI03010008,52 PLACE DES METAYERS,40410 PISSOS
PI03010009,60 PLACE DES METAYERS,40410 PISSOS
PI03010010,68 PLACE DES METAYERS,40410 PISSOS
PI03010011,74 PLACE DES METAYERS,40410 PISSOS
PI03010012,78 PLACE DES METAYERS,40410 PISSOS
PI03010013,458 RUE DU MOULIN NEUF,40410 PISSOS
PI03010014,470 RUE DU MOULIN NEUF,40410 PISSOS
PI03010015,492 RUE DU MOULIN NEUF,40410 PISSOS
PI03010017,532 RUE DU MOULIN NEUF,40410 PISSOS
PI03010018,542 RUE DU MOULIN NEUF,40410 PISSOS
PI03010020,552 RUE DU MOULIN NEUF,40410 PISSOS
PI04010001,18 PLACE DES RADELEURS,40410 PISSOS
PI04010002,18 PLACE DES RADELEURS,40410 PISSOS
PI04010003,18 PLACE DES RADELEURS,40410 PISSOS
PI04010004,18 PLACE DES RADELEURS,40410 PISSOS
PI04010005,48 PLACE DES RADELEURS,40410 PISSOS
PI04010006,48 PLACE DES RADELEURS,40410 PISSOS
PI04010007,48 PLACE DES RADELEURS,40410 PISSOS
PI04010008,48 PLACE DES RADELEURS,40410 PISSOS
PI05010001,1 ALLEE DE MENATE,40410 PISSOS
PI05010002,3 ALLEE DE MENATE,40410 PISSOS
PI05010003,5 ALLEE DE MENATE,40410 PISSOS
PI05010004,7 ALLEE DE MENATE,40410 PISSOS
PI05010005,9 ALLEE DE MENATE,40410 PISSOS
PI05010006,8 ALLEE DE MENATE,40410 PISSOS
PI05010007,6 ALLEE DE MENATE,40410 PISSOS
PI06010001,138 ROUTE DE BORDEAUX,40410 PISSOS
PI06010002,136 ROUTE DE BORDEAUX,40410 PISSOS
PI07010001,161 RUE DE L'HUILERIE,40410 PISSOS
PI07010002,137 RUE DE L'HUILERIE,40410 PISSOS
PI07010003,115 RUE DE L'HUILERIE,40410 PISSOS
PI07010004,91 RUE DE L'HUILERIE,40410 PISSOS
PI07010005,71 RUE DE L'HUILERIE,40410 PISSOS
PI10010001,15 PLACE DES GEMMEURS,40410 PISSOS
PI10010002,25 PLACE DES GEMMEURS,40410 PISSOS
PI10010003,35 PLACE DES GEMMEURS,40410 PISSOS
PI10010004,45 PLACE DES GEMMEURS,40410 PISSOS
PI10010005,55 PLACE DES GEMMEURS,40410 PISSOS
PI10010006,65 PLACE DES GEMMEURS,40410 PISSOS
PI10010007,75 PLACE DES GEMMEURS,40410 PISSOS
PI10010008,85 PLACE DES GEMMEURS,40410 PISSOS
PI11010001,147 ROUTE DE BORDEAUX,40410 PISSOS
PI11010002,149 ROUTE DE BORDEAUX,40410 PISSOS
PI11010003,151 ROUTE DE BORDEAUX,40410 PISSOS
PI11010004,153 ROUTE DE BORDEAUX,40410 PISSOS
PI11010005,155 ROUTE DE BORDEAUX,40410 PISSOS
PI11010006,157 ROUTE DE BORDEAUX,40410 PISSOS
PI11010007,159 ROUTE DE BORDEAUX,40410 PISSOS
PI11010008,161 ROUTE DE BORDEAUX,40410 PISSOS
PL01010001,1 RUE DE LA FORET,40350 POUILLON
PL01010002,3 RUE DE LA FORET,40350 POUILLON
PL01010004,8 RUE DE LA FORET,40350 POUILLON
PL01010005,9 RUE DE LA FORET,40350 POUILLON
PL01010006,11 RUE DE LA FORET,40350 POUILLON
PL01010007,7 IMPASSE DE LA GARENNE,40350 POUILLON
PL01010008,9 IMPASSE DE LA GARENNE,40350 POUILLON
PL02010001,50 IMPASSE DES ACACIAS,40350 POUILLON
PL02010002,50 IMPASSE DES ACACIAS,40350 POUILLON
PL02010003,50 IMPASSE DES ACACIAS,40350 POUILLON
PL02010004,50 IMPASSE DES ACACIAS,40350 POUILLON
PL02010005,50 IMPASSE DES ACACIAS,40350 POUILLON
PL02010006,50 IMPASSE DES ACACIAS,40350 POUILLON
PL03010001,35 IMPASSE DES ACACIAS,40350 POUILLON
PL03010002,20 IMPASSE DES ACACIAS,40350 POUILLON
PL03010003,65 IMPASSE DES ACACIAS,40350 POUILLON
PL03010004,65 IMPASSE DES ACACIAS,40350 POUILLON
PL03010005,65 IMPASSE DES ACACIAS,40350 POUILLON
PL03010006,65 IMPASSE DES ACACIAS,40350 POUILLON
PM02010001,A1 AVENUE DE LA MOUSTEY,40280 SAINT-PIERRE-DU-MONT
PM02010002,A1 AVENUE DE LA MOUSTEY,40280 SAINT-PIERRE-DU-MONT
PM02010003,A1 AVENUE DE LA MOUSTEY,40280 SAINT-PIERRE-DU-MONT
PM02010004,A1 AVENUE DE LA MOUSTEY,40280 SAINT-PIERRE-DU-MONT
PM02010005,A1 AVENUE DE LA MOUSTEY,40280 SAINT-PIERRE-DU-MONT
PM02010006,A1 AVENUE DE LA MOUSTEY,40280 SAINT-PIERRE-DU-MONT
PM02010007,A1 AVENUE DE LA MOUSTEY,40280 SAINT-PIERRE-DU-MONT
PM02010008,A1 AVENUE DE LA MOUSTEY,40280 SAINT-PIERRE-DU-MONT
PM02020001,A2 AVENUE DE LA MOUSTEY,40280 SAINT-PIERRE-DU-MONT
PM02020002,A2 AVENUE DE LA MOUSTEY,40280 SAINT-PIERRE-DU-MONT
PM02020003,A2 AVENUE DE LA MOUSTEY,40280 SAINT-PIERRE-DU-MONT
PM02020004,A2 AVENUE DE LA MOUSTEY,40280 SAINT-PIERRE-DU-MONT
PM02020005,A2 AVENUE DE LA MOUSTEY,40280 SAINT-PIERRE-DU-MONT
PM02020006,A2 AVENUE DE LA MOUSTEY,40280 SAINT-PIERRE-DU-MONT
PM02020007,A2 AVENUE DE LA MOUSTEY,40280 SAINT-PIERRE-DU-MONT
PM02020008,A2 AVENUE DE LA MOUSTEY,40280 SAINT-PIERRE-DU-MONT
PM02030001,A3 AVENUE DE LA MOUSTEY,40280 SAINT-PIERRE-DU-MONT
PM02030002,A3 AVENUE DE LA MOUSTEY,40280 SAINT-PIERRE-DU-MONT
PM02030003,A3 AVENUE DE LA MOUSTEY,40280 SAINT-PIERRE-DU-MONT
PM02030004,A3 AVENUE DE LA MOUSTEY,40280 SAINT-PIERRE-DU-MONT
PM02030005,A3 AVENUE DE LA MOUSTEY,40280 SAINT-PIERRE-DU-MONT
PM02030006,A3 AVENUE DE LA MOUSTEY,40280 SAINT-PIERRE-DU-MONT
PM02030007,A3 AVENUE DE LA MOUSTEY,40280 SAINT-PIERRE-DU-MONT
PM02030008,A3 AVENUE DE LA MOUSTEY,40280 SAINT-PIERRE-DU-MONT
PM02030009,B3 AVENUE DE LA MOUSTEY,40280 SAINT-PIERRE-DU-MONT
PM02030010,B3 AVENUE DE LA MOUSTEY,40280 SAINT-PIERRE-DU-MONT
PM02030011,B3 AVENUE DE LA MOUSTEY,40280 SAINT-PIERRE-DU-MONT
PM02030012,B3 AVENUE DE LA MOUSTEY,40280 SAINT-PIERRE-DU-MONT
PM02030013,B3 AVENUE DE LA MOUSTEY,40280 SAINT-PIERRE-DU-MONT
PM02030014,B3 AVENUE DE LA MOUSTEY,40280 SAINT-PIERRE-DU-MONT
PM02030015,B3 AVENUE DE LA MOUSTEY,40280 SAINT-PIERRE-DU-MONT
PM02030016,B3 AVENUE DE LA MOUSTEY,40280 SAINT-PIERRE-DU-MONT
PM02040001,A4 BOULEVARD DE L'AQUITAINE,40280 SAINT-PIERRE-DU-MONT
PM02040002,A4 BOULEVARD DE L'AQUITAINE,40280 SAINT-PIERRE-DU-MONT
PM02040003,A4 BOULEVARD DE L'AQUITAINE,40280 SAINT-PIERRE-DU-MONT
PM02040004,A4 BOULEVARD DE L'AQUITAINE,40280 SAINT-PIERRE-DU-MONT
PM02040005,A4 BOULEVARD DE L'AQUITAINE,40280 SAINT-PIERRE-DU-MONT
PM02040006,A4 BOULEVARD DE L'AQUITAINE,40280 SAINT-PIERRE-DU-MONT
PM02040007,A4 BOULEVARD DE L'AQUITAINE,40280 SAINT-PIERRE-DU-MONT
PM02040008,A4 BOULEVARD DE L'AQUITAINE,40280 SAINT-PIERRE-DU-MONT
PM02050001,A5 BOULEVARD DE L'AQUITAINE,40280 SAINT-PIERRE-DU-MONT
PM02050002,A5 BOULEVARD DE L'AQUITAINE,40280 SAINT-PIERRE-DU-MONT
PM02050003,A5 BOULEVARD DE L'AQUITAINE,40280 SAINT-PIERRE-DU-MONT
PM02050004,A5 BOULEVARD DE L'AQUITAINE,40280 SAINT-PIERRE-DU-MONT
PM02050005,A5 BOULEVARD DE L'AQUITAINE,40280 SAINT-PIERRE-DU-MONT
PM02050006,A5 BOULEVARD DE L'AQUITAINE,40280 SAINT-PIERRE-DU-MONT
PM02050007,A5 BOULEVARD DE L'AQUITAINE,40280 SAINT-PIERRE-DU-MONT
PM02050008,A5 BOULEVARD DE L'AQUITAINE,40280 SAINT-PIERRE-DU-MONT
PM02050009,A5 BOULEVARD DE L'AQUITAINE,40280 SAINT-PIERRE-DU-MONT
PM02050010,A5 BOULEVARD DE L'AQUITAINE,40280 SAINT-PIERRE-DU-MONT
PM02050011,B5 BOULEVARD DE L'AQUITAINE,40280 SAINT-PIERRE-DU-MONT
PM02050012,B5 BOULEVARD DE L'AQUITAINE,40280 SAINT-PIERRE-DU-MONT
PM02050013,B5 BOULEVARD DE L'AQUITAINE,40280 SAINT-PIERRE-DU-MONT
PM02050014,B5 BOULEVARD DE L'AQUITAINE,40280 SAINT-PIERRE-DU-MONT
PM02050015,B5 BOULEVARD DE L'AQUITAINE,40280 SAINT-PIERRE-DU-MONT
PM02050016,B5 BOULEVARD DE L'AQUITAINE,40280 SAINT-PIERRE-DU-MONT
PM02050017,B5 BOULEVARD DE L'AQUITAINE,40280 SAINT-PIERRE-DU-MONT
PM02050018,B5 BOULEVARD DE L'AQUITAINE,40280 SAINT-PIERRE-DU-MONT
PM02050019,B5 BOULEVARD DE L'AQUITAINE,40280 SAINT-PIERRE-DU-MONT
PM02050020,B5 BOULEVARD DE L'AQUITAINE,40280 SAINT-PIERRE-DU-MONT
PM03010001,RUE DU VINGT ET UN AOUT,40280 SAINT-PIERRE-DU-MONT
PM03010002,RUE DU VINGT ET UN AOUT,40280 SAINT-PIERRE-DU-MONT
PM03010003,RUE DU VINGT ET UN AOUT,40280 SAINT-PIERRE-DU-MONT
PM03010004,RUE DU VINGT ET UN AOUT,40280 SAINT-PIERRE-DU-MONT
PM03010005,RUE DU VINGT ET UN AOUT,40280 SAINT-PIERRE-DU-MONT
PM03010006,RUE DU VINGT ET UN AOUT,40280 SAINT-PIERRE-DU-MONT
PM03010007,RUE DU VINGT ET UN AOUT,40280 SAINT-PIERRE-DU-MONT
PM03010008,RUE DU VINGT ET UN AOUT,40280 SAINT-PIERRE-DU-MONT
PM03010009,RUE DU VINGT ET UN AOUT,40280 SAINT-PIERRE-DU-MONT
PM03010010,RUE DU VINGT ET UN AOUT,40280 SAINT-PIERRE-DU-MONT
PM04060001,A6 RUE DE LA NORMANDIE,40280 SAINT-PIERRE-DU-MONT
PM04060002,A6 RUE DE LA NORMANDIE,40280 SAINT-PIERRE-DU-MONT
PM04060003,A6 RUE DE LA NORMANDIE,40280 SAINT-PIERRE-DU-MONT
PM04060004,A6 RUE DE LA NORMANDIE,40280 SAINT-PIERRE-DU-MONT
PM04060005,A6 RUE DE LA NORMANDIE,40280 SAINT-PIERRE-DU-MONT
PM04060006,A6 RUE DE LA NORMANDIE,40280 SAINT-PIERRE-DU-MONT
PM04060007,A6 RUE DE LA NORMANDIE,40280 SAINT-PIERRE-DU-MONT
PM04060008,A6 RUE DE LA NORMANDIE,40280 SAINT-PIERRE-DU-MONT
PM04060009,A6 RUE DE LA NORMANDIE,40280 SAINT-PIERRE-DU-MONT
PM04060010,A6 RUE DE LA NORMANDIE,40280 SAINT-PIERRE-DU-MONT
PM04060011,A6 RUE DE LA NORMANDIE,40280 SAINT-PIERRE-DU-MONT
PM04060012,A6 RUE DE LA NORMANDIE,40280 SAINT-PIERRE-DU-MONT
PM04060013,A6 RUE DE LA NORMANDIE,40280 SAINT-PIERRE-DU-MONT
PM04060014,A6 RUE DE LA NORMANDIE,40280 SAINT-PIERRE-DU-MONT
PM04060015,A6 RUE DE LA NORMANDIE,40280 SAINT-PIERRE-DU-MONT
PM04060016,A6 RUE DE LA NORMANDIE,40280 SAINT-PIERRE-DU-MONT
PM04060017,A6 RUE DE LA NORMANDIE,40280 SAINT-PIERRE-DU-MONT
PM04060018,A6 RUE DE LA NORMANDIE,40280 SAINT-PIERRE-DU-MONT
PM04060019,A6 RUE DE LA NORMANDIE,40280 SAINT-PIERRE-DU-MONT
PM04070001,A7 RUE DE LA NORMANDIE,40280 SAINT-PIERRE-DU-MONT
PM04070002,A7 RUE DE LA NORMANDIE,40280 SAINT-PIERRE-DU-MONT
PM04070003,A7 RUE DE LA NORMANDIE,40280 SAINT-PIERRE-DU-MONT
PM04070004,A7 RUE DE LA NORMANDIE,40280 SAINT-PIERRE-DU-MONT
PM04070005,A7 RUE DE LA NORMANDIE,40280 SAINT-PIERRE-DU-MONT
PM04070006,A7 RUE DE LA NORMANDIE,40280 SAINT-PIERRE-DU-MONT
PM04070007,A7 RUE DE LA NORMANDIE,40280 SAINT-PIERRE-DU-MONT
PM04070008,A7 RUE DE LA NORMANDIE,40280 SAINT-PIERRE-DU-MONT
PM04070009,A7 RUE DE LA NORMANDIE,40280 SAINT-PIERRE-DU-MONT
PM04070010,A7 RUE DE LA NORMANDIE,40280 SAINT-PIERRE-DU-MONT
PM04080001,A8 RUE DE LA NORMANDIE,40280 SAINT-PIERRE-DU-MONT
PM04080002,A8 RUE DE LA NORMANDIE,40280 SAINT-PIERRE-DU-MONT
PM04080003,A8 RUE DE LA NORMANDIE,40280 SAINT-PIERRE-DU-MONT
PM04080004,A8 RUE DE LA NORMANDIE,40280 SAINT-PIERRE-DU-MONT
PM04080005,A8 RUE DE LA NORMANDIE,40280 SAINT-PIERRE-DU-MONT
PM04080006,A8 RUE DE LA NORMANDIE,40280 SAINT-PIERRE-DU-MONT
PM04080007,A8 RUE DE LA NORMANDIE,40280 SAINT-PIERRE-DU-MONT
PM04080008,A8 RUE DE LA NORMANDIE,40280 SAINT-PIERRE-DU-MONT
PM04080009,A8 RUE DE LA NORMANDIE,40280 SAINT-PIERRE-DU-MONT
PM04080010,A8 RUE DE LA NORMANDIE,40280 SAINT-PIERRE-DU-MONT
PM04080011,B8 RUE DE LA NORMANDIE,40280 SAINT-PIERRE-DU-MONT
PM04080012,B8 RUE DE LA NORMANDIE,40280 SAINT-PIERRE-DU-MONT
PM04080013,B8 RUE DE LA NORMANDIE,40280 SAINT-PIERRE-DU-MONT
PM04080014,B8 RUE DE LA NORMANDIE,40280 SAINT-PIERRE-DU-MONT
PM04080015,B8 RUE DE LA NORMANDIE,40280 SAINT-PIERRE-DU-MONT
PM04080016,B8 RUE DE LA NORMANDIE,40280 SAINT-PIERRE-DU-MONT
PM04080017,B8 RUE DE LA NORMANDIE,40280 SAINT-PIERRE-DU-MONT
PM04080018,B8 RUE DE LA NORMANDIE,40280 SAINT-PIERRE-DU-MONT
PM04080019,B8 RUE DE LA NORMANDIE,40280 SAINT-PIERRE-DU-MONT
PM04080020,B8 RUE DE LA NORMANDIE,40280 SAINT-PIERRE-DU-MONT
PM04090001,A9 RUE DE LA BRETAGNE,40280 SAINT-PIERRE-DU-MONT
PM04090002,A9 RUE DE LA BRETAGNE,40280 SAINT-PIERRE-DU-MONT
PM04090003,A9 RUE DE LA BRETAGNE,40280 SAINT-PIERRE-DU-MONT
PM04090004,A9 RUE DE LA BRETAGNE,40280 SAINT-PIERRE-DU-MONT
PM04090005,A9 RUE DE LA BRETAGNE,40280 SAINT-PIERRE-DU-MONT
PM04090006,A9 RUE DE LA BRETAGNE,40280 SAINT-PIERRE-DU-MONT
PM04090007,A9 RUE DE LA BRETAGNE,40280 SAINT-PIERRE-DU-MONT
PM04090008,A9 RUE DE LA BRETAGNE,40280 SAINT-PIERRE-DU-MONT
PM04090009,B9 RUE DE LA BRETAGNE,40280 SAINT-PIERRE-DU-MONT
PM04090010,B9 RUE DE LA BRETAGNE,40280 SAINT-PIERRE-DU-MONT
PM04090011,B9 RUE DE LA BRETAGNE,40280 SAINT-PIERRE-DU-MONT
PM04090012,B9 RUE DE LA BRETAGNE,40280 SAINT-PIERRE-DU-MONT
PM04090013,B9 RUE DE LA BRETAGNE,40280 SAINT-PIERRE-DU-MONT
PM04090014,B9 RUE DE LA BRETAGNE,40280 SAINT-PIERRE-DU-MONT
PM04090015,B9 RUE DE LA BRETAGNE,40280 SAINT-PIERRE-DU-MONT
PM04090016,B9 RUE DE LA BRETAGNE,40280 SAINT-PIERRE-DU-MONT
PM04100001,A10 BOULEVARD DE L'AQUITAINE,40280 SAINT-PIERRE-DU-MONT
PM04100002,A10 BOULEVARD DE L'AQUITAINE,40280 SAINT-PIERRE-DU-MONT
PM04100003,A10 BOULEVARD DE L'AQUITAINE,40280 SAINT-PIERRE-DU-MONT
PM04100004,A10 BOULEVARD DE L'AQUITAINE,40280 SAINT-PIERRE-DU-MONT
PM04100005,A10 BOULEVARD DE L'AQUITAINE,40280 SAINT-PIERRE-DU-MONT
PM04100006,A10 BOULEVARD DE L'AQUITAINE,40280 SAINT-PIERRE-DU-MONT
PM04100007,A10 BOULEVARD DE L'AQUITAINE,40280 SAINT-PIERRE-DU-MONT
PM04100008,A10 BOULEVARD DE L'AQUITAINE,40280 SAINT-PIERRE-DU-MONT
PM04100009,A10 BOULEVARD DE L'AQUITAINE,40280 SAINT-PIERRE-DU-MONT
PM04100010,A10 BOULEVARD DE L'AQUITAINE,40280 SAINT-PIERRE-DU-MONT
PM04100011,B10 BOULEVARD DE L'AQUITAINE,40280 SAINT-PIERRE-DU-MONT
PM04100012,B10 BOULEVARD DE L'AQUITAINE,40280 SAINT-PIERRE-DU-MONT
PM04100013,B10 BOULEVARD DE L'AQUITAINE,40280 SAINT-PIERRE-DU-MONT
PM04100014,B10 BOULEVARD DE L'AQUITAINE,40280 SAINT-PIERRE-DU-MONT
PM04100015,B10 BOULEVARD DE L'AQUITAINE,40280 SAINT-PIERRE-DU-MONT
PM04100016,B10 BOULEVARD DE L'AQUITAINE,40280 SAINT-PIERRE-DU-MONT
PM04100017,B10 BOULEVARD DE L'AQUITAINE,40280 SAINT-PIERRE-DU-MONT
PM04100018,B10 BOULEVARD DE L'AQUITAINE,40280 SAINT-PIERRE-DU-MONT
PM04100019,B10 BOULEVARD DE L'AQUITAINE,40280 SAINT-PIERRE-DU-MONT
PM04100020,B10 BOULEVARD DE L'AQUITAINE,40280 SAINT-PIERRE-DU-MONT
PM04110001,A11 RUE DE L'ILE DE FRANCE,40280 SAINT-PIERRE-DU-MONT
PM04110002,A11 RUE DE L'ILE DE FRANCE,40280 SAINT-PIERRE-DU-MONT
PM04110003,A11 RUE DE L'ILE DE FRANCE,40280 SAINT-PIERRE-DU-MONT
PM04110004,A11 RUE DE L'ILE DE FRANCE,40280 SAINT-PIERRE-DU-MONT
PM04110005,A11 RUE DE L'ILE DE FRANCE,40280 SAINT-PIERRE-DU-MONT
PM04110006,A11 RUE DE L'ILE DE FRANCE,40280 SAINT-PIERRE-DU-MONT
PM04110007,A11 RUE DE L'ILE DE FRANCE,40280 SAINT-PIERRE-DU-MONT
PM04110008,A11 RUE DE L'ILE DE FRANCE,40280 SAINT-PIERRE-DU-MONT
PM04120001,A12 RUE DE L'ILE DE FRANCE,40280 SAINT-PIERRE-DU-MONT
PM04120002,A12 RUE DE L'ILE DE FRANCE,40280 SAINT-PIERRE-DU-MONT
PM04120003,A12 RUE DE L'ILE DE FRANCE,40280 SAINT-PIERRE-DU-MONT
PM04120004,A12 RUE DE L'ILE DE FRANCE,40280 SAINT-PIERRE-DU-MONT
PM04120005,A12 RUE DE L'ILE DE FRANCE,40280 SAINT-PIERRE-DU-MONT
PM04120006,A12 RUE DE L'ILE DE FRANCE,40280 SAINT-PIERRE-DU-MONT
PM04120007,A12 RUE DE L'ILE DE FRANCE,40280 SAINT-PIERRE-DU-MONT
PM04120008,A12 RUE DE L'ILE DE FRANCE,40280 SAINT-PIERRE-DU-MONT
PM04130001,A13 RUE DE L'ILE DE FRANCE,40280 SAINT-PIERRE-DU-MONT
PM04130002,A13 RUE DE L'ILE DE FRANCE,40280 SAINT-PIERRE-DU-MONT
PM04130003,A13 RUE DE L'ILE DE FRANCE,40280 SAINT-PIERRE-DU-MONT
PM04130004,A13 RUE DE L'ILE DE FRANCE,40280 SAINT-PIERRE-DU-MONT
PM04130005,A13 RUE DE L'ILE DE FRANCE,40280 SAINT-PIERRE-DU-MONT
PM04130006,A13 RUE DE L'ILE DE FRANCE,40280 SAINT-PIERRE-DU-MONT
PM04130007,A13 RUE DE L'ILE DE FRANCE,40280 SAINT-PIERRE-DU-MONT
PM04130008,A13 RUE DE L'ILE DE FRANCE,40280 SAINT-PIERRE-DU-MONT
PM04130009,A13 RUE DE L'ILE DE FRANCE,40280 SAINT-PIERRE-DU-MONT
PM04130010,A13 RUE DE L'ILE DE FRANCE,40280 SAINT-PIERRE-DU-MONT
PM04130011,B13 RUE DE L'ILE DE FRANCE,40280 SAINT-PIERRE-DU-MONT
PM04130012,B13 RUE DE L'ILE DE FRANCE,40280 SAINT-PIERRE-DU-MONT
PM04130013,B13 RUE DE L'ILE DE FRANCE,40280 SAINT-PIERRE-DU-MONT
PM04130014,B13 RUE DE L'ILE DE FRANCE,40280 SAINT-PIERRE-DU-MONT
PM04130015,B13 RUE DE L'ILE DE FRANCE,40280 SAINT-PIERRE-DU-MONT
PM04130016,B13 RUE DE L'ILE DE FRANCE,40280 SAINT-PIERRE-DU-MONT
PM04130017,B13 RUE DE L'ILE DE FRANCE,40280 SAINT-PIERRE-DU-MONT
PM04130018,B13 RUE DE L'ILE DE FRANCE,40280 SAINT-PIERRE-DU-MONT
PM04130019,B13 RUE DE L'ILE DE FRANCE,40280 SAINT-PIERRE-DU-MONT
PM04130020,B13 RUE DE L'ILE DE FRANCE,40280 SAINT-PIERRE-DU-MONT
PM04140001,RUE DE L'ILE DE FRANCE,40280 SAINT-PIERRE-DU-MONT
PM04140002,RUE DE L'ILE DE FRANCE,40280 SAINT-PIERRE-DU-MONT
PM04140003,RUE DE L'ILE DE FRANCE,40280 SAINT-PIERRE-DU-MONT
PM04140004,RUE DE L'ILE DE FRANCE,40280 SAINT-PIERRE-DU-MONT
PM04140005,RUE DE L'ILE DE FRANCE,40280 SAINT-PIERRE-DU-MONT
PM04140006,RUE DE L'ILE DE FRANCE,40280 SAINT-PIERRE-DU-MONT
PM04140007,RUE DE L'ILE DE FRANCE,40280 SAINT-PIERRE-DU-MONT
PM04140008,RUE DE L'ILE DE FRANCE,40280 SAINT-PIERRE-DU-MONT
PM04140009,RUE DE L'ILE DE FRANCE,40280 SAINT-PIERRE-DU-MONT
PM04140010,RUE DE L'ILE DE FRANCE,40280 SAINT-PIERRE-DU-MONT
PM04140011,RUE DE L'ILE DE FRANCE,40280 SAINT-PIERRE-DU-MONT
PM04140012,RUE DE L'ILE DE FRANCE,40280 SAINT-PIERRE-DU-MONT
PM04140013,RUE DE L'ILE DE FRANCE,40280 SAINT-PIERRE-DU-MONT
PM04140014,RUE DE L'ILE DE FRANCE,40280 SAINT-PIERRE-DU-MONT
PM04140015,RUE DE L'ILE DE FRANCE,40280 SAINT-PIERRE-DU-MONT
PM04140016,RUE DE L'ILE DE FRANCE,40280 SAINT-PIERRE-DU-MONT
PM04140017,RUE DE L'ILE DE FRANCE,40280 SAINT-PIERRE-DU-MONT
PM04140018,RUE DE L'ILE DE FRANCE,40280 SAINT-PIERRE-DU-MONT
PM04140019,RUE DE L'ILE DE FRANCE,40280 SAINT-PIERRE-DU-MONT
PM04140020,RUE DE L'ILE DE FRANCE,40280 SAINT-PIERRE-DU-MONT
PM04140021,RUE DE L'ILE DE FRANCE,40280 SAINT-PIERRE-DU-MONT
PM04140022,RUE DE L'ILE DE FRANCE,40280 SAINT-PIERRE-DU-MONT
PM04140023,RUE DE L'ILE DE FRANCE,40280 SAINT-PIERRE-DU-MONT
PM04140024,RUE DE L'ILE DE FRANCE,40280 SAINT-PIERRE-DU-MONT
PM04140025,RUE DE L'ILE DE FRANCE,40280 SAINT-PIERRE-DU-MONT
PM04140026,RUE DE L'ILE DE FRANCE,40280 SAINT-PIERRE-DU-MONT
PM04140027,RUE DE L'ILE DE FRANCE,40280 SAINT-PIERRE-DU-MONT
PM04140028,RUE DE L'ILE DE FRANCE,40280 SAINT-PIERRE-DU-MONT
PM04140029,RUE DE L'ILE DE FRANCE,40280 SAINT-PIERRE-DU-MONT
PM04140030,RUE DE L'ILE DE FRANCE,40280 SAINT-PIERRE-DU-MONT
PM04140031,RUE DE L'ILE DE FRANCE,40280 SAINT-PIERRE-DU-MONT
PM04140032,RUE DE L'ILE DE FRANCE,40280 SAINT-PIERRE-DU-MONT
PM04140033,RUE DE L'ILE DE FRANCE,40280 SAINT-PIERRE-DU-MONT
PM04140034,RUE DE L'ILE DE FRANCE,40280 SAINT-PIERRE-DU-MONT
PM04140035,RUE DE L'ILE DE FRANCE,40280 SAINT-PIERRE-DU-MONT
PM04140036,RUE DE L'ILE DE FRANCE,40280 SAINT-PIERRE-DU-MONT
PM04140037,RUE DE L'ILE DE FRANCE,40280 SAINT-PIERRE-DU-MONT
PM04140038,RUE DE L'ILE DE FRANCE,40280 SAINT-PIERRE-DU-MONT
PM04140039,RUE DE L'ILE DE FRANCE,40280 SAINT-PIERRE-DU-MONT
PM04150001,AVENUE DE LA MOUSTEY,40280 SAINT-PIERRE-DU-MONT
PM04150002,AVENUE DE LA MOUSTEY,40280 SAINT-PIERRE-DU-MONT
PM04150003,AVENUE DE LA MOUSTEY,40280 SAINT-PIERRE-DU-MONT
PM04150004,AVENUE DE LA MOUSTEY,40280 SAINT-PIERRE-DU-MONT
PM04150005,AVENUE DE LA MOUSTEY,40280 SAINT-PIERRE-DU-MONT
PM04150006,AVENUE DE LA MOUSTEY,40280 SAINT-PIERRE-DU-MONT
PM04150007,AVENUE DE LA MOUSTEY,40280 SAINT-PIERRE-DU-MONT
PM04150008,AVENUE DE LA MOUSTEY,40280 SAINT-PIERRE-DU-MONT
PM04150009,AVENUE DE LA MOUSTEY,40280 SAINT-PIERRE-DU-MONT
PM04150010,AVENUE DE LA MOUSTEY,40280 SAINT-PIERRE-DU-MONT
PM04150012,AVENUE DE LA MOUSTEY,40280 SAINT-PIERRE-DU-MONT
PM04150013,AVENUE DE LA MOUSTEY,40280 SAINT-PIERRE-DU-MONT
PM04150014,AVENUE DE LA MOUSTEY,40280 SAINT-PIERRE-DU-MONT
PM04150015,AVENUE DE LA MOUSTEY,40280 SAINT-PIERRE-DU-MONT
PM04150016,AVENUE DE LA MOUSTEY,40280 SAINT-PIERRE-DU-MONT
PM04150017,AVENUE DE LA MOUSTEY,40280 SAINT-PIERRE-DU-MONT
PM04150018,AVENUE DE LA MOUSTEY,40280 SAINT-PIERRE-DU-MONT
PM04150019,AVENUE DE LA MOUSTEY,40280 SAINT-PIERRE-DU-MONT
PM04150020,AVENUE DE LA MOUSTEY,40280 SAINT-PIERRE-DU-MONT
PM04160001,A16 RUE DE L'ILE DE FRANCE,40280 SAINT-PIERRE-DU-MONT
PM04160002,A16 RUE DE L'ILE DE FRANCE,40280 SAINT-PIERRE-DU-MONT
PM04160003,A16 RUE DE L'ILE DE FRANCE,40280 SAINT-PIERRE-DU-MONT
PM04160004,A16 RUE DE L'ILE DE FRANCE,40280 SAINT-PIERRE-DU-MONT
PM04160005,A16 RUE DE L'ILE DE FRANCE,40280 SAINT-PIERRE-DU-MONT
PM04160006,A16 RUE DE L'ILE DE FRANCE,40280 SAINT-PIERRE-DU-MONT
PM04160007,A16 RUE DE L'ILE DE FRANCE,40280 SAINT-PIERRE-DU-MONT
PM04160008,A16 RUE DE L'ILE DE FRANCE,40280 SAINT-PIERRE-DU-MONT
PM04170001,RUE DE L'ILE DE FRANCE,40280 SAINT-PIERRE-DU-MONT
PM04170002,RUE DE L'ILE DE FRANCE,40280 SAINT-PIERRE-DU-MONT
PM04170003,RUE DE L'ILE DE FRANCE,40280 SAINT-PIERRE-DU-MONT
PM04170004,RUE DE L'ILE DE FRANCE,40280 SAINT-PIERRE-DU-MONT
PM04170005,RUE DE L'ILE DE FRANCE,40280 SAINT-PIERRE-DU-MONT
PM04170006,RUE DE L'ILE DE FRANCE,40280 SAINT-PIERRE-DU-MONT
PM04170007,RUE DE L'ILE DE FRANCE,40280 SAINT-PIERRE-DU-MONT
PM04170008,RUE DE L'ILE DE FRANCE,40280 SAINT-PIERRE-DU-MONT
PM04170009,RUE DE L'ILE DE FRANCE,40280 SAINT-PIERRE-DU-MONT
PM04170010,RUE DE L'ILE DE FRANCE,40280 SAINT-PIERRE-DU-MONT
PM04170011,RUE DE L'ILE DE FRANCE,40280 SAINT-PIERRE-DU-MONT
PM04170012,RUE DE L'ILE DE FRANCE,40280 SAINT-PIERRE-DU-MONT
PM04170013,RUE DE L'ILE DE FRANCE,40280 SAINT-PIERRE-DU-MONT
PM04170014,RUE DE L'ILE DE FRANCE,40280 SAINT-PIERRE-DU-MONT
PM04170015,RUE DE L'ILE DE FRANCE,40280 SAINT-PIERRE-DU-MONT
PM04170016,RUE DE L'ILE DE FRANCE,40280 SAINT-PIERRE-DU-MONT
PM04170017,RUE DE L'ILE DE FRANCE,40280 SAINT-PIERRE-DU-MONT
PM04170018,RUE DE L'ILE DE FRANCE,40280 SAINT-PIERRE-DU-MONT
PM04170019,RUE DE L'ILE DE FRANCE,40280 SAINT-PIERRE-DU-MONT
PM04180001,RUE DE L'ILE DE FRANCE,40280 SAINT-PIERRE-DU-MONT
PM04180002,RUE DE L'ILE DE FRANCE,40280 SAINT-PIERRE-DU-MONT
PM04180003,RUE DE L'ILE DE FRANCE,40280 SAINT-PIERRE-DU-MONT
PM04180004,RUE DE L'ILE DE FRANCE,40280 SAINT-PIERRE-DU-MONT
PM04180005,RUE DE L'ILE DE FRANCE,40280 SAINT-PIERRE-DU-MONT
PM04180006,RUE DE L'ILE DE FRANCE,40280 SAINT-PIERRE-DU-MONT
PM04180007,RUE DE L'ILE DE FRANCE,40280 SAINT-PIERRE-DU-MONT
PM04180008,RUE DE L'ILE DE FRANCE,40280 SAINT-PIERRE-DU-MONT
PM04180009,RUE DE L'ILE DE FRANCE,40280 SAINT-PIERRE-DU-MONT
PM04180010,RUE DE L'ILE DE FRANCE,40280 SAINT-PIERRE-DU-MONT
PM04180011,RUE DE L'ILE DE FRANCE,40280 SAINT-PIERRE-DU-MONT
PM04180012,RUE DE L'ILE DE FRANCE,40280 SAINT-PIERRE-DU-MONT
PM04180013,RUE DE L'ILE DE FRANCE,40280 SAINT-PIERRE-DU-MONT
PM04180014,RUE DE L'ILE DE FRANCE,40280 SAINT-PIERRE-DU-MONT
PM04180015,RUE DE L'ILE DE FRANCE,40280 SAINT-PIERRE-DU-MONT
PM04180016,RUE DE L'ILE DE FRANCE,40280 SAINT-PIERRE-DU-MONT
PM04180017,RUE DE L'ILE DE FRANCE,40280 SAINT-PIERRE-DU-MONT
PM04180018,RUE DE L'ILE DE FRANCE,40280 SAINT-PIERRE-DU-MONT
PM04180019,RUE DE L'ILE DE FRANCE,40280 SAINT-PIERRE-DU-MONT
PM04180020,RUE DE L'ILE DE FRANCE,40280 SAINT-PIERRE-DU-MONT
PM04180021,RUE DE L'ILE DE FRANCE,40280 SAINT-PIERRE-DU-MONT
PM04180022,RUE DE L'ILE DE FRANCE,40280 SAINT-PIERRE-DU-MONT
PM04180023,RUE DE L'ILE DE FRANCE,40280 SAINT-PIERRE-DU-MONT
PM04180024,RUE DE L'ILE DE FRANCE,40280 SAINT-PIERRE-DU-MONT
PM04180025,RUE DE L'ILE DE FRANCE,40280 SAINT-PIERRE-DU-MONT
PM04180026,RUE DE L'ILE DE FRANCE,40280 SAINT-PIERRE-DU-MONT
PM04180027,RUE DE L'ILE DE FRANCE,40280 SAINT-PIERRE-DU-MONT
PM04180028,RUE DE L'ILE DE FRANCE,40280 SAINT-PIERRE-DU-MONT
PM04180029,RUE DE L'ILE DE FRANCE,40280 SAINT-PIERRE-DU-MONT
PM04180030,RUE DE L'ILE DE FRANCE,40280 SAINT-PIERRE-DU-MONT
PM04180031,RUE DE L'ILE DE FRANCE,40280 SAINT-PIERRE-DU-MONT
PM04180032,RUE DE L'ILE DE FRANCE,40280 SAINT-PIERRE-DU-MONT
PM04180033,RUE DE L'ILE DE FRANCE,40280 SAINT-PIERRE-DU-MONT
PM04180034,RUE DE L'ILE DE FRANCE,40280 SAINT-PIERRE-DU-MONT
PM04180035,RUE DE L'ILE DE FRANCE,40280 SAINT-PIERRE-DU-MONT
PM04180036,RUE DE L'ILE DE FRANCE,40280 SAINT-PIERRE-DU-MONT
PM04180037,RUE DE L'ILE DE FRANCE,40280 SAINT-PIERRE-DU-MONT
PM04180038,RUE DE L'ILE DE FRANCE,40280 SAINT-PIERRE-DU-MONT
PM04180039,RUE DE L'ILE DE FRANCE,40280 SAINT-PIERRE-DU-MONT
PM04180040,RUE DE L'ILE DE FRANCE,40280 SAINT-PIERRE-DU-MONT
PM05010001,360 RUE DES SABOTIERS,40280 SAINT-PIERRE-DU-MONT
PM05010002,362 RUE DES SABOTIERS,40280 SAINT-PIERRE-DU-MONT
PM05010003,386 RUE DES SABOTIERS,40280 SAINT-PIERRE-DU-MONT
PM05010004,390 RUE DES SABOTIERS,40280 SAINT-PIERRE-DU-MONT
PM05010005,404 RUE DES SABOTIERS,40280 SAINT-PIERRE-DU-MONT
PM05010006,426 RUE DES SABOTIERS,40280 SAINT-PIERRE-DU-MONT
PM05010007,430 RUE DES SABOTIERS,40280 SAINT-PIERRE-DU-MONT
PM05010008,448 RUE DES SABOTIERS,40280 SAINT-PIERRE-DU-MONT
PM05010009,452 RUE DES SABOTIERS,40280 SAINT-PIERRE-DU-MONT
PM05010010,470 RUE DES SABOTIERS,40280 SAINT-PIERRE-DU-MONT
PM05010011,482 RUE DES SABOTIERS,40280 SAINT-PIERRE-DU-MONT
PM05010012,486 RUE DES SABOTIERS,40280 SAINT-PIERRE-DU-MONT
PM05010013,502 RUE DES SABOTIERS,40280 SAINT-PIERRE-DU-MONT
PM05010014,506 RUE DES SABOTIERS,40280 SAINT-PIERRE-DU-MONT
PM05010015,51 RUE DES SABOTIERS,40280 SAINT-PIERRE-DU-MONT
PM05010016,33 RUE DES SABOTIERS,40280 SAINT-PIERRE-DU-MONT
PM05010017,22 RUE DES SABOTIERS,40280 SAINT-PIERRE-DU-MONT
PM05010018,19 RUE DES SABOTIERS,40280 SAINT-PIERRE-DU-MONT
PM05010019,24 RUE DES SABOTIERS,40280 SAINT-PIERRE-DU-MONT
PM05010020,28 RUE DES SABOTIERS,40280 SAINT-PIERRE-DU-MONT
PM05010021,80 RUE DES SABOTIERS,40280 SAINT-PIERRE-DU-MONT
PM05010022,76 RUE DES SABOTIERS,40280 SAINT-PIERRE-DU-MONT
PM05010023,92 RUE DES SABOTIERS,40280 SAINT-PIERRE-DU-MONT
PM05010024,96 RUE DES SABOTIERS,40280 SAINT-PIERRE-DU-MONT
PM05010025,108 RUE DES SABOTIERS,40280 SAINT-PIERRE-DU-MONT
PM05010026,86 RUE DES SABOTIERS,40280 SAINT-PIERRE-DU-MONT
PM05010027,82 RUE DES SABOTIERS,40280 SAINT-PIERRE-DU-MONT
PM06010001,117 RUE DES SABOTIERS,40280 SAINT-PIERRE-DU-MONT
PM06010002,107 RUE DES SABOTIERS,40280 SAINT-PIERRE-DU-MONT
PM06010003,103 RUE DES SABOTIERS,40280 SAINT-PIERRE-DU-MONT
PM06010004,91 RUE DES SABOTIERS,40280 SAINT-PIERRE-DU-MONT
PM06010005,73 RUE DES SABOTIERS,40280 SAINT-PIERRE-DU-MONT
PM06010006,69 RUE DES SABOTIERS,40280 SAINT-PIERRE-DU-MONT
PM06010007,59 RUE DES SABOTIERS,40280 SAINT-PIERRE-DU-MONT
PM06010008,53 RUE DES SABOTIERS,40280 SAINT-PIERRE-DU-MONT
PM06010009,493 RUE DES SABOTIERS,40280 SAINT-PIERRE-DU-MONT
PM06010010,435 RUE DES SABOTIERS,40280 SAINT-PIERRE-DU-MONT
PM06010011,319 RUE DES SABOTIERS,40280 SAINT-PIERRE-DU-MONT
PM06010012,315 RUE DES SABOTIERS,40280 SAINT-PIERRE-DU-MONT
PM06010013,291 RUE DES SABOTIERS,40280 SAINT-PIERRE-DU-MONT
PM06010014,287 RUE DES SABOTIERS,40280 SAINT-PIERRE-DU-MONT
PM06010015,275 RUE DES SABOTIERS,40280 SAINT-PIERRE-DU-MONT
PM06010016,247 RUE DES SABOTIERS,40280 SAINT-PIERRE-DU-MONT
PM06010017,231 RUE DES SABOTIERS,40280 SAINT-PIERRE-DU-MONT
PM07010001,IMPASSE JEAN CAILLUYER,40280 SAINT-PIERRE-DU-MONT
PM07010002,IMPASSE JEAN CAILLUYER,40280 SAINT-PIERRE-DU-MONT
PM07010003,IMPASSE JEAN CAILLUYER,40280 SAINT-PIERRE-DU-MONT
PM07010004,IMPASSE JEAN CAILLUYER,40280 SAINT-PIERRE-DU-MONT
PM07010005,IMPASSE JEAN CAILLUYER,40280 SAINT-PIERRE-DU-MONT
PM07010006,IMPASSE JEAN CAILLUYER,40280 SAINT-PIERRE-DU-MONT
PM07010007,IMPASSE JEAN CAILLUYER,40280 SAINT-PIERRE-DU-MONT
PM07010008,IMPASSE JEAN CAILLUYER,40280 SAINT-PIERRE-DU-MONT
PM07010009,IMPASSE JEAN CAILLUYER,40280 SAINT-PIERRE-DU-MONT
PM08010001,322 RUE DES SABOTIERS,40280 SAINT-PIERRE-DU-MONT
PM09010001,17 RUE DES APICULTEURS,40280 SAINT-PIERRE-DU-MONT
PM10010001,95 RUE DES APICULTEURS,40280 SAINT-PIERRE-DU-MONT
PM11010001,274 RUE DES SABOTIERS,40280 SAINT-PIERRE-DU-MONT
PM12010001,65 RUE DES APICULTEURS,40280 SAINT-PIERRE-DU-MONT
PM13010001,329 RUE DES APICULTEURS,40280 SAINT-PIERRE-DU-MONT
PM14010001,215 RUE DES APICULTEURS,40280 SAINT-PIERRE-DU-MONT
PM15010001,23 RUE MARTET,40280 SAINT-PIERRE-DU-MONT
PM15010002,25 RUE MARTET,40280 SAINT-PIERRE-DU-MONT
PM15010003,19 RUE MARTET,40280 SAINT-PIERRE-DU-MONT
PM15010004,21 RUE MARTET,40280 SAINT-PIERRE-DU-MONT
PM15010005,15 RUE MARTET,40280 SAINT-PIERRE-DU-MONT
PM15010006,17 RUE MARTET,40280 SAINT-PIERRE-DU-MONT
PM15010007,77 RUE MARTET,40280 SAINT-PIERRE-DU-MONT
PM15010008,81 RUE MARTET,40280 SAINT-PIERRE-DU-MONT
PM15010009,95 RUE MARTET,40280 SAINT-PIERRE-DU-MONT
PM15010010,113 RUE MARTET,40280 SAINT-PIERRE-DU-MONT
PM15010011,117 RUE MARTET,40280 SAINT-PIERRE-DU-MONT
PM15010012,129 RUE MARTET,40280 SAINT-PIERRE-DU-MONT
PM15010013,133 RUE MARTET,40280 SAINT-PIERRE-DU-MONT
PM15010014,141 RUE MARTET,40280 SAINT-PIERRE-DU-MONT
PM15010015,145 RUE MARTET,40280 SAINT-PIERRE-DU-MONT
PM15010016,167 RUE MARTET,40280 SAINT-PIERRE-DU-MONT
PM15010017,171 RUE MARTET,40280 SAINT-PIERRE-DU-MONT
PM15010018,191 RUE MARTET,40280 SAINT-PIERRE-DU-MONT
PM15010019,195 RUE MARTET,40280 SAINT-PIERRE-DU-MONT
PM15010020,215 RUE MARTET,40280 SAINT-PIERRE-DU-MONT
PM15010021,219 RUE MARTET,40280 SAINT-PIERRE-DU-MONT
PM15010022,233 RUE MARTET,40280 SAINT-PIERRE-DU-MONT
PM15010023,237 RUE MARTET,40280 SAINT-PIERRE-DU-MONT
PM15010024,261 RUE MARTET,40280 SAINT-PIERRE-DU-MONT
PM15010025,265 RUE MARTET,40280 SAINT-PIERRE-DU-MONT
PM15010026,283 RUE MARTET,40280 SAINT-PIERRE-DU-MONT
PM15010027,299 RUE MARTET,40280 SAINT-PIERRE-DU-MONT
PM15010028,303 RUE MARTET,40280 SAINT-PIERRE-DU-MONT
PM15010029,325 RUE MARTET,40280 SAINT-PIERRE-DU-MONT
PM15010030,329 RUE MARTET,40280 SAINT-PIERRE-DU-MONT
PM15010031,353 RUE MARTET,40280 SAINT-PIERRE-DU-MONT
PM15010032,357 RUE MARTET,40280 SAINT-PIERRE-DU-MONT
PM15010033,274 RUE MARTET,40280 SAINT-PIERRE-DU-MONT
PM15010034,270 RUE MARTET,40280 SAINT-PIERRE-DU-MONT
PM15010035,250 RUE MARTET,40280 SAINT-PIERRE-DU-MONT
PM15010036,246 RUE MARTET,40280 SAINT-PIERRE-DU-MONT
PM15010037,168 RUE MARTET,40280 SAINT-PIERRE-DU-MONT
PM15010038,164 RUE MARTET,40280 SAINT-PIERRE-DU-MONT
PM15010039,144 RUE MARTET,40280 SAINT-PIERRE-DU-MONT
PM15010040,140 RUE MARTET,40280 SAINT-PIERRE-DU-MONT
PM16010001,2 RUE DE LA JEUNESSE,40280 SAINT-PIERRE-DU-MONT
PM16010002,439 RUE DE LA PROVENCE,40280 SAINT-PIERRE-DU-MONT
PM16010003,2 RUE DE LA JEUNESSE,40280 SAINT-PIERRE-DU-MONT
PM16010004,439 RUE DE LA PROVENCE,40280 SAINT-PIERRE-DU-MONT
PM16010005,439 RUE DE LA PROVENCE,40280 SAINT-PIERRE-DU-MONT
PM16010006,2 RUE DE LA JEUNESSE,40280 SAINT-PIERRE-DU-MONT
PM16010007,439 RUE DE LA PROVENCE,40280 SAINT-PIERRE-DU-MONT
PM16010008,439 RUE DE LA PROVENCE,40280 SAINT-PIERRE-DU-MONT
PM16010009,439 RUE DE LA PROVENCE,40280 SAINT-PIERRE-DU-MONT
PM16010010,439 RUE DE LA PROVENCE,40280 SAINT-PIERRE-DU-MONT
PM16010011,439 RUE DE LA PROVENCE,40280 SAINT-PIERRE-DU-MONT
PM16010012,439 RUE DE LA PROVENCE,40280 SAINT-PIERRE-DU-MONT
PM16010013,2 RUE DE LA JEUNESSE,40280 SAINT-PIERRE-DU-MONT
PM16010014,439 RUE DE LA PROVENCE,40280 SAINT-PIERRE-DU-MONT
PM16010015,439 RUE DE LA PROVENCE,40280 SAINT-PIERRE-DU-MONT
PM16010016,439 RUE DE LA PROVENCE,40280 SAINT-PIERRE-DU-MONT
PM16010017,439 RUE DE LA PROVENCE,40280 SAINT-PIERRE-DU-MONT
PM16010018,439 RUE DE LA PROVENCE,40280 SAINT-PIERRE-DU-MONT
PM16010019,439 RUE DE LA PROVENCE,40280 SAINT-PIERRE-DU-MONT
PM16010020,439 RUE DE LA PROVENCE,40280 SAINT-PIERRE-DU-MONT
PM16020021,137 RUE DE LA BRETAGNE,40280 SAINT-PIERRE-DU-MONT
PM16020022,2 RUE DE LA JEUNESSE,40280 SAINT-PIERRE-DU-MONT
PM16020023,137 RUE DE LA BRETAGNE,40280 SAINT-PIERRE-DU-MONT
PM16020024,137 RUE DE LA BRETAGNE,40280 SAINT-PIERRE-DU-MONT
PM16020025,137 RUE DE LA BRETAGNE,40280 SAINT-PIERRE-DU-MONT
PM16020026,137 RUE DE LA BRETAGNE,40280 SAINT-PIERRE-DU-MONT
PM16020027,137 RUE DE LA BRETAGNE,40280 SAINT-PIERRE-DU-MONT
PM16020028,137 RUE DE LA BRETAGNE,40280 SAINT-PIERRE-DU-MONT
PM16020029,137 RUE DE LA BRETAGNE,40280 SAINT-PIERRE-DU-MONT
PM16020030,2 RUE DE LA JEUNESSE,40280 SAINT-PIERRE-DU-MONT
PM16020031,137 RUE DE LA BRETAGNE,40280 SAINT-PIERRE-DU-MONT
PM16020032,137 RUE DE LA BRETAGNE,40280 SAINT-PIERRE-DU-MONT
PM16020033,137 RUE DE LA BRETAGNE,40280 SAINT-PIERRE-DU-MONT
PM16020034,137 RUE DE LA BRETAGNE,40280 SAINT-PIERRE-DU-MONT
PM16020035,137 RUE DE LA BRETAGNE,40280 SAINT-PIERRE-DU-MONT
PM16020036,137 RUE DE LA BRETAGNE,40280 SAINT-PIERRE-DU-MONT
PM17010001,80 AVENUE CAMILLE BRETTES,40280 SAINT-PIERRE-DU-MONT
PM17010002,80 AVENUE CAMILLE BRETTES,40280 SAINT-PIERRE-DU-MONT
PM17010003,80 AVENUE CAMILLE BRETTES,40280 SAINT-PIERRE-DU-MONT
PM17010004,80 AVENUE CAMILLE BRETTES,40280 SAINT-PIERRE-DU-MONT
PM17010005,80 AVENUE CAMILLE BRETTES,40280 SAINT-PIERRE-DU-MONT
PM17010006,80 AVENUE CAMILLE BRETTES,40280 SAINT-PIERRE-DU-MONT
PM17010007,80 AVENUE CAMILLE BRETTES,40280 SAINT-PIERRE-DU-MONT
PM17010008,80 AVENUE CAMILLE BRETTES,40280 SAINT-PIERRE-DU-MONT
PM17010009,80 AVENUE CAMILLE BRETTES,40280 SAINT-PIERRE-DU-MONT
PM17010010,80 AVENUE CAMILLE BRETTES,40280 SAINT-PIERRE-DU-MONT
PM17010011,80 AVENUE CAMILLE BRETTES,40280 SAINT-PIERRE-DU-MONT
PM17010012,80 AVENUE CAMILLE BRETTES,40280 SAINT-PIERRE-DU-MONT
PM17010013,80 AVENUE CAMILLE BRETTES,40280 SAINT-PIERRE-DU-MONT
PM17010014,80 AVENUE CAMILLE BRETTES,40280 SAINT-PIERRE-DU-MONT
PM17010015,80 AVENUE CAMILLE BRETTES,40280 SAINT-PIERRE-DU-MONT
PM17010016,80 AVENUE CAMILLE BRETTES,40280 SAINT-PIERRE-DU-MONT
PM17010017,80 AVENUE CAMILLE BRETTES,40280 SAINT-PIERRE-DU-MONT
PM18010001,236 CHEMIN DE LAREIGNE,40280 SAINT-PIERRE-DU-MONT
PM18010002,236 CHEMIN DE LAREIGNE,40280 SAINT-PIERRE-DU-MONT
PM18010003,236 CHEMIN DE LAREIGNE,40280 SAINT-PIERRE-DU-MONT
PM18010004,236 CHEMIN DE LAREIGNE,40280 SAINT-PIERRE-DU-MONT
PM18010005,236 CHEMIN DE LAREIGNE,40280 SAINT-PIERRE-DU-MONT
PM18010006,236 CHEMIN DE LAREIGNE,40280 SAINT-PIERRE-DU-MONT
PM18010007,236 CHEMIN DE LAREIGNE,40280 SAINT-PIERRE-DU-MONT
PM18010008,236 CHEMIN DE LAREIGNE,40280 SAINT-PIERRE-DU-MONT
PM18010009,236 CHEMIN DE LAREIGNE,40280 SAINT-PIERRE-DU-MONT
PM18010010,236 CHEMIN DE LAREIGNE,40280 SAINT-PIERRE-DU-MONT
PM18010011,236 CHEMIN DE LAREIGNE,40280 SAINT-PIERRE-DU-MONT
PM18010012,236 CHEMIN DE LAREIGNE,40280 SAINT-PIERRE-DU-MONT
PM18010013,236 CHEMIN DE LAREIGNE,40280 SAINT-PIERRE-DU-MONT
PM18010014,236 CHEMIN DE LAREIGNE,40280 SAINT-PIERRE-DU-MONT
PM18010015,236 CHEMIN DE LAREIGNE,40280 SAINT-PIERRE-DU-MONT
PM18010016,236 CHEMIN DE LAREIGNE,40280 SAINT-PIERRE-DU-MONT
PM18010101,236 CHEMIN DE LAREIGNE,40280 SAINT-PIERRE-DU-MONT
PM18010102,236 CHEMIN DE LAREIGNE,40280 SAINT-PIERRE-DU-MONT
PM18010103,236 CHEMIN DE LAREIGNE,40280 SAINT-PIERRE-DU-MONT
PM18010104,236 CHEMIN DE LAREIGNE,40280 SAINT-PIERRE-DU-MONT
PM18010105,236 CHEMIN DE LAREIGNE,40280 SAINT-PIERRE-DU-MONT
PM18010106,236 CHEMIN DE LAREIGNE,40280 SAINT-PIERRE-DU-MONT
PM18010107,236 CHEMIN DE LAREIGNE,40280 SAINT-PIERRE-DU-MONT
PM18010108,236 CHEMIN DE LAREIGNE,40280 SAINT-PIERRE-DU-MONT
PM18010109,236 CHEMIN DE LAREIGNE,40280 SAINT-PIERRE-DU-MONT
PM18010110,236 CHEMIN DE LAREIGNE,40280 SAINT-PIERRE-DU-MONT
PM18010111,236 CHEMIN DE LAREIGNE,40280 SAINT-PIERRE-DU-MONT
PM18010112,236 CHEMIN DE LAREIGNE,40280 SAINT-PIERRE-DU-MONT
PM18010113,236 CHEMIN DE LAREIGNE,40280 SAINT-PIERRE-DU-MONT
PM18010114,236 CHEMIN DE LAREIGNE,40280 SAINT-PIERRE-DU-MONT
PM18010115,236 CHEMIN DE LAREIGNE,40280 SAINT-PIERRE-DU-MONT
PM18010116,236 CHEMIN DE LAREIGNE,40280 SAINT-PIERRE-DU-MONT
PM18020001,236 CHEMIN DE LAREIGNE,40280 SAINT-PIERRE-DU-MONT
PM18020002,236 CHEMIN DE LAREIGNE,40280 SAINT-PIERRE-DU-MONT
PM18020003,236 CHEMIN DE LAREIGNE,40280 SAINT-PIERRE-DU-MONT
PM18020004,236 CHEMIN DE LAREIGNE,40280 SAINT-PIERRE-DU-MONT
PM18020101,236 CHEMIN DE LAREIGNE,40280 SAINT-PIERRE-DU-MONT
PM18020102,236 CHEMIN DE LAREIGNE,40280 SAINT-PIERRE-DU-MONT
PM18020103,236 CHEMIN DE LAREIGNE,40280 SAINT-PIERRE-DU-MONT
PM18020104,236 CHEMIN DE LAREIGNE,40280 SAINT-PIERRE-DU-MONT
PM18030001,236 CHEMIN DE LAREIGNE,40280 SAINT-PIERRE-DU-MONT
PM18030002,236 CHEMIN DE LAREIGNE,40280 SAINT-PIERRE-DU-MONT
PM18030003,236 CHEMIN DE LAREIGNE,40280 SAINT-PIERRE-DU-MONT
PM18030004,236 CHEMIN DE LAREIGNE,40280 SAINT-PIERRE-DU-MONT
PM18030005,236 CHEMIN DE LAREIGNE,40280 SAINT-PIERRE-DU-MONT
PM18030006,236 CHEMIN DE LAREIGNE,40280 SAINT-PIERRE-DU-MONT
PM18030007,236 CHEMIN DE LAREIGNE,40280 SAINT-PIERRE-DU-MONT
PM18030008,236 CHEMIN DE LAREIGNE,40280 SAINT-PIERRE-DU-MONT
PM18030009,236 CHEMIN DE LAREIGNE,40280 SAINT-PIERRE-DU-MONT
PM18030010,236 CHEMIN DE LAREIGNE,40280 SAINT-PIERRE-DU-MONT
PM18030011,236 CHEMIN DE LAREIGNE,40280 SAINT-PIERRE-DU-MONT
PM18030012,236 CHEMIN DE LAREIGNE,40280 SAINT-PIERRE-DU-MONT
PM18030013,236 CHEMIN DE LAREIGNE,40280 SAINT-PIERRE-DU-MONT
PM18030014,236 CHEMIN DE LAREIGNE,40280 SAINT-PIERRE-DU-MONT
PM18030015,236 CHEMIN DE LAREIGNE,40280 SAINT-PIERRE-DU-MONT
PM18030016,236 CHEMIN DE LAREIGNE,40280 SAINT-PIERRE-DU-MONT
PM18030017,236 CHEMIN DE LAREIGNE,40280 SAINT-PIERRE-DU-MONT
PM18030018,236 CHEMIN DE LAREIGNE,40280 SAINT-PIERRE-DU-MONT
PM18030019,236 CHEMIN DE LAREIGNE,40280 SAINT-PIERRE-DU-MONT
PM18030020,236 CHEMIN DE LAREIGNE,40280 SAINT-PIERRE-DU-MONT
PM18030021,236 CHEMIN DE LAREIGNE,40280 SAINT-PIERRE-DU-MONT
PM19010001,225 RUE CORPS FRANC-POMMIES,40280 SAINT-PIERRE-DU-MONT
PM19010002,225 RUE CORPS FRANC-POMMIES,40280 SAINT-PIERRE-DU-MONT
PM19010101,225 RUE CORPS FRANC-POMMIES,40280 SAINT-PIERRE-DU-MONT
PM19010102,225 RUE CORPS FRANC-POMMIES,40280 SAINT-PIERRE-DU-MONT
PM19010103,225 RUE CORPS FRANC-POMMIES,40280 SAINT-PIERRE-DU-MONT
PM19010104,225 RUE CORPS FRANC-POMMIES,40280 SAINT-PIERRE-DU-MONT
PM19010105,225 RUE CORPS FRANC-POMMIES,40280 SAINT-PIERRE-DU-MONT
PM19010201,225 RUE CORPS FRANC-POMMIES,40280 SAINT-PIERRE-DU-MONT
PM19010202,225 RUE CORPS FRANC-POMMIES,40280 SAINT-PIERRE-DU-MONT
PM19010203,225 RUE CORPS FRANC-POMMIES,40280 SAINT-PIERRE-DU-MONT
PM19010204,225 RUE CORPS FRANC-POMMIES,40280 SAINT-PIERRE-DU-MONT
PM19010205,225 RUE CORPS FRANC-POMMIES,40280 SAINT-PIERRE-DU-MONT
PM20010001,405 RUE DU POUY,40280 SAINT-PIERRE-DU-MONT
PM20010002,405 RUE DU POUY,40280 SAINT-PIERRE-DU-MONT
PM20010003,405 RUE DU POUY,40280 SAINT-PIERRE-DU-MONT
PM20010004,405 RUE DU POUY,40280 SAINT-PIERRE-DU-MONT
PM20010005,405 RUE DU POUY,40280 SAINT-PIERRE-DU-MONT
PM20010006,405 RUE DU POUY,40280 SAINT-PIERRE-DU-MONT
PM20010007,405 RUE DU POUY,40280 SAINT-PIERRE-DU-MONT
PM20010008,405 RUE DU POUY,40280 SAINT-PIERRE-DU-MONT
PM20010009,405 RUE DU POUY,40280 SAINT-PIERRE-DU-MONT
PM20010010,405 RUE DU POUY,40280 SAINT-PIERRE-DU-MONT
PM20010011,405 RUE DU POUY,40280 SAINT-PIERRE-DU-MONT
PM20010012,405 RUE DU POUY,40280 SAINT-PIERRE-DU-MONT
PM20020013,405 RUE DU POUY,40280 SAINT-PIERRE-DU-MONT
PM20020014,405 RUE DU POUY,40280 SAINT-PIERRE-DU-MONT
PM20020015,405 RUE DU POUY,40280 SAINT-PIERRE-DU-MONT
PM20020016,405 RUE DU POUY,40280 SAINT-PIERRE-DU-MONT
PM20020017,405 RUE DU POUY,40280 SAINT-PIERRE-DU-MONT
PM20020018,405 RUE DU POUY,40280 SAINT-PIERRE-DU-MONT
PM20020019,405 RUE DU POUY,40280 SAINT-PIERRE-DU-MONT
PM20020020,405 RUE DU POUY,40280 SAINT-PIERRE-DU-MONT
PM21020001,36 IMPASSE MIREILLE LAUZE,40280 SAINT-PIERRE-DU-MONT
PM21020002,36 IMPASSE MIREILLE LAUZE,40280 SAINT-PIERRE-DU-MONT
PM21020003,36 IMPASSE MIREILLE LAUZE,40280 SAINT-PIERRE-DU-MONT
PM21020004,36 IMPASSE MIREILLE LAUZE,40280 SAINT-PIERRE-DU-MONT
PM21020005,36 IMPASSE MIREILLE LAUZE,40280 SAINT-PIERRE-DU-MONT
PM21020006,36 IMPASSE MIREILLE LAUZE,40280 SAINT-PIERRE-DU-MONT
PM21020007,36 IMPASSE MIREILLE LAUZE,40280 SAINT-PIERRE-DU-MONT
PM21020101,36 IMPASSE MIREILLE LAUZE,40280 SAINT-PIERRE-DU-MONT
PM21020102,36 IMPASSE MIREILLE LAUZE,40280 SAINT-PIERRE-DU-MONT
PM21020103,36 IMPASSE MIREILLE LAUZE,40280 SAINT-PIERRE-DU-MONT
PM21020104,36 IMPASSE MIREILLE LAUZE,40280 SAINT-PIERRE-DU-MONT
PM21020105,36 IMPASSE MIREILLE LAUZE,40280 SAINT-PIERRE-DU-MONT
PM21020106,36 IMPASSE MIREILLE LAUZE,40280 SAINT-PIERRE-DU-MONT
PM21020107,36 IMPASSE MIREILLE LAUZE,40280 SAINT-PIERRE-DU-MONT
PM21030001,18 RUE LUCIE AUBRAC,40280 SAINT-PIERRE-DU-MONT
PM21030002,18 RUE LUCIE AUBRAC,40280 SAINT-PIERRE-DU-MONT
PM21030003,18 RUE LUCIE AUBRAC,40280 SAINT-PIERRE-DU-MONT
PM21030004,18 RUE LUCIE AUBRAC,40280 SAINT-PIERRE-DU-MONT
PM21030005,18 RUE LUCIE AUBRAC,40280 SAINT-PIERRE-DU-MONT
PM21030006,18 RUE LUCIE AUBRAC,40280 SAINT-PIERRE-DU-MONT
PM21030007,18 RUE LUCIE AUBRAC,40280 SAINT-PIERRE-DU-MONT
PM21030008,18 RUE LUCIE AUBRAC,40280 SAINT-PIERRE-DU-MONT
PM21030101,18 RUE LUCIE AUBRAC,40280 SAINT-PIERRE-DU-MONT
PM21030102,18 RUE LUCIE AUBRAC,40280 SAINT-PIERRE-DU-MONT
PM21030103,18 RUE LUCIE AUBRAC,40280 SAINT-PIERRE-DU-MONT
PM21030104,18 RUE LUCIE AUBRAC,40280 SAINT-PIERRE-DU-MONT
PM21030105,18 RUE LUCIE AUBRAC,40280 SAINT-PIERRE-DU-MONT
PM21030106,18 RUE LUCIE AUBRAC,40280 SAINT-PIERRE-DU-MONT
PM21030107,18 RUE LUCIE AUBRAC,40280 SAINT-PIERRE-DU-MONT
PM21030108,18 RUE LUCIE AUBRAC,40280 SAINT-PIERRE-DU-MONT
PM21040001,122 IMPASSE MIREILLE LAUZE,40280 SAINT-PIERRE-DU-MONT
PM21040002,122 IMPASSE MIREILLE LAUZE,40280 SAINT-PIERRE-DU-MONT
PM21040003,122 IMPASSE MIREILLE LAUZE,40280 SAINT-PIERRE-DU-MONT
PM21040004,122 IMPASSE MIREILLE LAUZE,40280 SAINT-PIERRE-DU-MONT
PM21040005,122 IMPASSE MIREILLE LAUZE,40280 SAINT-PIERRE-DU-MONT
PM21040006,122 IMPASSE MIREILLE LAUZE,40280 SAINT-PIERRE-DU-MONT
PM21040101,122 IMPASSE MIREILLE LAUZE,40280 SAINT-PIERRE-DU-MONT
PM21040102,122 IMPASSE MIREILLE LAUZE,40280 SAINT-PIERRE-DU-MONT
PM21040103,122 IMPASSE MIREILLE LAUZE,40280 SAINT-PIERRE-DU-MONT
PM21040104,122 IMPASSE MIREILLE LAUZE,40280 SAINT-PIERRE-DU-MONT
PM21040105,122 IMPASSE MIREILLE LAUZE,40280 SAINT-PIERRE-DU-MONT
PM21040106,122 IMPASSE MIREILLE LAUZE,40280 SAINT-PIERRE-DU-MONT
PM21070001,47 IMPASSE MIREILLE LAUZE,40280 SAINT-PIERRE-DU-MONT
PM21070002,41 IMPASSE MIREILLE LAUZE,40280 SAINT-PIERRE-DU-MONT
PM21070003,35 IMPASSE MIREILLE LAUZE,40280 SAINT-PIERRE-DU-MONT
PM21070004,29 IMPASSE MIREILLE LAUZE,40280 SAINT-PIERRE-DU-MONT
PM21070005,23 IMPASSE MIREILLE LAUZE,40280 SAINT-PIERRE-DU-MONT
PM21070006,17 IMPASSE MIREILLE LAUZE,40280 SAINT-PIERRE-DU-MONT
PM21070007,11 IMPASSE MIREILLE LAUZE,40280 SAINT-PIERRE-DU-MONT
PM21080001,75 IMPASSE MIREILLE LAUZE,40280 SAINT-PIERRE-DU-MONT
PM21080002,79 IMPASSE MIREILLE LAUZE,40280 SAINT-PIERRE-DU-MONT
PM21080003,85 IMPASSE MIREILLE LAUZE,40280 SAINT-PIERRE-DU-MONT
PM21080004,95 IMPASSE MIREILLE LAUZE,40280 SAINT-PIERRE-DU-MONT
PM21080005,99 IMPASSE MIREILLE LAUZE,40280 SAINT-PIERRE-DU-MONT
PM21080006,103 IMPASSE MIREILLE LAUZE,40280 SAINT-PIERRE-DU-MONT
PM21090001,82 IMPASSE MIREILLE LAUZE,40280 SAINT-PIERRE-DU-MONT
PM21090002,90 IMPASSE MIREILLE LAUZE,40280 SAINT-PIERRE-DU-MONT
PM21090003,98 IMPASSE MIREILLE LAUZE,40280 SAINT-PIERRE-DU-MONT
PM21090004,104 IMPASSE MIREILLE LAUZE,40280 SAINT-PIERRE-DU-MONT
PN01010001,93 AVENUE DES ARENES,40090 SAINT-PERDON
PN01010002,95 AVENUE DES ARENES,40090 SAINT-PERDON
PN01010003,97 AVENUE DES ARENES,40090 SAINT-PERDON
PN01010004,99 AVENUE DES ARENES,40090 SAINT-PERDON
PN01010005,101 AVENUE DES ARENES,40090 SAINT-PERDON
PN01010006,103 AVENUE DES ARENES,40090 SAINT-PERDON
PN01020007,85 AVENUE DES ARENES,40090 SAINT-PERDON
PN01020008,89 AVENUE DES ARENES,40090 SAINT-PERDON
PN01020009,87 AVENUE DES ARENES,40090 SAINT-PERDON
PN01020010,91 AVENUE DES ARENES,40090 SAINT-PERDON
PO01010001,PLACE GRATIEN DE LERM,40380 POYANNE
PO01010002,PLACE GRATIEN DE LERM,40380 POYANNE
PO01010003,PLACE GRATIEN DE LERM,40380 POYANNE
PO01010004,PLACE GRATIEN DE LERM,40380 POYANNE
PO01010005,PLACE GRATIEN DE LERM,40380 POYANNE
PO01010006,PLACE GRATIEN DE LERM,40380 POYANNE
PO02010001,145 RUE ADOUR ET CHALOSSE,40380 POYANNE
PO02010002,145 RUE ADOUR ET CHALOSSE,40380 POYANNE
PO02010003,145 RUE ADOUR ET CHALOSSE,40380 POYANNE
PO03010001,IMPASSE DES ARENES,40380 POYANNE
PO03010002,IMPASSE DES ARENES,40380 POYANNE
PO04010001,267 AVENUE ADOUR ET CHALOSSE,40380 POYANNE
PO04010002,265 AVENUE ADOUR ET CHALOSSE,40380 POYANNE
PR02010001,62 RUE DU 14 JUILLET,40160 PARENTIS-EN-BORN
PR02010002,62 RUE DU 14 JUILLET,40160 PARENTIS-EN-BORN
PR02010003,62 RUE DU 14 JUILLET,40160 PARENTIS-EN-BORN
PR02010004,62 RUE DU 14 JUILLET,40160 PARENTIS-EN-BORN
PR02010005,62 RUE DU 14 JUILLET,40160 PARENTIS-EN-BORN
PR02010006,62 RUE DU 14 JUILLET,40160 PARENTIS-EN-BORN
PR02010007,62 RUE DU 14 JUILLET,40160 PARENTIS-EN-BORN
PR02010008,42 RUE DU 14 JUILLET,40160 PARENTIS-EN-BORN
PR02010009,42 RUE DU 14 JUILLET,40160 PARENTIS-EN-BORN
PR02010010,42 RUE DU 14 JUILLET,40160 PARENTIS-EN-BORN
PR02010011,42 RUE DU 14 JUILLET,40160 PARENTIS-EN-BORN
PR02010012,42 RUE DU 14 JUILLET,40160 PARENTIS-EN-BORN
PR02010013,42 RUE DU 14 JUILLET,40160 PARENTIS-EN-BORN
PR02010014,42 RUE DU 14 JUILLET,40160 PARENTIS-EN-BORN
PR02010015,20 RUE DU 14 JUILLET,40160 PARENTIS-EN-BORN
PR02010016,20 RUE DU 14 JUILLET,40160 PARENTIS-EN-BORN
PR02010017,20 RUE DU 14 JUILLET,40160 PARENTIS-EN-BORN
PR02010018,20 RUE DU 14 JUILLET,40160 PARENTIS-EN-BORN
PR02010019,20 RUE DU 14 JUILLET,40160 PARENTIS-EN-BORN
PR02010020,20 RUE DU 14 JUILLET,40160 PARENTIS-EN-BORN
PR02010021,20 RUE DU 14 JUILLET,40160 PARENTIS-EN-BORN
PR02010022,8 RUE DU 14 JUILLET,40160 PARENTIS-EN-BORN
PR02010023,8 RUE DU 14 JUILLET,40160 PARENTIS-EN-BORN
PR02010024,8 RUE DU 14 JUILLET,40160 PARENTIS-EN-BORN
PR02010025,17 IMPASSE DU 14 JUILLET,40160 PARENTIS-EN-BORN
PR02010026,17 IMPASSE DU 14 JUILLET,40160 PARENTIS-EN-BORN
PR02010027,17 IMPASSE DU 14 JUILLET,40160 PARENTIS-EN-BORN
PR02010028,17 IMPASSE DU 14 JUILLET,40160 PARENTIS-EN-BORN
PR02010029,17 IMPASSE DU 14 JUILLET,40160 PARENTIS-EN-BORN
PR02010030,17 IMPASSE DU 14 JUILLET,40160 PARENTIS-EN-BORN
PR03010001,9 RUE JEAN MOULIN,40160 PARENTIS-EN-BORN
PR03010002,19 RUE JEAN MOULIN,40160 PARENTIS-EN-BORN
PR03010003,45 RUE JEAN MOULIN,40160 PARENTIS-EN-BORN
PR03010004,55 RUE JEAN MOULIN,40160 PARENTIS-EN-BORN
PR03010005,90 RUE PIERRE BROSSOLETTE,40160 PARENTIS-EN-BORN
PR03010006,82 RUE PIERRE BROSSOLETTE,40160 PARENTIS-EN-BORN
PR03010007,76 RUE PIERRE BROSSOLETTE,40160 PARENTIS-EN-BORN
PR03010008,68 RUE PIERRE BROSSOLETTE,40160 PARENTIS-EN-BORN
PR03010009,52 RUE PIERRE BROSSOLETTE,40160 PARENTIS-EN-BORN
PR03010010,44 RUE PIERRE BROSSOLETTE,40160 PARENTIS-EN-BORN
PR03010011,40 RUE PIERRE BROSSOLETTE,40160 PARENTIS-EN-BORN
PR03010012,30 RUE PIERRE BROSSOLETTE,40160 PARENTIS-EN-BORN
PR03010013,77 RUE JEAN MOULIN,40160 PARENTIS-EN-BORN
PR03010014,85 RUE JEAN MOULIN,40160 PARENTIS-EN-BORN
PR03010015,80 RUE JEAN MOULIN,40160 PARENTIS-EN-BORN
PR03010016,72 RUE JEAN MOULIN,40160 PARENTIS-EN-BORN
PR03010017,54 RUE JEAN MOULIN,40160 PARENTIS-EN-BORN
PR03010018,46 RUE JEAN MOULIN,40160 PARENTIS-EN-BORN
PR03010019,18 RUE JEAN MOULIN,40160 PARENTIS-EN-BORN
PR03010020,10 RUE JEAN MOULIN,40160 PARENTIS-EN-BORN
PR04010001,152 RUE DES DROITS DE L'HOMME,40160 PARENTIS-EN-BORN
PR04010002,144 RUE DES DROITS DE L'HOMME,40160 PARENTIS-EN-BORN
PR04010003,126 RUE DES DROITS DE L'HOMME,40160 PARENTIS-EN-BORN
PR04010005,98 RUE DES DROITS DE L'HOMME,40160 PARENTIS-EN-BORN
PR04010006,90 RUE DES DROITS DE L'HOMME,40160 PARENTIS-EN-BORN
PR04010007,208 RUE DES DROITS DE L'HOMME,40160 PARENTIS-EN-BORN
PR04010008,198 RUE DES DROITS DE L'HOMME,40160 PARENTIS-EN-BORN
PR04010009,182 RUE DES DROITS DE L'HOMME,40160 PARENTIS-EN-BORN
PR04010011,164 RUE DES DROITS DE L'HOMME,40160 PARENTIS-EN-BORN
PR04010012,154 RUE DES DROITS DE L'HOMME,40160 PARENTIS-EN-BORN
PR05010001,9 RUE DU QUAI,40160 PARENTIS-EN-BORN
PR05010002,19 RUE DU QUAI,40160 PARENTIS-EN-BORN
PR05010003,31 RUE DU QUAI,40160 PARENTIS-EN-BORN
PR05010004,91 RUE DU QUAI,40160 PARENTIS-EN-BORN
PR05010005,67 RUE DU QUAI,40160 PARENTIS-EN-BORN
PR05010006,75 RUE DU QUAI,40160 PARENTIS-EN-BORN
PR06010001,189 VENUE DE LA GARE,40160 PARENTIS-EN-BORN
PR06010003,201 AVENUE DE LA GARE,40160 PARENTIS-EN-BORN
PR06010004,177 AVENUE DE LA GARE,40160 PARENTIS-EN-BORN
PR06010005,155 AVENUE DE LA GARE,40160 PARENTIS-EN-BORN
PR06010006,169 AVENUE DE LA GARE,40160 PARENTIS-EN-BORN
PR06010007,143 AVENUE DE LA GARE,40160 PARENTIS-EN-BORN
PR06010008,141 AVENUE DE LA GARE,40160 PARENTIS-EN-BORN
PR06010009,20 RUE DU QUAI,40160 PARENTIS-EN-BORN
PR06010010,34 RUE DU QUAI,40160 PARENTIS-EN-BORN
PR06010011,46 RUE DU QUAI,40160 PARENTIS-EN-BORN
PR06010012,51 RUE DU QUAI,40160 PARENTIS-EN-BORN
PR07010001,75 RUE DES DROITS DE L'HOMME,40160 PARENTIS-EN-BORN
PR07010002,75 RUE DES DROITS DE L'HOMME,40160 PARENTIS-EN-BORN
PR07010003,75 RUE DES DROITS DE L'HOMME,40160 PARENTIS-EN-BORN
PR07010004,75 RUE DES DROITS DE L'HOMME,40160 PARENTIS-EN-BORN
PR07010005,75 RUE DES DROITS DE L'HOMME,40160 PARENTIS-EN-BORN
PR07010006,75 RUE DES DROITS DE L'HOMME,40160 PARENTIS-EN-BORN
PR08010002,444 AVENUE GERMINAL,40160 PARENTIS-EN-BORN
PR08010003,444 AVENUE GERMINAL,40160 PARENTIS-EN-BORN
PR08010004,444 AVENUE GERMINAL,40160 PARENTIS-EN-BORN
PR08010005,444 AVENUE GERMINAL,40160 PARENTIS-EN-BORN
PR08010006,444 AVENUE GERMINAL,40160 PARENTIS-EN-BORN
PU01010001,43 ALLEE DES PAQUERETTES,40120 POUYDESSEAUX
PU01010004,44 ALLEE DES PAQUERETTES,40120 POUYDESSEAUX
PU01010005,46 ALLEE DES PAQUERETTES,40120 POUYDESSEAUX
PU01010006,42 ALLEE DES PAQUERETTES,40120 POUYDESSEAUX
PU01010007,40 ALLEE DES PAQUERETTES,40120 POUYDESSEAUX
PU02010001,200 CHEMIN DE TREYTIN,40120 POUYDESSEAUX
PU02010002,202 CHEMIN DE TREYTIN,40120 POUYDESSEAUX
PU02010003,204 CHEMIN DE TREYTIN,40120 POUYDESSEAUX
PU02010004,206 CHEMIN DE TREYTIN,40120 POUYDESSEAUX
PU03010001,4A AVENUE DU MARSAN,40120 POUYDESSEAUX
PU03010002,4B AVENUE DU MARSAN,40120 POUYDESSEAUX
PU03010003,4C AVENUE DU MARSAN,40120 POUYDESSEAUX
PU03020001,4D AVENUE DU MARSAN,40120 POUYDESSEAUX
PU03020002,4E AVENUE DU MARSAN,40120 POUYDESSEAUX
PX01010001,75 CHEMIN DE LA FONTAINE DU DET,40700 POUDENX
PX01010002,85 CHEMIN DE LA FONTAINE DU DET,40700 POUDENX
PX01010003,80 CHEMIN DE LA FONTAINE DU DET,40700 POUDENX
PX01010004,70 CHEMIN DE LA FONTAINE DU DET,40700 POUDENX
PY04010001,166 RUE DE L'ARRIOU,40300 PEYREHORADE
PY04010002,182 RUE DE L'ARRIOU,40300 PEYREHORADE
PY04010003,208 RUE DE L'ARRIOU,40300 PEYREHORADE
PY04010004,16 RUE DES SAUGES,40300 PEYREHORADE
PY04010005,24 RUE DES SAUGES,40300 PEYREHORADE
PY04010006,36 RUE DES SAUGES,40300 PEYREHORADE
PY04010007,82 RUE DES SAUGES,40300 PEYREHORADE
PY04010008,88 RUE DES SAUGES,40300 PEYREHORADE
PY04010009,100 RUE DES SAUGES,40300 PEYREHORADE
PY04010010,108 RUE DES SAUGES,40300 PEYREHORADE
PY04010012,132 RUE DES SAUGES,40300 PEYREHORADE
PY04010013,140 RUE DES SAUGES,40300 PEYREHORADE
PY04010014,154 RUE DES SAUGES,40300 PEYREHORADE
PY04010015,164 RUE DES SAUGES,40300 PEYREHORADE
PY04010016,170 RUE DES SAUGES,40300 PEYREHORADE
PY04010017,178 RUE DES SAUGES,40300 PEYREHORADE
PY04010018,190 RUE DES SAUGES,40300 PEYREHORADE
PY04010019,242 RUE DE L'ARRIOU,40300 PEYREHORADE
PY04010020,220 RUE DES SAUGES,40300 PEYREHORADE
PY05010003,CHEMIN DE MAGESCAS,40300 PEYREHORADE
PY05010004,CHEMIN DE MAGESCAS,40300 PEYREHORADE
PY05010005,CHEMIN DE MAGESCAS,40300 PEYREHORADE
PY05010006,CHEMIN DE MAGESCAS,40300 PEYREHORADE
PY05010007,CHEMIN DE MAGESCAS,40300 PEYREHORADE
PY05010008,CHEMIN DE MAGESCAS,40300 PEYREHORADE
PY05010009,CHEMIN DE MAGESCAS,40300 PEYREHORADE
PY05010010,CHEMIN DE MAGESCAS,40300 PEYREHORADE
PY06010001,44 RUE DES IRIS,40300 PEYREHORADE
PY06010002,64 RUE DES IRIS,40300 PEYREHORADE
PY06010003,68 RUE DES IRIS,40300 PEYREHORADE
PY06010004,76 RUE DES IRIS,40300 PEYREHORADE
PY06010005,86 RUE DES IRIS,40300 PEYREHORADE
PY06010006,90 RUE DES IRIS,40300 PEYREHORADE
PY06010007,96 RUE DES IRIS,40300 PEYREHORADE
PY06010008,110 RUE DES IRIS,40300 PEYREHORADE
PY06010009,120 RUE DES IRIS,40300 PEYREHORADE
PY06010010,130 RUE DES IRIS,40300 PEYREHORADE
PY06010011,140 RUE DES IRIS,40300 PEYREHORADE
PY06010012,150 RUE DES IRIS,40300 PEYREHORADE
PY06010013,160 RUE DES IRIS,40300 PEYREHORADE
PY07010001,118 RUE DES ROSIERS,40300 PEYREHORADE
PY07010002,126 RUE DES ROSIERS,40300 PEYREHORADE
PY07010003,140 RUE DES ROSIERS,40300 PEYREHORADE
PY07010004,148 RUE DES ROSIERS,40300 PEYREHORADE
PY07010005,156 RUE DES ROSIERS,40300 PEYREHORADE
PY07010006,160 RUE DES ROSIERS,40300 PEYREHORADE
PY07010007,170 RUE DES ROSIERS,40300 PEYREHORADE
PY07010008,178 RUE DES ROSIERS,40300 PEYREHORADE
PY07010009,186 RUE DES ROSIERS,40300 PEYREHORADE
PY07010010,204 RUE DES ROSIERS,40300 PEYREHORADE
PY07010011,212 RUE DES ROSIERS,40300 PEYREHORADE
PY07010012,220 RUE DES ROSIERS,40300 PEYREHORADE
PY08010001,152 IMPASSE HALIHA,40300 PEYREHORADE
PY08010002,146 IMPASSE HALIHA,40300 PEYREHORADE
PY08010003,142 IMPASSE HALIHA,40300 PEYREHORADE
PY08010004,109 IMPASSE HALIHA,40300 PEYREHORADE
PY08010005,103 IMPASSE HALIHA,40300 PEYREHORADE
PY08010006,100 IMPASSE HALIHA,40300 PEYREHORADE
PY08010007,92 IMPASSE HALIHA,40300 PEYREHORADE
PY08010008,88 IMPASSE HALIHA,40300 PEYREHORADE
PY08010009,78 IMPASSE HALIHA,40300 PEYREHORADE
PY08010010,72 IMPASSE HALIHA,40300 PEYREHORADE
PY08010011,62 IMPASSE HALIHA,40300 PEYREHORADE
PY08010012,56 IMPASSE HALIHA,40300 PEYREHORADE
PY08010013,30 IMPASSE HALIHA,40300 PEYREHORADE
PY08010014,24 IMPASSE HALIHA,40300 PEYREHORADE
PY08010015,14 IMPASSE HALIHA,40300 PEYREHORADE
PY08010016,8 IMPASSE HALIHA,40300 PEYREHORADE
PY08010017,110 ALLEE DES MOULIOTS,40300 PEYREHORADE
PY08010018,100 ALLEE DES MOULIOTS,40300 PEYREHORADE
PY08010019,90 ALLEE DES MOULIOTS,40300 PEYREHORADE
PY08010020,80 ALLEE DES MOULIOTS,40300 PEYREHORADE
PY08010021,60 ALLEE DES MOULIOTS,40300 PEYREHORADE
PY08010022,50 ALLEE DES MOULIOTS,40300 PEYREHORADE
PY08010023,40 ALLEE DES MOULIOTS,40300 PEYREHORADE
PY08010024,30 ALLEE DES MOULIOTS,40300 PEYREHORADE
PY09010001,21 ALLEE DES MOULIOTS,40300 PEYREHORADE
PY09010002,ALLEE DES MOULIOTS,40300 PEYREHORADE
PY09010003,5 ALLEE DES MOULIOTS,40300 PEYREHORADE
PY09010004,544 ALLEE TACHOIRES,40300 PEYREHORADE
PY09010005,558 ALLEE TACHOIRES,40300 PEYREHORADE
PY09010006,157 RUE DES ERABLES,40300 PEYREHORADE
PY09010007,135 RUE DES ERABLES,40300 PEYREHORADE
PY09010008,117 RUE DES ERABLES,40300 PEYREHORADE
PY09010009,97 RUE DES ERABLES,40300 PEYREHORADE
PY09010010,100 RUE DES ERABLES,40300 PEYREHORADE
PY09010011,120 RUE DES ERABLES,40300 PEYREHORADE
PY09010012,142 RUE DES ERABLES,40300 PEYREHORADE
PY09010013,160 RUE DES ERABLES,40300 PEYREHORADE
PY10010001,20 IMPASSE DES KIWIS,40300 PEYREHORADE
PY10010002,30 IMPASSE DES KIWIS,40300 PEYREHORADE
PY10010003,40 IMPASSE DES KIWIS,40300 PEYREHORADE
PY10010004,60 IMPASSE DES KIWIS,40300 PEYREHORADE
PY10010005,70 IMPASSE DES KIWIS,40300 PEYREHORADE
PY10010006,80 IMPASSE DES KIWIS,40300 PEYREHORADE
PY10010007,100 IMPASSE DES KIWIS,40300 PEYREHORADE
PY10010008,110 IMPASSE DES KIWIS,40300 PEYREHORADE
PY10010009,120 IMPASSE DES KIWIS,40300 PEYREHORADE
PY10010010,140 IMPASSE DES KIWIS,40300 PEYREHORADE
PY10010011,150 IMPASSE DES KIWIS,40300 PEYREHORADE
PY10010012,170 IMPASSE DES KIWIS,40300 PEYREHORADE
PY10010013,180 IMPASSE DES KIWIS,40300 PEYREHORADE
PY10010014,190 IMPASSE DES KIWIS,40300 PEYREHORADE
PY10010015,200 IMPASSE DES KIWIS,40300 PEYREHORADE
PY11010001,220 PLACE DES RESIDENCES,40300 PEYREHORADE
PY11010002,220 PLACE DES RESIDENCES,40300 PEYREHORADE
PY11010003,220 PLACE DES RESIDENCES,40300 PEYREHORADE
PY11010004,220 PLACE DES RESIDENCES,40300 PEYREHORADE
PY11020005,200 PLACE DES RESIDENCES,40300 PEYREHORADE
PY11020006,200 PLACE DES RESIDENCES,40300 PEYREHORADE
PY11020007,200 PLACE DES RESIDENCES,40300 PEYREHORADE
PY11020008,200 PLACE DES RESIDENCES,40300 PEYREHORADE
PY11030009,180 PLACE DES RESIDENCES,40300 PEYREHORADE
PY11030010,180 PLACE DES RESIDENCES,40300 PEYREHORADE
PY11030011,180 PLACE DES RESIDENCES,40300 PEYREHORADE
PY11030012,180 PLACE DES RESIDENCES,40300 PEYREHORADE
PY11130013,160 PLACE DES RESIDENCES,40300 PEYREHORADE
PY11130014,150 PLACE DES RESIDENCES,40300 PEYREHORADE
PY12010001,46 ALLEE DE GUICHALET,40300 PEYREHORADE
PY12010002,46 ALLEE DE GUICHALET,40300 PEYREHORADE
PY12010003,46 ALLEE DE GUICHALET,40300 PEYREHORADE
PY12010004,46 ALLEE DE GUICHALET,40300 PEYREHORADE
PY12010005,46 ALLEE DE GUICHALET,40300 PEYREHORADE
PY12010006,46 ALLEE DE GUICHALET,40300 PEYREHORADE
PY12010007,46 ALLEE DE GUICHALET,40300 PEYREHORADE
PY12010008,46 ALLEE DE GUICHALET,40300 PEYREHORADE
PY12010009,46 ALLEE DE GUICHALET,40300 PEYREHORADE
PY12010010,46 ALLEE DE GUICHALET,40300 PEYREHORADE
PY12010011,46 ALLEE DE GUICHALET,40300 PEYREHORADE
PY12020012,60 ALLEE DE GUICHALET,40300 PEYREHORADE
PY12020013,60 ALLEE DE GUICHALET,40300 PEYREHORADE
PY12020014,60 ALLEE DE GUICHALET,40300 PEYREHORADE
PY12020015,60 ALLEE DE GUICHALET,40300 PEYREHORADE
PY12020016,60 ALLEE DE GUICHALET,40300 PEYREHORADE
PY12020017,60 ALLEE DE GUICHALET,40300 PEYREHORADE
PY12020018,60 ALLEE DE GUICHALET,40300 PEYREHORADE
PY12020019,60 ALLEE DE GUICHALET,40300 PEYREHORADE
PY12020020,60 ALLEE DE GUICHALET,40300 PEYREHORADE
PY12020021,60 ALLEE DE GUICHALET,40300 PEYREHORADE
PY12020022,60 ALLEE DE GUICHALET,40300 PEYREHORADE
PY12030023,80 ALLEE DE GUICHALET,40300 PEYREHORADE
PY12030024,80 ALLEE DE GUICHALET,40300 PEYREHORADE
PY12030025,80 ALLEE DE GUICHALET,40300 PEYREHORADE
PY12030026,80 ALLEE DE GUICHALET,40300 PEYREHORADE
PY12030027,80 ALLEE DE GUICHALET,40300 PEYREHORADE
PY12030028,80 ALLEE DE GUICHALET,40300 PEYREHORADE
PY12030029,80 ALLEE DE GUICHALET,40300 PEYREHORADE
PY12030030,80 ALLEE DE GUICHALET,40300 PEYREHORADE
PY12030031,80 ALLEE DE GUICHALET,40300 PEYREHORADE
PY12030032,80 ALLEE DE GUICHALET,40300 PEYREHORADE
PY12030033,80 ALLEE DE GUICHALET,40300 PEYREHORADE
PY13010001,260 PLACE DES RESIDENCES,40300 PEYREHORADE
PY13010002,260 PLACE DES RESIDENCES,40300 PEYREHORADE
PY13010003,260 PLACE DES RESIDENCES,40300 PEYREHORADE
PY13010004,260 PLACE DES RESIDENCES,40300 PEYREHORADE
PY13020001,320 PLACE DES RESIDENCES,40300 PEYREHORADE
PY13020002,320 PLACE DES RESIDENCES,40300 PEYREHORADE
PY13020003,320 PLACE DES RESIDENCES,40300 PEYREHORADE
PY13020004,320 PLACE DES RESIDENCES,40300 PEYREHORADE
PY13030001,300 PLACE DES RESIDENCES,40300 PEYREHORADE
PY13030002,300 PLACE DES RESIDENCES,40300 PEYREHORADE
PY13030003,300 PLACE DES RESIDENCES,40300 PEYREHORADE
PY13030004,300 PLACE DES RESIDENCES,40300 PEYREHORADE
PY13040001,290 PLACE DES RESIDENCES,40300 PEYREHORADE
PY13040002,290 PLACE DES RESIDENCES,40300 PEYREHORADE
PY13040003,290 PLACE DES RESIDENCES,40300 PEYREHORADE
PY13040004,290 PLACE DES RESIDENCES,40300 PEYREHORADE
PY14010001,116 RUE DES SAUGES,40300 PEYREHORADE
PZ01010001,16 RUE LASSERRE,40360 POMAREZ
PZ01010002,14 RUE LASSERRE,40360 POMAREZ
PZ01010003,38 RUE LASSERRE,40360 POMAREZ
PZ01010004,36 RUE LASSERRE,40360 POMAREZ
PZ01010005,56 RUE LASSERRE,40360 POMAREZ
PZ01010006,54 RUE LASSERRE,40360 POMAREZ
PZ01010007,78 RUE LASSERRE,40360 POMAREZ
PZ01010008,76 RUE LASSERRE,40360 POMAREZ
PZ01010009,98 RUE LASSERRE,40360 POMAREZ
PZ01010010,96 RUE LASSERRE,40360 POMAREZ
RG01010001,136 RUE DES MESANGES,40180 RIVIERE-SAAS-ET-GOURBY
RG01010002,160 RUE DES MESANGES,40180 RIVIERE-SAAS-ET-GOURBY
RG01010003,210 RUE DES MESANGES,40180 RIVIERE-SAAS-ET-GOURBY
RG01010004,232 RUE DES MESANGES,40180 RIVIERE-SAAS-ET-GOURBY
RG01010005,246 RUE DES MESANGES,40180 RIVIERE-SAAS-ET-GOURBY
RG01010006,221 ROUTE DE HOUSSAT,40180 RIVIERE-SAAS-ET-GOURBY
RG01010007,201 ROUTE DE HOUSSAT,40180 RIVIERE-SAAS-ET-GOURBY
RG01010008,187 ROUTE DE HOUSSAT,40180 RIVIERE-SAAS-ET-GOURBY
RG01010009,36 RUE DES MESANGES,40180 RIVIERE-SAAS-ET-GOURBY
RG01010010,52 RUE DES MESANGES,40180 RIVIERE-SAAS-ET-GOURBY
RG01010011,74 RUE DES MESANGES,40180 RIVIERE-SAAS-ET-GOURBY
RI02010001,1 HLM QUARTIER LE POUY,40370 RION-DES-LANDES
RI02010002,2 HLM QUARTIER LE POUY,40370 RION-DES-LANDES
RI02010003,3 HLM QUARTIER LE POUY,40370 RION-DES-LANDES
RI02010004,4 HLM QUARTIER LE POUY,40370 RION-DES-LANDES
RI02010005,5 HLM QUARTIER LE POUY,40370 RION-DES-LANDES
RI02010006,6 HLM QUARTIER LE POUY,40370 RION-DES-LANDES
RI02010007,7 HLM QUARTIER LE POUY,40370 RION-DES-LANDES
RI02010008,8 HLM QUARTIER LE POUY,40370 RION-DES-LANDES
RI02010009,9 HLM QUARTIER LE POUY,40370 RION-DES-LANDES
RI02010010,10 HLM QUARTIER LE POUY,40370 RION-DES-LANDES
RI02010011,11 HLM QUARTIER LE POUY,40370 RION-DES-LANDES
RI02010012,12 HLM QUARTIER LE POUY,40370 RION-DES-LANDES
RI02010013,13 HLM QUARTIER LE POUY,40370 RION-DES-LANDES
RI02010014,14 HLM QUARTIER LE POUY,40370 RION-DES-LANDES
RI02010015,15 HLM QUARTIER LE POUY,40370 RION-DES-LANDES
RI02010016,16 HLM QUARTIER LE POUY,40370 RION-DES-LANDES
RI02010017,17 HLM QUARTIER LE POUY,40370 RION-DES-LANDES
RI02010018,18 HLM QUARTIER LE POUY,40370 RION-DES-LANDES
RI02010019,19 HLM QUARTIER LE POUY,40370 RION-DES-LANDES
RI02010020,20 HLM QUARTIER LE POUY,40370 RION-DES-LANDES
RI02010021,21 HLM QUARTIER LE POUY,40370 RION-DES-LANDES
RI02010022,22 HLM QUARTIER LE POUY,40370 RION-DES-LANDES
RI02010023,23 HLM QUARTIER LE POUY,40370 RION-DES-LANDES
RI02010024,24 HLM QUARTIER LE POUY,40370 RION-DES-LANDES
RI02010025,25 HLM QUARTIER LE POUY,40370 RION-DES-LANDES
RI02010028,28 HLM QUARTIER LE POUY,40370 RION-DES-LANDES
RI02010029,29 HLM QUARTIER LE POUY,40370 RION-DES-LANDES
RI02010030,30 HLM QUARTIER LE POUY,40370 RION-DES-LANDES
RI03010001,65 RUE DE PELLETET,40370 RION-DES-LANDES
RI03010002,61 RUE DE PELLETET,40370 RION-DES-LANDES
RI03010003,20 RUE DES CHARPENTIERS,40370 RION-DES-LANDES
RI03010004,36 RUE DES CHARPENTIERS,40370 RION-DES-LANDES
RI03010005,60 RUE DES CHARPENTIERS,40370 RION-DES-LANDES
RI03010006,72 RUE DES CHARPENTIERS,40370 RION-DES-LANDES
RI03010008,126 RUE DES CHARPENTIERS,40370 RION-DES-LANDES
RI03010009,115 RUE DES CHARPENTIERS,40370 RION-DES-LANDES
RI03010010,107 RUE DES CHARPENTIERS,40370 RION-DES-LANDES
RI03010011,91 RUE DES CHARPENTIERS,40370 RION-DES-LANDES
RI03010012,79 RUE DES CHARPENTIERS,40370 RION-DES-LANDES
RI03010013,65 RUE DES CHARPENTIERS,40370 RION-DES-LANDES
RI03010014,53 RUE DES CHARPENTIERS,40370 RION-DES-LANDES
RI04010001,7 RUE OTTO ET HANS SIEBKE,40370 RION-DES-LANDES
RI04010002,31 RUE OTTO ET HANS SIEBKE,40370 RION-DES-LANDES
RI04010003,49 RUE OTTO ET HANS SIEBKE,40370 RION-DES-LANDES
RI04010004,65 RUE OTTO ET HANS SIEBKE,40370 RION-DES-LANDES
RI04010005,81 RUE OTTO ET HANS SIEBKE,40370 RION-DES-LANDES
RI04010006,123 RUE OTTO ET HANS SIEBKE,40370 RION-DES-LANDES
RI04010007,157 RUE OTTO ET HANS SIEBKE,40370 RION-DES-LANDES
RI04010008,28 RUE DES PYRENEES,40370 RION-DES-LANDES
RI04010009,10 RUE DES PYRENEES,40370 RION-DES-LANDES
RI04010010,756 AVENUE D ALBRET,40370 RION-DES-LANDES
RI04010011,92 RUE OTTO ET HANS SIEBKE,40370 RION-DES-LANDES
RI04010012,100 RUE OTTO ET HANS SIEBKE,40370 RION-DES-LANDES
RI04010013,132 RUE OTTO ET HANS SIEBKE,40370 RION-DES-LANDES
RI04010014,156 RUE OTTO ET HANS SIEBKE,40370 RION-DES-LANDES
RI04010015,28 RUE OTTO ET HANS SIEBKE,40370 RION-DES-LANDES
RI05010002,21 RUE DU COMMERCE,40370 RION-DES-LANDES
RI05010003,21 RUE DU COMMERCE,40370 RION-DES-LANDES
RI05010004,21 RUE DU COMMERCE,40370 RION-DES-LANDES
RI06010001,21 RUE DU COMMERCE,40370 RION-DES-LANDES
RI07010001,1 PLACE DE LA LIBERTE,40370 RION-DES-LANDES
RI07010002,2 PLACE DE LA LIBERTE,40370 RION-DES-LANDES
RI07010003,3 PLACE DE LA LIBERTE,40370 RION-DES-LANDES
RI07010004,4 PLACE DE LA LIBERTE,40370 RION-DES-LANDES
RI07010005,5 PLACE DE LA LIBERTE,40370 RION-DES-LANDES
RI07010006,6 ALLEE DES ARENES,40370 RION-DES-LANDES
RI07010007,7 ALLEE DES ARENES,40370 RION-DES-LANDES
RI07010008,8 ALLEE DES ARENES,40370 RION-DES-LANDES
RI07010009,9 ALLEE DES ARENES,40370 RION-DES-LANDES
RI07010010,10 ALLEE DES ARENES,40370 RION-DES-LANDES
RI07010011,11 ALLEE DES ARENES,40370 RION-DES-LANDES
RI07010012,12 ALLEE DES ARENES,40370 RION-DES-LANDES
RI07010013,1 ALLEE DES ARENES,40370 RION-DES-LANDES
RI07010014,2 ALLEE DES ARENES,40370 RION-DES-LANDES
RI07010015,3 ALLEE DES ARENES,40370 RION-DES-LANDES
RI07010016,4 ALLEE DES ARENES,40370 RION-DES-LANDES
RI08010001,25 HAMEAU D'ALBRET,40370 RION-DES-LANDES
RI08010002,11 HAMEAU D'ALBRET,40370 RION-DES-LANDES
RI08010003,22 HAMEAU D'ALBRET,40370 RION-DES-LANDES
RI08010004,34 HAMEAU D'ALBRET,40370 RION-DES-LANDES
RI08010005,38 HAMEAU D'ALBRET,40370 RION-DES-LANDES
RI08010006,44 HAMEAU D'ALBRET,40370 RION-DES-LANDES
RI08010007,48 HAMEAU D'ALBRET,40370 RION-DES-LANDES
RI09010001,18 RUE DES SOUCHETS,40370 RION-DES-LANDES
RI09010002,30 RUE DES SOUCHETS,40370 RION-DES-LANDES
RI09010003,36 RUE DES SOUCHETS,40370 RION-DES-LANDES
RI09010004,48 RUE DES SOUCHETS,40370 RION-DES-LANDES
RI09010005,54 RUE DES SOUCHETS,40370 RION-DES-LANDES
RI09010006,66 RUE DES SOUCHETS,40370 RION-DES-LANDES
RI09010007,102 RUE DES SOUCHETS,40370 RION-DES-LANDES
RI09010008,114 RUE DES SOUCHETS,40370 RION-DES-LANDES
RI09010009,120 RUE DES SOUCHETS,40370 RION-DES-LANDES
RI09010010,130 RUE DES SOUCHETS,40370 RION-DES-LANDES
RI09010011,144 RUE DES SOUCHETS,40370 RION-DES-LANDES
RI09010012,144 RUE DES SOUCHETS,40370 RION-DES-LANDES
RI09010013,144 RUE DES SOUCHETS,40370 RION-DES-LANDES
RI09010014,144 RUE DES SOUCHETS,40370 RION-DES-LANDES
RI09010015,144 RUE DES SOUCHETS,40370 RION-DES-LANDES
RI09010016,144 RUE DES SOUCHETS,40370 RION-DES-LANDES
RI09010017,144 RUE DES SOUCHETS,40370 RION-DES-LANDES
RI09010018,144 RUE DES SOUCHETS,40370 RION-DES-LANDES
RI09010019,144 RUE DES SOUCHETS,40370 RION-DES-LANDES
RI09010020,144 RUE DES SOUCHETS,40370 RION-DES-LANDES
RO01010001,21 RUE DU TONNELIER,40120 ROQUEFORT
RO01010002,31 RUE DU TONNELIER,40120 ROQUEFORT
RO01010003,43 RUE DU TONNELIER,40120 ROQUEFORT
RO01010004,55 RUE DU TONNELIER,40120 ROQUEFORT
RO01010005,77 RUE DU TONNELIER,40120 ROQUEFORT
RO01010006,91 RUE DU TONNELIER,40120 ROQUEFORT
RO01010007,117 RUE DU TONNELIER,40120 ROQUEFORT
RO01010008,127 RUE DU TONNELIER,40120 ROQUEFORT
RO01010009,128 RUE DU TONNELIER,40120 ROQUEFORT
RO01010010,118 RUE DU TONNELIER,40120 ROQUEFORT
RO01010011,104 RUE DU TONNELIER,40120 ROQUEFORT
RO01010012,90 RUE DU TONNELIER,40120 ROQUEFORT
RO01010013,66 RUE DU TONNELIER,40120 ROQUEFORT
RO01010014,50 RUE DU TONNELIER,40120 ROQUEFORT
RO01010015,32 RUE DU TONNELIER,40120 ROQUEFORT
RO01010016,20 RUE DU TONNELIER,40120 ROQUEFORT
RO02010001,11 PLACE CAGOTS,40120 ROQUEFORT
RO02010002,11 PLACE CAGOTS,40120 ROQUEFORT
RO02010003,11 PLACE CAGOTS,40120 ROQUEFORT
RO02010004,11 PLACE CAGOTS,40120 ROQUEFORT
RO02010005,11 PLACE CAGOTS,40120 ROQUEFORT
RO02010006,11 PLACE CAGOTS,40120 ROQUEFORT
RO02010007,11 PLACE CAGOTS,40120 ROQUEFORT
RO02010008,11 PLACE CAGOTS,40120 ROQUEFORT
RO02010009,11 PLACE CAGOTS,40120 ROQUEFORT
RO02010010,11 PLACE CAGOTS,40120 ROQUEFORT
RO03010002,IMPASSE DE LA HETRAIE,40120 ROQUEFORT
RO03010005,IMPASSE DE LA HETRAIE,40120 ROQUEFORT
RO03010006,IMPASSE DE LA HETRAIE,40120 ROQUEFORT
RO03010007,IMPASSE DE LA HETRAIE,40120 ROQUEFORT
RO03010008,IMPASSE DE LA HETRAIE,40120 ROQUEFORT
SA01010001,1 IMPASSE DE LA SOURCE,40230 SAUBION
SA01010002,15 RUE DE LA FONTAINE,40230 SAUBION
SA01010003,9 RUE DE LA FONTAINE,40230 SAUBION
SA01010004,14 RUE DES PALOMBES,40230 SAUBION
SA02010001,2 RUE DES ECUREUILS,40230 SAUBION
SA02010002,2 RUE DES ECUREUILS,40230 SAUBION
SA02010003,2 RUE DES ECUREUILS,40230 SAUBION
SA02010004,2 RUE DES ECUREUILS,40230 SAUBION
SA02010005,2 RUE DES ECUREUILS,40230 SAUBION
SA02010006,2 RUE DES ECUREUILS,40230 SAUBION
SA02010007,2 RUE DES ECUREUILS,40230 SAUBION
SA02010008,2 RUE DES ECUREUILS,40230 SAUBION
SA02010009,2 RUE DES ECUREUILS,40230 SAUBION
SB01010001,197 RUE DU PETIT BOURG,40630 SABRES
SB01010002,189 RUE DU PETIT BOURG,40630 SABRES
SB01010003,33 IMPASSE DES ALOUETTES,40630 SABRES
SB01010004,19 IMPASSE DES ALOUETTES,40630 SABRES
SB01010005,123 RUE DU PETIT BOURG,40630 SABRES
SB01010006,115 RUE DU PETIT BOURG,40630 SABRES
SB01010007,13 IMPASSE CATIOTE,40630 SABRES
SB01010008,11 IMPASSE CATIOTE,40630 SABRES
SB01010009,114 RUE DU PETIT BOURG,40630 SABRES
SB01010010,122 RUE DU PETIT BOURG,40630 SABRES
SB01010011,138 RUE DU PETIT BOURG,40630 SABRES
SB01010012,146 RUE DU PETIT BOURG,40630 SABRES
SB01010013,160 RUE DU PETIT BOURG,40630 SABRES
SB01010014,174 RUE DU PETIT BOURG,40630 SABRES
SB01010015,188 RUE DU PETIT BOURG,40630 SABRES
SB02010001,1 IMPASSE PATOFLE,40630 SABRES
SB02010002,2 IMPASSE PATOFLE,40630 SABRES
SB02010003,3 IMPASSE PATOFLE,40630 SABRES
SB02010004,4 IMPASSE PATOFLE,40630 SABRES
SB02010005,5 IMPASSE PATOFLE,40630 SABRES
SB02010006,6 IMPASSE PATOFLE,40630 SABRES
SB02010007,7 IMPASSE PATOFLE,40630 SABRES
SB02010009,54 IMPASSE DES LAURIERS,40630 SABRES
SB02010010,85 IMPASSE DES LAURIERS,40630 SABRES
SB02010011,61 IMPASSE DES LAURIERS,40630 SABRES
SB03010001,1 RUE DU PEYRICAT,40630 SABRES
SB03010002,2 RUE DU PEYRICAT,40630 SABRES
SB03010003,3 RUE DU PEYRICAT,40630 SABRES
SB03010004,4 RUE DU PEYRICAT,40630 SABRES
SB03010005,5 RUE DU PEYRICAT,40630 SABRES
SB03010006,6 RUE DU PEYRICAT,40630 SABRES
SB03010007,7 RUE DU PEYRICAT,40630 SABRES
SB03010008,8 RUE DU PEYRICAT,40630 SABRES
SB03010009,9 RUE DU PEYRICAT,40630 SABRES
SB03010010,10 RUE DU PEYRICAT,40630 SABRES
SB03010011,11 RUE DU PEYRICAT,40630 SABRES
SB03010012,12 RUE DU PEYRICAT,40630 SABRES
SB03010013,13 RUE DU PEYRICAT,40630 SABRES
SB03010014,14 RUE DU PEYRICAT,40630 SABRES
SB03010015,15 RUE DU PEYRICAT,40630 SABRES
SB04010001,107 RUE DU PRESBYTERE,40630 SABRES
SB04010002,110 RUE DU PRESBYTERE,40630 SABRES
SB04010003,114 RUE DU PRESBYTERE,40630 SABRES
SB04010004,118 RUE DU PRESBYTERE,40630 SABRES
SB05010001,66 RUE DU CHATEAU D'EAU,40630 SABRES
SB05010002,67 RUE DU CHATEAU D'EAU,40630 SABRES
SB05010003,74 RUE DU CHATEAU D'EAU,40630 SABRES
SB05010004,78 RUE DU CHATEAU D'EAU,40630 SABRES
SB06010001,80 IMPASSE DE LA PRAIRIE,40630 SABRES
SB06010002,94 IMPASSE DE LA PRAIRIE,40630 SABRES
SB06010003,110 IMPASSE DE LA PRAIRIE,40630 SABRES
SB06010004,120 IMPASSE DE LA PRAIRIE,40630 SABRES
SB06010005,77 IMPASSE DE L ISLES,40630 SABRES
SB06010006,85 IMPASSE DE L ISLES,40630 SABRES
SB06010007,107 IMPASSE DE L ISLES,40630 SABRES
SB06010008,113 IMPASSE DE L ISLES,40630 SABRES
SB07010001,495 RUE VICTOR HUGO,40630 SABRES
SB07010002,495 RUE VICTOR HUGO,40630 SABRES
SB07010003,495 RUE VICTOR HUGO,40630 SABRES
SB07010004,495 RUE VICTOR HUGO,40630 SABRES
SB07010005,495 RUE VICTOR HUGO,40630 SABRES
SB07020006,495 RUE VICTOR HUGO,40630 SABRES
SB07020007,495 RUE VICTOR HUGO,40630 SABRES
SB07020008,495 RUE VICTOR HUGO,40630 SABRES
SB07020009,495 RUE VICTOR HUGO,40630 SABRES
SC01010001,15 ROUTE DE TILON,40410 SAUGNACQ-ET-MURET
SC01010002,17 ROUTE DE TILON,40410 SAUGNACQ-ET-MURET
SC01010003,21 ROUTE DE TILON,40410 SAUGNACQ-ET-MURET
SC01010004,23 ROUTE DE TILON,40410 SAUGNACQ-ET-MURET
SC01010005,25 ROUTE DE TILON,40410 SAUGNACQ-ET-MURET
SC01010006,27 ROUTE DE TILON,40410 SAUGNACQ-ET-MURET
SC01010007,29 ROUTE DE TILON,40410 SAUGNACQ-ET-MURET
SC01010008,31 ROUTE DE TILON,40410 SAUGNACQ-ET-MURET
SC02010001,1 ALLEE DU CHAMP FERME,40410 SAUGNACQ-ET-MURET
SC02010002,2 ALLEE DU CHAMP FERME,40410 SAUGNACQ-ET-MURET
SC02010003,18 ALLEE DU CHAMP FERME,40410 SAUGNACQ-ET-MURET
SC02010004,17 ALLEE DU CHAMP FERME,40410 SAUGNACQ-ET-MURET
SC02010005,15 ALLEE DU CHAMP FERME,40410 SAUGNACQ-ET-MURET
SC02010006,16 ALLEE DU CHAMP FERME,40410 SAUGNACQ-ET-MURET
SC03010001,3 ALLEE DU CHAMP FERME,40410 SAUGNACQ-ET-MURET
SC03010002,4 ALLEE DU CHAMP FERME,40410 SAUGNACQ-ET-MURET
SC03010003,5 ALLEE DU CHAMP FERME,40410 SAUGNACQ-ET-MURET
SC03010004,6 ALLEE DU CHAMP FERME,40410 SAUGNACQ-ET-MURET
SC03010005,7 ALLEE DU CHAMP FERME,40410 SAUGNACQ-ET-MURET
SC03010006,8 ALLEE DU CHAMP FERME,40410 SAUGNACQ-ET-MURET
SC03010007,9 ALLEE DU CHAMP FERME,40410 SAUGNACQ-ET-MURET
SC03010008,19 ALLEE DU CHAMP FERME,40410 SAUGNACQ-ET-MURET
SC04010001,10 ALLEE DU CHAMP FERME,40410 SAUGNACQ-ET-MURET
SC05010001,2 RUE DE LA POSTE,40410 SAUGNACQ-ET-MURET
SC05010002,4 RUE DE LA POSTE,40410 SAUGNACQ-ET-MURET
SC05010003,6 RUE DE LA POSTE,40410 SAUGNACQ-ET-MURET
SC05010004,8 RUE DE LA POSTE,40410 SAUGNACQ-ET-MURET
SC05010005,10 RUE DE LA POSTE,40410 SAUGNACQ-ET-MURET
SC05010006,12 RUE DE LA POSTE,40410 SAUGNACQ-ET-MURET
SC05010007,14 RUE DE LA POSTE,40410 SAUGNACQ-ET-MURET
SC05010008,16 RUE DE LA POSTE,40410 SAUGNACQ-ET-MURET
SD02010001,33 RUE CAMILLE PRIOLEAU,40320 SAMADET
SD02010002,25 RUE CAMILLE PRIOLEAU,40320 SAMADET
SD02010003,111 RUE DE BUSCHWILLER,40320 SAMADET
SD02010004,24 RUE CAMILLE PRIOLEAU,40320 SAMADET
SD02010005,32 RUE CAMILLE PRIOLEAU,40320 SAMADET
SD02010006,78 RUE CAMILLE PRIOLEAU,40320 SAMADET
SD03010001,3 RUE DE L'EGLISE,40320 SAMADET
SD03010002,3 RUE DE L'EGLISE,40320 SAMADET
SD03010003,3 RUE DE L'EGLISE,40320 SAMADET
SD03010004,3 RUE DE L'EGLISE,40320 SAMADET
SD03010005,3 RUE DE L'EGLISE,40320 SAMADET
SD03010006,3 RUE DE L'EGLISE,40320 SAMADET
SE02010001,RUE MICHEL MONTAIGNE,40500 SAINT-SEVER
SE02010002,RUE MICHEL MONTAIGNE,40500 SAINT-SEVER
SE02010003,RUE MICHEL MONTAIGNE,40500 SAINT-SEVER
SE02010004,RUE MICHEL MONTAIGNE,40500 SAINT-SEVER
SE02010005,RUE MICHEL MONTAIGNE,40500 SAINT-SEVER
SE02010006,RUE MICHEL MONTAIGNE,40500 SAINT-SEVER
SE02010007,RUE MICHEL MONTAIGNE,40500 SAINT-SEVER
SE02010008,RUE MICHEL MONTAIGNE,40500 SAINT-SEVER
SE02020001,RUE MICHEL MONTAIGNE,40500 SAINT-SEVER
SE02020002,RUE MICHEL MONTAIGNE,40500 SAINT-SEVER
SE02020003,RUE MICHEL MONTAIGNE,40500 SAINT-SEVER
SE02020004,RUE MICHEL MONTAIGNE,40500 SAINT-SEVER
SE02020005,RUE MICHEL MONTAIGNE,40500 SAINT-SEVER
SE02020006,RUE MICHEL MONTAIGNE,40500 SAINT-SEVER
SE02020007,RUE MICHEL MONTAIGNE,40500 SAINT-SEVER
SE02020008,RUE MICHEL MONTAIGNE,40500 SAINT-SEVER
SE02030001,RUE MICHEL MONTAIGNE,40500 SAINT-SEVER
SE02030002,RUE MICHEL MONTAIGNE,40500 SAINT-SEVER
SE02030003,RUE MICHEL MONTAIGNE,40500 SAINT-SEVER
SE02030004,RUE MICHEL MONTAIGNE,40500 SAINT-SEVER
SE02030005,RUE MICHEL MONTAIGNE,40500 SAINT-SEVER
SE02030006,RUE MICHEL MONTAIGNE,40500 SAINT-SEVER
SE02030007,RUE MICHEL MONTAIGNE,40500 SAINT-SEVER
SE02030008,RUE MICHEL MONTAIGNE,40500 SAINT-SEVER
SE03010001,1 LOTISSEMENT LOUIS ARAGON,40500 SAINT-SEVER
SE03010002,2 LOTISSEMENT LOUIS ARAGON,40500 SAINT-SEVER
SE03010003,3 LOTISSEMENT LOUIS ARAGON,40500 SAINT-SEVER
SE03010004,4 LOTISSEMENT LOUIS ARAGON,40500 SAINT-SEVER
SE03010005,5 LOTISSEMENT LOUIS ARAGON,40500 SAINT-SEVER
SE03010006,6 LOTISSEMENT LOUIS ARAGON,40500 SAINT-SEVER
SE03010007,7 LOTISSEMENT LOUIS ARAGON,40500 SAINT-SEVER
SE03010008,8 LOTISSEMENT LOUIS ARAGON,40500 SAINT-SEVER
SE03010009,9 LOTISSEMENT LOUIS ARAGON,40500 SAINT-SEVER
SE03010010,10 LOTISSEMENT LOUIS ARAGON,40500 SAINT-SEVER
SE03010011,11 LOTISSEMENT LOUIS ARAGON,40500 SAINT-SEVER
SE03010012,12 LOTISSEMENT LOUIS ARAGON,40500 SAINT-SEVER
SE03010013,13 LOTISSEMENT LOUIS ARAGON,40500 SAINT-SEVER
SE03010014,14 LOTISSEMENT LOUIS ARAGON,40500 SAINT-SEVER
SE03010015,15 LOTISSEMENT LOUIS ARAGON,40500 SAINT-SEVER
SE03010016,16 LOTISSEMENT LOUIS ARAGON,40500 SAINT-SEVER
SE03010017,17 LOTISSEMENT LOUIS ARAGON,40500 SAINT-SEVER
SE03010018,18 LOTISSEMENT LOUIS ARAGON,40500 SAINT-SEVER
SE03010019,19 LOTISSEMENT LOUIS ARAGON,40500 SAINT-SEVER
SE03010020,20 LOTISSEMENT LOUIS ARAGON,40500 SAINT-SEVER
SE03010021,21 LOTISSEMENT LOUIS ARAGON,40500 SAINT-SEVER
SE03010022,22 LOTISSEMENT LOUIS ARAGON,40500 SAINT-SEVER
SE03010023,23 LOTISSEMENT LOUIS ARAGON,40500 SAINT-SEVER
SE03010024,24 LOTISSEMENT LOUIS ARAGON,40500 SAINT-SEVER
SE03010025,25 LOTISSEMENT LOUIS ARAGON,40500 SAINT-SEVER
SE03010026,26 LOTISSEMENT LOUIS ARAGON,40500 SAINT-SEVER
SE03010027,27 LOTISSEMENT LOUIS ARAGON,40500 SAINT-SEVER
SE03010028,28 LOTISSEMENT LOUIS ARAGON,40500 SAINT-SEVER
SE03010029,29 LOTISSEMENT LOUIS ARAGON,40500 SAINT-SEVER
SE03010030,30 LOTISSEMENT LOUIS ARAGON,40500 SAINT-SEVER
SE04010001,IMPASSE MARGUERITE CRAUSTE,40500 SAINT-SEVER
SE04010002,IMPASSE MARGUERITE CRAUSTE,40500 SAINT-SEVER
SE04010003,IMPASSE MARGUERITE CRAUSTE,40500 SAINT-SEVER
SE04010004,IMPASSE MARGUERITE CRAUSTE,40500 SAINT-SEVER
SE04010005,IMPASSE MARGUERITE CRAUSTE,40500 SAINT-SEVER
SE05010001,31 LOTISSEMENT GEORGES BRASSENS,40500 SAINT-SEVER
SE05010002,32 LOTISSEMENT GEORGES BRASSENS,40500 SAINT-SEVER
SE05010003,33 LOTISSEMENT GEORGES BRASSENS,40500 SAINT-SEVER
SE05010004,34 LOTISSEMENT GEORGES BRASSENS,40500 SAINT-SEVER
SE05010005,35 LOTISSEMENT GEORGES BRASSENS,40500 SAINT-SEVER
SE05010006,36 LOTISSEMENT GEORGES BRASSENS,40500 SAINT-SEVER
SE05010008,38 LOTISSEMENT GEORGES BRASSENS,40500 SAINT-SEVER
SE05010009,39 LOTISSEMENT GEORGES BRASSENS,40500 SAINT-SEVER
SE06010001,RUE JEAN JAURES,40500 SAINT-SEVER
SE06010002,RUE JEAN JAURES,40500 SAINT-SEVER
SE06010003,RUE JEAN JAURES,40500 SAINT-SEVER
SE06010004,RUE JEAN JAURES,40500 SAINT-SEVER
SE06010005,RUE JEAN JAURES,40500 SAINT-SEVER
SE06010006,RUE JEAN JAURES,40500 SAINT-SEVER
SE06010007,RUE JEAN JAURES,40500 SAINT-SEVER
SE06010008,RUE JEAN JAURES,40500 SAINT-SEVER
SE06010009,RUE JEAN JAURES,40500 SAINT-SEVER
SE06010010,RUE JEAN JAURES,40500 SAINT-SEVER
SE06010011,RUE JEAN JAURES,40500 SAINT-SEVER
SE06010012,RUE JEAN JAURES,40500 SAINT-SEVER
SE07010013,RUE JEAN JAURES,40500 SAINT-SEVER
SE07010014,RUE JEAN JAURES,40500 SAINT-SEVER
SE07010015,RUE JEAN JAURES,40500 SAINT-SEVER
SE07010016,RUE JEAN JAURES,40500 SAINT-SEVER
SE07010017,RUE JEAN JAURES,40500 SAINT-SEVER
SE07010018,RUE JEAN JAURES,40500 SAINT-SEVER
SE07010019,RUE JEAN JAURES,40500 SAINT-SEVER
SE07010020,RUE JEAN JAURES,40500 SAINT-SEVER
SE07010021,RUE JEAN JAURES,40500 SAINT-SEVER
SE07010022,RUE JEAN JAURES,40500 SAINT-SEVER
SE07010023,RUE JEAN JAURES,40500 SAINT-SEVER
SE08010001,LOT J  PREVERT BD L'ESPERANCE,40500 SAINT-SEVER
SE08010002,LOT J  PREVERT BD L'ESPERANCE,40500 SAINT-SEVER
SE08010003,LOT J  PREVERT BD L'ESPERANCE,40500 SAINT-SEVER
SE08010004,LOT J  PREVERT BD L'ESPERANCE,40500 SAINT-SEVER
SE08010005,LOT J  PREVERT BD L'ESPERANCE,40500 SAINT-SEVER
SE08010006,LOT J  PREVERT BD L'ESPERANCE,40500 SAINT-SEVER
SE08010007,LOT J  PREVERT BD L'ESPERANCE,40500 SAINT-SEVER
SE09010001,1 CARRE DES PLATANES,40500 SAINT-SEVER
SE09010002,2 CARRE DES PLATANES,40500 SAINT-SEVER
SE09010003,3 CARRE DES PLATANES,40500 SAINT-SEVER
SE09010004,4 CARRE DES PLATANES,40500 SAINT-SEVER
SE09010005,5 CARRE DES PLATANES,40500 SAINT-SEVER
SE09010006,6 CARRE DES PLATANES,40500 SAINT-SEVER
SE09010007,7 CARRE DES PLATANES,40500 SAINT-SEVER
SE09010008,8 CARRE DES PLATANES,40500 SAINT-SEVER
SE09010009,9 CARRE DES PLATANES,40500 SAINT-SEVER
SE09010010,10 CARRE DES PLATANES,40500 SAINT-SEVER
SE09010011,11 CARRE DES PLATANES,40500 SAINT-SEVER
SE10010001,1 CITE LE CAP,40500 SAINT-SEVER
SE10010002,2 CITE LE CAP,40500 SAINT-SEVER
SE10010003,3 CITE LE CAP,40500 SAINT-SEVER
SE10010004,4 CITE LE CAP,40500 SAINT-SEVER
SE10010005,5 CITE LE CAP,40500 SAINT-SEVER
SE10010006,6 CITE LE CAP,40500 SAINT-SEVER
SE10010007,7 CITE LE CAP,40500 SAINT-SEVER
SE10010008,8 CITE LE CAP,40500 SAINT-SEVER
SE10010009,9 CITE LE CAP,40500 SAINT-SEVER
SE10010010,10 CITE LE CAP,40500 SAINT-SEVER
SE10010011,11 CITE LE CAP,40500 SAINT-SEVER
SE10010012,12 CITE LE CAP,40500 SAINT-SEVER
SE10010013,13 CITE LE CAP,40500 SAINT-SEVER
SE10010014,14 CITE LE CAP,40500 SAINT-SEVER
SE10010015,15 CITE LE CAP,40500 SAINT-SEVER
SF01040001,215 AVENUE DE PONTEILS,40510 SEIGNOSSE
SF01040002,215 AVENUE DE PONTEILS,40510 SEIGNOSSE
SF01040003,215 AVENUE DE PONTEILS,40510 SEIGNOSSE
SF01040004,215 AVENUE DE PONTEILS,40510 SEIGNOSSE
SF01040005,215 AVENUE DE PONTEILS,40510 SEIGNOSSE
SF01040006,215 AVENUE DE PONTEILS,40510 SEIGNOSSE
SF01040007,215 AVENUE DE PONTEILS,40510 SEIGNOSSE
SF01040008,215 AVENUE DE PONTEILS,40510 SEIGNOSSE
SF01040009,215 AVENUE DE PONTEILS,40510 SEIGNOSSE
SG01010001,RUE DE SAINT GEORGES,40380 SAINT-GEOURS-D'AURIBAT
SG01010002,RUE DE SAINT GEORGES,40380 SAINT-GEOURS-D'AURIBAT
SG01010003,RUE DE SAINT GEORGES,40380 SAINT-GEOURS-D'AURIBAT
SG01010004,RUE DE SAINT GEORGES,40380 SAINT-GEOURS-D'AURIBAT
SI01010001,171 RUE DES CHENES - SINDERES,40110 MORCENX-LA-NOUVELLE
SI01010002,171 RUE DES CHENES - SINDERES,40110 MORCENX-LA-NOUVELLE
SI01010003,171 RUE DES CHENES - SINDERES,40110 MORCENX-LA-NOUVELLE
SI01010004,171 RUE DES CHENES - SINDERES,40110 MORCENX-LA-NOUVELLE
SL01010001,21 RUE DE LALANNE,40300 SAINT-LON-LES-MINES
SL01010002,22 RUE DE LALANNE,40300 SAINT-LON-LES-MINES
SL01010003,23 RUE DE LALANNE,40300 SAINT-LON-LES-MINES
SL01010004,24 RUE DE LALANNE,40300 SAINT-LON-LES-MINES
SL01010005,25 RUE DE LALANNE,40300 SAINT-LON-LES-MINES
SL01010006,26 RUE DE LALANNE,40300 SAINT-LON-LES-MINES
SL01010007,27 RUE DE LALANNE,40300 SAINT-LON-LES-MINES
SL01010008,28 RUE DE LALANNE,40300 SAINT-LON-LES-MINES
SL02010001,ROUTE DE HOUNON,40300 SAINT-LON-LES-MINES
SL02010002,ROUTE DE HOUNON,40300 SAINT-LON-LES-MINES
SL03010001,1 RUE DE L'ARRIOU,40300 SAINT-LON-LES-MINES
SL03010002,2 RUE DE L'ARRIOU,40300 SAINT-LON-LES-MINES
SL03010003,3 RUE DE L'ARRIOU,40300 SAINT-LON-LES-MINES
SL03010004,4 RUE DE L'ARRIOU,40300 SAINT-LON-LES-MINES
SL03010005,5 RUE DE L'ARRIOU,40300 SAINT-LON-LES-MINES
SL03010006,6 RUE DE L'ARRIOU,40300 SAINT-LON-LES-MINES
SL03010007,7 RUE DE L'ARRIOU,40300 SAINT-LON-LES-MINES
SL03010008,8 RUE DE L'ARRIOU,40300 SAINT-LON-LES-MINES
SL03010009,9 RUE DE L'ARRIOU,40300 SAINT-LON-LES-MINES
SL03010010,10 RUE DE L'ARRIOU,40300 SAINT-LON-LES-MINES
SL03010011,11 RUE DE L'ARRIOU,40300 SAINT-LON-LES-MINES
SL03010012,12 RUE DE L'ARRIOU,40300 SAINT-LON-LES-MINES
SL03010013,13 RUE DE L'ARRIOU,40300 SAINT-LON-LES-MINES
SL03010014,14 RUE DE L'ARRIOU,40300 SAINT-LON-LES-MINES
SL04010001,135 ROUTE DE PEYREHORADE,40300 SAINT-LON-LES-MINES
SL04010002,135 ROUTE DE PEYREHORADE,40300 SAINT-LON-LES-MINES
SL04010003,135 ROUTE DE PEYREHORADE,40300 SAINT-LON-LES-MINES
SL04010004,135 ROUTE DE PEYREHORADE,40300 SAINT-LON-LES-MINES
SL04020005,125 ROUTE DE PEYREHORADE,40300 SAINT-LON-LES-MINES
SL04020006,125 ROUTE DE PEYREHORADE,40300 SAINT-LON-LES-MINES
SL04020007,125 ROUTE DE PEYREHORADE,40300 SAINT-LON-LES-MINES
SL04020008,125 ROUTE DE PEYREHORADE,40300 SAINT-LON-LES-MINES
SL05010001,100 RUE DU PETIT LOUISE,40300 SAINT-LON-LES-MINES
SL05010002,100 RUE DU PETIT LOUISE,40300 SAINT-LON-LES-MINES
SL05010003,100 RUE DU PETIT LOUISE,40300 SAINT-LON-LES-MINES
SL05010004,100 RUE DU PETIT LOUISE,40300 SAINT-LON-LES-MINES
SL05010005,100 RUE DU PETIT LOUISE,40300 SAINT-LON-LES-MINES
SM01010001,26 ALLEE DES PINS,40230 SAINT-GEOURS-DE-MAREMNE
SM01010002,24 ALLEE DES PINS,40230 SAINT-GEOURS-DE-MAREMNE
SM01010003,22 ALLEE DES PINS,40230 SAINT-GEOURS-DE-MAREMNE
SM01010004,20 ALLEE DES PINS,40230 SAINT-GEOURS-DE-MAREMNE
SM01010005,18 ALLEE DES PINS,40230 SAINT-GEOURS-DE-MAREMNE
SM01010006,16 ALLEE DES PINS,40230 SAINT-GEOURS-DE-MAREMNE
SM01010007,14 ALLEE DES PINS,40230 SAINT-GEOURS-DE-MAREMNE
SM01010008,12 ALLEE DES PINS,40230 SAINT-GEOURS-DE-MAREMNE
SM01010009,10 ALLEE DES PINS,40230 SAINT-GEOURS-DE-MAREMNE
SM01010010,8 ALLEE DES PINS,40230 SAINT-GEOURS-DE-MAREMNE
SM01010011,6 ALLEE DES PINS,40230 SAINT-GEOURS-DE-MAREMNE
SM01010012,4 ALLEE DES PINS,40230 SAINT-GEOURS-DE-MAREMNE
SM01010013,2 ALLEE DES PINS,40230 SAINT-GEOURS-DE-MAREMNE
SM01010014,1 ALLEE DES PINS,40230 SAINT-GEOURS-DE-MAREMNE
SM01010015,3 ALLEE DES PINS,40230 SAINT-GEOURS-DE-MAREMNE
SM01010016,5 ALLEE DES PINS,40230 SAINT-GEOURS-DE-MAREMNE
SM01010017,7 ALLEE DES PINS,40230 SAINT-GEOURS-DE-MAREMNE
SM01010018,9 ALLEE DES PINS,40230 SAINT-GEOURS-DE-MAREMNE
SM01010019,11 ALLEE DES PINS,40230 SAINT-GEOURS-DE-MAREMNE
SM01010020,13 ALLEE DES PINS,40230 SAINT-GEOURS-DE-MAREMNE
SM01010021,15 ALLEE DES PINS,40230 SAINT-GEOURS-DE-MAREMNE
SM01010022,17 ALLEE DES PINS,40230 SAINT-GEOURS-DE-MAREMNE
SM02010001,2 ALLEE DU MUGUET,40230 SAINT-GEOURS-DE-MAREMNE
SM02010002,2 ALLEE DU MUGUET,40230 SAINT-GEOURS-DE-MAREMNE
SM02010003,2 ALLEE DU MUGUET,40230 SAINT-GEOURS-DE-MAREMNE
SM02010004,2 ALLEE DU MUGUET,40230 SAINT-GEOURS-DE-MAREMNE
SM02010005,2 ALLEE DU MUGUET,40230 SAINT-GEOURS-DE-MAREMNE
SM02010006,1 ALLEE DU MUGUET,40230 SAINT-GEOURS-DE-MAREMNE
SM02010007,1 ALLEE DU MUGUET,40230 SAINT-GEOURS-DE-MAREMNE
SM02010008,1 ALLEE DU MUGUET,40230 SAINT-GEOURS-DE-MAREMNE
SM02010009,1 ALLEE DU MUGUET,40230 SAINT-GEOURS-DE-MAREMNE
SM02010010,1 ALLEE DU MUGUET,40230 SAINT-GEOURS-DE-MAREMNE
SM02010011,2 ALLEE DES IRIS,40230 SAINT-GEOURS-DE-MAREMNE
SM02010012,2 ALLEE DES IRIS,40230 SAINT-GEOURS-DE-MAREMNE
SM02010013,2 ALLEE DES IRIS,40230 SAINT-GEOURS-DE-MAREMNE
SM02010014,2 ALLEE DES IRIS,40230 SAINT-GEOURS-DE-MAREMNE
SM02010015,2 ALLEE DES IRIS,40230 SAINT-GEOURS-DE-MAREMNE
SM02010016,1 ALLEE DES IRIS,40230 SAINT-GEOURS-DE-MAREMNE
SM02010017,1 ALLEE DES IRIS,40230 SAINT-GEOURS-DE-MAREMNE
SM02010018,1 ALLEE DES IRIS,40230 SAINT-GEOURS-DE-MAREMNE
SM02010019,1 ALLEE DES IRIS,40230 SAINT-GEOURS-DE-MAREMNE
SM02010020,1 ALLEE DES IRIS,40230 SAINT-GEOURS-DE-MAREMNE
SM02010021,2 ALLEE DES PENSEES,40230 SAINT-GEOURS-DE-MAREMNE
SM02010022,2 ALLEE DES PENSEES,40230 SAINT-GEOURS-DE-MAREMNE
SM02010023,2 ALLEE DES PENSEES,40230 SAINT-GEOURS-DE-MAREMNE
SM02010024,2 ALLEE DES PENSEES,40230 SAINT-GEOURS-DE-MAREMNE
SM02010025,2 ALLEE DES PENSEES,40230 SAINT-GEOURS-DE-MAREMNE
SM03010001,6 ALLEE LUCIE AUBRAC,40230 SAINT-GEOURS-DE-MAREMNE
SM03010002,6 ALLEE LUCIE AUBRAC,40230 SAINT-GEOURS-DE-MAREMNE
SM03010003,6 ALLEE LUCIE AUBRAC,40230 SAINT-GEOURS-DE-MAREMNE
SM03010004,6 ALLEE LUCIE AUBRAC,40230 SAINT-GEOURS-DE-MAREMNE
SM03010011,6 ALLEE LUCIE AUBRAC,40230 SAINT-GEOURS-DE-MAREMNE
SM03010012,6 ALLEE LUCIE AUBRAC,40230 SAINT-GEOURS-DE-MAREMNE
SM03010013,6 ALLEE LUCIE AUBRAC,40230 SAINT-GEOURS-DE-MAREMNE
SM03010014,6 ALLEE LUCIE AUBRAC,40230 SAINT-GEOURS-DE-MAREMNE
SM03020005,6 ALLEE LUCIE AUBRAC,40230 SAINT-GEOURS-DE-MAREMNE
SM03020006,6 ALLEE LUCIE AUBRAC,40230 SAINT-GEOURS-DE-MAREMNE
SM03020007,6 ALLEE LUCIE AUBRAC,40230 SAINT-GEOURS-DE-MAREMNE
SM03020008,6 ALLEE LUCIE AUBRAC,40230 SAINT-GEOURS-DE-MAREMNE
SM03020009,6 ALLEE LUCIE AUBRAC,40230 SAINT-GEOURS-DE-MAREMNE
SM03020010,6 ALLEE LUCIE AUBRAC,40230 SAINT-GEOURS-DE-MAREMNE
SN01010001,55 RUE TUC DE LA GOURGUE,40460 SANGUINET
SN01010002,63 RUE TUC DE LA GOURGUE,40460 SANGUINET
SN01010003,71 RUE TUC DE LA GOURGUE,40460 SANGUINET
SN01010004,75 RUE TUC DE LA GOURGUE,40460 SANGUINET
SN01010005,87 RUE TUC DE LA GOURGUE,40460 SANGUINET
SN01010006,86 RUE TUC DE LA GOURGUE,40460 SANGUINET
SN01010007,70 RUE TUC DE LA GOURGUE,40460 SANGUINET
SN01010008,62 RUE TUC DE LA GOURGUE,40460 SANGUINET
SN02010001,59 TUC DU REGAIN,40460 SANGUINET
SN02010002,43 TUC DU REGAIN,40460 SANGUINET
SN02010003,25 TUC DU REGAIN,40460 SANGUINET
SN02010004,34 TUC DE GOURGUE,40460 SANGUINET
SN02010005,52 TUC DE GOURGUE,40460 SANGUINET
SN02010006,233 RUE DU PRE DE LA GOURGUE,40460 SANGUINET
SN02010007,221 RUE DU PRE DE LA GOURGUE,40460 SANGUINET
SN03010001,27 ALLEE DE LA FORGE,40460 SANGUINET
SN03010002,31 ALLEE DE LA FORGE,40460 SANGUINET
SN03010003,71 ALLEE DE LA FORGE,40460 SANGUINET
SN03010004,77 ALLEE DE LA FORGE,40460 SANGUINET
SN03010005,75 ALLEE DE LA FORGE,40460 SANGUINET
SN03010006,79 ALLEE DE LA FORGE,40460 SANGUINET
SN03010007,101 ALLEE DE LA FORGE,40460 SANGUINET
SN03010008,107 ALLEE DE LA FORGE,40460 SANGUINET
SN03010009,105 ALLEE DE LA FORGE,40460 SANGUINET
SN03010010,109 ALLEE DE LA FORGE,40460 SANGUINET
SO01010001,17 CITE DU POUY,40210 SOLFERINO
SO01010002,19 CITE DU POUY,40210 SOLFERINO
SO01010003,21 CITE DU POUY,40210 SOLFERINO
SO01010004,23 CITE DU POUY,40210 SOLFERINO
SO01010005,25 CITE DU POUY,40210 SOLFERINO
SP01010101,20 RUE JEAN ODDOS,40990 SAINT-PAUL-LES-DAX
SP01010102,20 RUE JEAN ODDOS,40990 SAINT-PAUL-LES-DAX
SP01010111,20 RUE JEAN ODDOS,40990 SAINT-PAUL-LES-DAX
SP01010112,20 RUE JEAN ODDOS,40990 SAINT-PAUL-LES-DAX
SP01010121,20 RUE JEAN ODDOS,40990 SAINT-PAUL-LES-DAX
SP01010122,20 RUE JEAN ODDOS,40990 SAINT-PAUL-LES-DAX
SP01010131,20 RUE JEAN ODDOS,40990 SAINT-PAUL-LES-DAX
SP01010132,20 RUE JEAN ODDOS,40990 SAINT-PAUL-LES-DAX
SP01010201,20 RUE JEAN ODDOS,40990 SAINT-PAUL-LES-DAX
SP01010202,20 RUE JEAN ODDOS,40990 SAINT-PAUL-LES-DAX
SP01010211,20 RUE JEAN ODDOS,40990 SAINT-PAUL-LES-DAX
SP01010212,20 RUE JEAN ODDOS,40990 SAINT-PAUL-LES-DAX
SP01010221,20 RUE JEAN ODDOS,40990 SAINT-PAUL-LES-DAX
SP01010222,20 RUE JEAN ODDOS,40990 SAINT-PAUL-LES-DAX
SP01010231,20 RUE JEAN ODDOS,40990 SAINT-PAUL-LES-DAX
SP01010232,20 RUE JEAN ODDOS,40990 SAINT-PAUL-LES-DAX
SP02010101,142 RUE DE L'AIGLON,40990 SAINT-PAUL-LES-DAX
SP02010102,142 RUE DE L'AIGLON,40990 SAINT-PAUL-LES-DAX
SP02010111,142 RUE DE L'AIGLON,40990 SAINT-PAUL-LES-DAX
SP02010112,142 RUE DE L'AIGLON,40990 SAINT-PAUL-LES-DAX
SP02010113,142 RUE DE L'AIGLON,40990 SAINT-PAUL-LES-DAX
SP02010114,142 RUE DE L'AIGLON,40990 SAINT-PAUL-LES-DAX
SP02010121,142 RUE DE L'AIGLON,40990 SAINT-PAUL-LES-DAX
SP02010122,142 RUE DE L'AIGLON,40990 SAINT-PAUL-LES-DAX
SP02010123,142 RUE DE L'AIGLON,40990 SAINT-PAUL-LES-DAX
SP02010124,142 RUE DE L'AIGLON,40990 SAINT-PAUL-LES-DAX
SP02020201,112 RUE DE L'AIGLON,40990 SAINT-PAUL-LES-DAX
SP02020202,112 RUE DE L'AIGLON,40990 SAINT-PAUL-LES-DAX
SP02020211,112 RUE DE L'AIGLON,40990 SAINT-PAUL-LES-DAX
SP02020212,112 RUE DE L'AIGLON,40990 SAINT-PAUL-LES-DAX
SP02020213,112 RUE DE L'AIGLON,40990 SAINT-PAUL-LES-DAX
SP02020214,112 RUE DE L'AIGLON,40990 SAINT-PAUL-LES-DAX
SP02020221,112 RUE DE L'AIGLON,40990 SAINT-PAUL-LES-DAX
SP02020222,112 RUE DE L'AIGLON,40990 SAINT-PAUL-LES-DAX
SP02020223,112 RUE DE L'AIGLON,40990 SAINT-PAUL-LES-DAX
SP02020224,112 RUE DE L'AIGLON,40990 SAINT-PAUL-LES-DAX
SP02020301,23 RUE EDMOND ROSTAND,40990 SAINT-PAUL-LES-DAX
SP02020302,23 RUE EDMOND ROSTAND,40990 SAINT-PAUL-LES-DAX
SP02020303,23 RUE EDMOND ROSTAND,40990 SAINT-PAUL-LES-DAX
SP02020304,23 RUE EDMOND ROSTAND,40990 SAINT-PAUL-LES-DAX
SP02020311,23 RUE EDMOND ROSTAND,40990 SAINT-PAUL-LES-DAX
SP02020312,23 RUE EDMOND ROSTAND,40990 SAINT-PAUL-LES-DAX
SP02020313,23 RUE EDMOND ROSTAND,40990 SAINT-PAUL-LES-DAX
SP02020314,23 RUE EDMOND ROSTAND,40990 SAINT-PAUL-LES-DAX
SP02030401,143 RUE DE L'AIGLON,40990 SAINT-PAUL-LES-DAX
SP02030402,143 RUE DE L'AIGLON,40990 SAINT-PAUL-LES-DAX
SP02030411,143 RUE DE L'AIGLON,40990 SAINT-PAUL-LES-DAX
SP02030412,143 RUE DE L'AIGLON,40990 SAINT-PAUL-LES-DAX
SP02030413,143 RUE DE L'AIGLON,40990 SAINT-PAUL-LES-DAX
SP02030414,143 RUE DE L'AIGLON,40990 SAINT-PAUL-LES-DAX
SP02030421,143 RUE DE L'AIGLON,40990 SAINT-PAUL-LES-DAX
SP02030422,143 RUE DE L'AIGLON,40990 SAINT-PAUL-LES-DAX
SP02030423,143 RUE DE L'AIGLON,40990 SAINT-PAUL-LES-DAX
SP02030424,143 RUE DE L'AIGLON,40990 SAINT-PAUL-LES-DAX
SP02040501,113 RUE DE L'AIGLON,40990 SAINT-PAUL-LES-DAX
SP02040502,113 RUE DE L'AIGLON,40990 SAINT-PAUL-LES-DAX
SP02040511,113 RUE DE L'AIGLON,40990 SAINT-PAUL-LES-DAX
SP02040512,113 RUE DE L'AIGLON,40990 SAINT-PAUL-LES-DAX
SP02040513,113 RUE DE L'AIGLON,40990 SAINT-PAUL-LES-DAX
SP02040514,113 RUE DE L'AIGLON,40990 SAINT-PAUL-LES-DAX
SP02040521,113 RUE DE L'AIGLON,40990 SAINT-PAUL-LES-DAX
SP02040522,113 RUE DE L'AIGLON,40990 SAINT-PAUL-LES-DAX
SP02040523,113 RUE DE L'AIGLON,40990 SAINT-PAUL-LES-DAX
SP02040524,113 RUE DE L'AIGLON,40990 SAINT-PAUL-LES-DAX
SP02040601,75 RUE DE L'AIGLON,40990 SAINT-PAUL-LES-DAX
SP02040602,75 RUE DE L'AIGLON,40990 SAINT-PAUL-LES-DAX
SP02040603,75 RUE DE L'AIGLON,40990 SAINT-PAUL-LES-DAX
SP02040604,75 RUE DE L'AIGLON,40990 SAINT-PAUL-LES-DAX
SP02040611,75 RUE DE L'AIGLON,40990 SAINT-PAUL-LES-DAX
SP02040612,75 RUE DE L'AIGLON,40990 SAINT-PAUL-LES-DAX
SP02040613,75 RUE DE L'AIGLON,40990 SAINT-PAUL-LES-DAX
SP02040614,75 RUE DE L'AIGLON,40990 SAINT-PAUL-LES-DAX
SP03010701,240 RUE DES ARTS ET METIERS,40990 SAINT-PAUL-LES-DAX
SP03010702,240 RUE DES ARTS ET METIERS,40990 SAINT-PAUL-LES-DAX
SP03010703,240 RUE DES ARTS ET METIERS,40990 SAINT-PAUL-LES-DAX
SP03010704,240 RUE DES ARTS ET METIERS,40990 SAINT-PAUL-LES-DAX
SP03010711,240 RUE DES ARTS ET METIERS,40990 SAINT-PAUL-LES-DAX
SP03010712,240 RUE DES ARTS ET METIERS,40990 SAINT-PAUL-LES-DAX
SP03010713,240 RUE DES ARTS ET METIERS,40990 SAINT-PAUL-LES-DAX
SP03010714,240 RUE DES ARTS ET METIERS,40990 SAINT-PAUL-LES-DAX
SP03010721,240 RUE DES ARTS ET METIERS,40990 SAINT-PAUL-LES-DAX
SP03010722,240 RUE DES ARTS ET METIERS,40990 SAINT-PAUL-LES-DAX
SP03010723,240 RUE DES ARTS ET METIERS,40990 SAINT-PAUL-LES-DAX
SP03010724,240 RUE DES ARTS ET METIERS,40990 SAINT-PAUL-LES-DAX
SP03020801,242 RUE DES ARTS ET METIERS,40990 SAINT-PAUL-LES-DAX
SP03020802,242 RUE DES ARTS ET METIERS,40990 SAINT-PAUL-LES-DAX
SP03020803,242 RUE DES ARTS ET METIERS,40990 SAINT-PAUL-LES-DAX
SP03020804,242 RUE DES ARTS ET METIERS,40990 SAINT-PAUL-LES-DAX
SP03020811,242 RUE DES ARTS ET METIERS,40990 SAINT-PAUL-LES-DAX
SP03020812,242 RUE DES ARTS ET METIERS,40990 SAINT-PAUL-LES-DAX
SP03020813,242 RUE DES ARTS ET METIERS,40990 SAINT-PAUL-LES-DAX
SP03020814,242 RUE DES ARTS ET METIERS,40990 SAINT-PAUL-LES-DAX
SP03020821,242 RUE DES ARTS ET METIERS,40990 SAINT-PAUL-LES-DAX
SP03020822,242 RUE DES ARTS ET METIERS,40990 SAINT-PAUL-LES-DAX
SP03020823,242 RUE DES ARTS ET METIERS,40990 SAINT-PAUL-LES-DAX
SP03020824,242 RUE DES ARTS ET METIERS,40990 SAINT-PAUL-LES-DAX
SP03020901,244 RUE DES ARTS ET METIERS,40990 SAINT-PAUL-LES-DAX
SP03020902,244 RUE DES ARTS ET METIERS,40990 SAINT-PAUL-LES-DAX
SP03020903,244 RUE DES ARTS ET METIERS,40990 SAINT-PAUL-LES-DAX
SP03020904,244 RUE DES ARTS ET METIERS,40990 SAINT-PAUL-LES-DAX
SP03020911,244 RUE DES ARTS ET METIERS,40990 SAINT-PAUL-LES-DAX
SP03020912,244 RUE DES ARTS ET METIERS,40990 SAINT-PAUL-LES-DAX
SP03020913,244 RUE DES ARTS ET METIERS,40990 SAINT-PAUL-LES-DAX
SP03020914,244 RUE DES ARTS ET METIERS,40990 SAINT-PAUL-LES-DAX
SP03020921,244 RUE DES ARTS ET METIERS,40990 SAINT-PAUL-LES-DAX
SP03020922,244 RUE DES ARTS ET METIERS,40990 SAINT-PAUL-LES-DAX
SP03020923,244 RUE DES ARTS ET METIERS,40990 SAINT-PAUL-LES-DAX
SP03020924,244 RUE DES ARTS ET METIERS,40990 SAINT-PAUL-LES-DAX
SP03021001,294 RUE DES ARTS ET METIERS,40990 SAINT-PAUL-LES-DAX
SP03021002,294 RUE DES ARTS ET METIERS,40990 SAINT-PAUL-LES-DAX
SP03021003,294 RUE DES ARTS ET METIERS,40990 SAINT-PAUL-LES-DAX
SP03021004,294 RUE DES ARTS ET METIERS,40990 SAINT-PAUL-LES-DAX
SP03021011,294 RUE DES ARTS ET METIERS,40990 SAINT-PAUL-LES-DAX
SP03021012,294 RUE DES ARTS ET METIERS,40990 SAINT-PAUL-LES-DAX
SP03021013,294 RUE DES ARTS ET METIERS,40990 SAINT-PAUL-LES-DAX
SP03021014,294 RUE DES ARTS ET METIERS,40990 SAINT-PAUL-LES-DAX
SP03021021,294 RUE DES ARTS ET METIERS,40990 SAINT-PAUL-LES-DAX
SP03021022,294 RUE DES ARTS ET METIERS,40990 SAINT-PAUL-LES-DAX
SP03021023,294 RUE DES ARTS ET METIERS,40990 SAINT-PAUL-LES-DAX
SP03021024,294 RUE DES ARTS ET METIERS,40990 SAINT-PAUL-LES-DAX
SP04010103,142 RUE DE L'AIGLON,40990 SAINT-PAUL-LES-DAX
SP04010104,142 RUE DE L'AIGLON,40990 SAINT-PAUL-LES-DAX
SP04010203,112 RUE DE L'AIGLON,40990 SAINT-PAUL-LES-DAX
SP04010403,143 RUE DE L'AIGLON,40990 SAINT-PAUL-LES-DAX
SP04010404,143 RUE DE L'AIGLON,40990 SAINT-PAUL-LES-DAX
SP04010503,113 RUE DE L'AIGLON,40990 SAINT-PAUL-LES-DAX
SP05220001,62 IMPASSE DES SAPEURS POMPIERS,40990 SAINT-PAUL-LES-DAX
SP05220002,62 IMPASSE DES SAPEURS POMPIERS,40990 SAINT-PAUL-LES-DAX
SP05220003,62 IMPASSE DES SAPEURS POMPIERS,40990 SAINT-PAUL-LES-DAX
SP05220004,62 IMPASSE DES SAPEURS POMPIERS,40990 SAINT-PAUL-LES-DAX
SP05220005,62 IMPASSE DES SAPEURS POMPIERS,40990 SAINT-PAUL-LES-DAX
SP05220006,62 IMPASSE DES SAPEURS POMPIERS,40990 SAINT-PAUL-LES-DAX
SP05220007,62 IMPASSE DES SAPEURS POMPIERS,40990 SAINT-PAUL-LES-DAX
SP05220008,62 IMPASSE DES SAPEURS POMPIERS,40990 SAINT-PAUL-LES-DAX
SP05220101,62 IMPASSE DES SAPEURS POMPIERS,40990 SAINT-PAUL-LES-DAX
SP05220102,62 IMPASSE DES SAPEURS POMPIERS,40990 SAINT-PAUL-LES-DAX
SP05220103,62 IMPASSE DES SAPEURS POMPIERS,40990 SAINT-PAUL-LES-DAX
SP05220104,62 IMPASSE DES SAPEURS POMPIERS,40990 SAINT-PAUL-LES-DAX
SP05220105,62 IMPASSE DES SAPEURS POMPIERS,40990 SAINT-PAUL-LES-DAX
SP05220106,62 IMPASSE DES SAPEURS POMPIERS,40990 SAINT-PAUL-LES-DAX
SP05220107,62 IMPASSE DES SAPEURS POMPIERS,40990 SAINT-PAUL-LES-DAX
SP05220108,62 IMPASSE DES SAPEURS POMPIERS,40990 SAINT-PAUL-LES-DAX
SP05220109,62 IMPASSE DES SAPEURS POMPIERS,40990 SAINT-PAUL-LES-DAX
SP05220110,62 IMPASSE DES SAPEURS POMPIERS,40990 SAINT-PAUL-LES-DAX
SP05220111,62 IMPASSE DES SAPEURS POMPIERS,40990 SAINT-PAUL-LES-DAX
SP05220201,62 IMPASSE DES SAPEURS POMPIERS,40990 SAINT-PAUL-LES-DAX
SP05220202,62 IMPASSE DES SAPEURS POMPIERS,40990 SAINT-PAUL-LES-DAX
SP05220203,62 IMPASSE DES SAPEURS POMPIERS,40990 SAINT-PAUL-LES-DAX
SP05220204,62 IMPASSE DES SAPEURS POMPIERS,40990 SAINT-PAUL-LES-DAX
SP05220205,62 IMPASSE DES SAPEURS POMPIERS,40990 SAINT-PAUL-LES-DAX
SP05220206,62 IMPASSE DES SAPEURS POMPIERS,40990 SAINT-PAUL-LES-DAX
SP05220207,62 IMPASSE DES SAPEURS POMPIERS,40990 SAINT-PAUL-LES-DAX
SP05220208,62 IMPASSE DES SAPEURS POMPIERS,40990 SAINT-PAUL-LES-DAX
SP05220209,62 IMPASSE DES SAPEURS POMPIERS,40990 SAINT-PAUL-LES-DAX
SP05220210,62 IMPASSE DES SAPEURS POMPIERS,40990 SAINT-PAUL-LES-DAX
SP05220211,62 IMPASSE DES SAPEURS POMPIERS,40990 SAINT-PAUL-LES-DAX
SP06240001,403 RUE DU BECADOT,40990 SAINT-PAUL-LES-DAX
SP06240002,403 RUE DU BECADOT,40990 SAINT-PAUL-LES-DAX
SP06240003,403 RUE DU BECADOT,40990 SAINT-PAUL-LES-DAX
SP06240004,403 RUE DU BECADOT,40990 SAINT-PAUL-LES-DAX
SP06240005,403 RUE DU BECADOT,40990 SAINT-PAUL-LES-DAX
SP06240006,403 RUE DU BECADOT,40990 SAINT-PAUL-LES-DAX
SP06240007,403 RUE DU BECADOT,40990 SAINT-PAUL-LES-DAX
SP06240008,403 RUE DU BECADOT,40990 SAINT-PAUL-LES-DAX
SP06240009,403 RUE DU BECADOT,40990 SAINT-PAUL-LES-DAX
SP06240010,403 RUE DU BECADOT,40990 SAINT-PAUL-LES-DAX
SP06240011,403 RUE DU BECADOT,40990 SAINT-PAUL-LES-DAX
SP06240012,403 RUE DU BECADOT,40990 SAINT-PAUL-LES-DAX
SP06240013,403 RUE DU BECADOT,40990 SAINT-PAUL-LES-DAX
SP06240014,403 RUE DU BECADOT,40990 SAINT-PAUL-LES-DAX
SP06240015,403 RUE DU BECADOT,40990 SAINT-PAUL-LES-DAX
SP06240016,403 RUE DU BECADOT,40990 SAINT-PAUL-LES-DAX
SP06240017,403 RUE DU BECADOT,40990 SAINT-PAUL-LES-DAX
SP06240018,403 RUE DU BECADOT,40990 SAINT-PAUL-LES-DAX
SP06240019,403 RUE DU BECADOT,40990 SAINT-PAUL-LES-DAX
SP06240020,403 RUE DU BECADOT,40990 SAINT-PAUL-LES-DAX
SP06240021,403 RUE DU BECADOT,40990 SAINT-PAUL-LES-DAX
SP06240022,403 RUE DU BECADOT,40990 SAINT-PAUL-LES-DAX
SP06240023,403 RUE DU BECADOT,40990 SAINT-PAUL-LES-DAX
SP06240024,403 RUE DU BECADOT,40990 SAINT-PAUL-LES-DAX
SP07060025,36 IMPASSE CARNOT,40990 SAINT-PAUL-LES-DAX
SP07060026,36 IMPASSE CARNOT,40990 SAINT-PAUL-LES-DAX
SP07060028,36 IMPASSE CARNOT,40990 SAINT-PAUL-LES-DAX
SP07060029,36 IMPASSE CARNOT,40990 SAINT-PAUL-LES-DAX
SP07060030,36 IMPASSE CARNOT,40990 SAINT-PAUL-LES-DAX
SP07060031,36 IMPASSE CARNOT,40990 SAINT-PAUL-LES-DAX
SP07240001,36 IMPASSE CARNOT,40990 SAINT-PAUL-LES-DAX
SP07240002,36 IMPASSE CARNOT,40990 SAINT-PAUL-LES-DAX
SP07240003,36 IMPASSE CARNOT,40990 SAINT-PAUL-LES-DAX
SP07240004,36 IMPASSE CARNOT,40990 SAINT-PAUL-LES-DAX
SP07240005,36 IMPASSE CARNOT,40990 SAINT-PAUL-LES-DAX
SP07240006,36 IMPASSE CARNOT,40990 SAINT-PAUL-LES-DAX
SP07240007,36 IMPASSE CARNOT,40990 SAINT-PAUL-LES-DAX
SP07240008,36 IMPASSE CARNOT,40990 SAINT-PAUL-LES-DAX
SP07240009,36 IMPASSE CARNOT,40990 SAINT-PAUL-LES-DAX
SP07240010,36 IMPASSE CARNOT,40990 SAINT-PAUL-LES-DAX
SP07240011,36 IMPASSE CARNOT,40990 SAINT-PAUL-LES-DAX
SP07240012,36 IMPASSE CARNOT,40990 SAINT-PAUL-LES-DAX
SP07240013,36 IMPASSE CARNOT,40990 SAINT-PAUL-LES-DAX
SP07240014,36 IMPASSE CARNOT,40990 SAINT-PAUL-LES-DAX
SP07240015,36 IMPASSE CARNOT,40990 SAINT-PAUL-LES-DAX
SP07240016,36 IMPASSE CARNOT,40990 SAINT-PAUL-LES-DAX
SP07240017,36 IMPASSE CARNOT,40990 SAINT-PAUL-LES-DAX
SP07240018,36 IMPASSE CARNOT,40990 SAINT-PAUL-LES-DAX
SP07240019,36 IMPASSE CARNOT,40990 SAINT-PAUL-LES-DAX
SP07240020,36 IMPASSE CARNOT,40990 SAINT-PAUL-LES-DAX
SP07240021,36 IMPASSE CARNOT,40990 SAINT-PAUL-LES-DAX
SP07240022,36 IMPASSE CARNOT,40990 SAINT-PAUL-LES-DAX
SP07240023,36 IMPASSE CARNOT,40990 SAINT-PAUL-LES-DAX
SP07240024,36 IMPASSE CARNOT,40990 SAINT-PAUL-LES-DAX
SP08060012,246 AVENUE DE LA RESISTANCE,40990 SAINT-PAUL-LES-DAX
SP08060013,12 RUE CAMILLE CLAUDEL,40990 SAINT-PAUL-LES-DAX
SP08060016,12 RUE CAMILLE CLAUDEL,40990 SAINT-PAUL-LES-DAX
SP08060019,246 AVENUE DE LA RESISTANCE,40990 SAINT-PAUL-LES-DAX
SP08060020,246 AVENUE DE LA RESISTANCE,40990 SAINT-PAUL-LES-DAX
SP08060021,12 RUE CAMILLE CLAUDEL,40990 SAINT-PAUL-LES-DAX
SP09010001,6 RUE CHARLES DOMERCQ,40990 SAINT-PAUL-LES-DAX
SP09010003,6 RUE CHARLES DOMERCQ,40990 SAINT-PAUL-LES-DAX
SP09020002,6 RUE CHARLES DOMERCQ,40990 SAINT-PAUL-LES-DAX
SP09020004,6 RUE CHARLES DOMERCQ,40990 SAINT-PAUL-LES-DAX
SP09020005,6 RUE CHARLES DOMERCQ,40990 SAINT-PAUL-LES-DAX
SP09020006,6 RUE CHARLES DOMERCQ,40990 SAINT-PAUL-LES-DAX
SP09020007,6 RUE CHARLES DOMERCQ,40990 SAINT-PAUL-LES-DAX
SP09020008,6 RUE CHARLES DOMERCQ,40990 SAINT-PAUL-LES-DAX
SP10010101,93 IMPASSE PRIVEE DES BICHES,40990 SAINT-PAUL-LES-DAX
SP10010102,93 IMPASSE PRIVEE DES BICHES,40990 SAINT-PAUL-LES-DAX
SP10010111,93 IMPASSE PRIVEE DES BICHES,40990 SAINT-PAUL-LES-DAX
SP10010112,93 IMPASSE PRIVEE DES BICHES,40990 SAINT-PAUL-LES-DAX
SP10010113,93 IMPASSE PRIVEE DES BICHES,40990 SAINT-PAUL-LES-DAX
SP10010114,93 IMPASSE PRIVEE DES BICHES,40990 SAINT-PAUL-LES-DAX
SP10010121,93 IMPASSE PRIVEE DES BICHES,40990 SAINT-PAUL-LES-DAX
SP10010122,93 IMPASSE PRIVEE DES BICHES,40990 SAINT-PAUL-LES-DAX
SP10020201,55 IMPASSE PRIVEE DES BICHES,40990 SAINT-PAUL-LES-DAX
SP10020202,55 IMPASSE PRIVEE DES BICHES,40990 SAINT-PAUL-LES-DAX
SP10020211,55 IMPASSE PRIVEE DES BICHES,40990 SAINT-PAUL-LES-DAX
SP10020212,55 IMPASSE PRIVEE DES BICHES,40990 SAINT-PAUL-LES-DAX
SP10020213,55 IMPASSE PRIVEE DES BICHES,40990 SAINT-PAUL-LES-DAX
SP10020214,55 IMPASSE PRIVEE DES BICHES,40990 SAINT-PAUL-LES-DAX
SP10020221,55 IMPASSE PRIVEE DES BICHES,40990 SAINT-PAUL-LES-DAX
SP10020222,55 IMPASSE PRIVEE DES BICHES,40990 SAINT-PAUL-LES-DAX
SP10030301,17 IMPASSE PRIVEE DES BICHES,40990 SAINT-PAUL-LES-DAX
SP10030302,17 IMPASSE PRIVEE DES BICHES,40990 SAINT-PAUL-LES-DAX
SP10030311,17 IMPASSE PRIVEE DES BICHES,40990 SAINT-PAUL-LES-DAX
SP10030312,17 IMPASSE PRIVEE DES BICHES,40990 SAINT-PAUL-LES-DAX
SP10030313,17 IMPASSE PRIVEE DES BICHES,40990 SAINT-PAUL-LES-DAX
SP10030314,17 IMPASSE PRIVEE DES BICHES,40990 SAINT-PAUL-LES-DAX
SP10030321,17 IMPASSE PRIVEE DES BICHES,40990 SAINT-PAUL-LES-DAX
SP10030322,17 IMPASSE PRIVEE DES BICHES,40990 SAINT-PAUL-LES-DAX
SP10040401,35 VOIE PRIVEE DES FAONS,40990 SAINT-PAUL-LES-DAX
SP10040402,35 VOIE PRIVEE DES FAONS,40990 SAINT-PAUL-LES-DAX
SP10040403,35 VOIE PRIVEE DES FAONS,40990 SAINT-PAUL-LES-DAX
SP10040404,35 VOIE PRIVEE DES FAONS,40990 SAINT-PAUL-LES-DAX
SP10040405,35 VOIE PRIVEE DES FAONS,40990 SAINT-PAUL-LES-DAX
SP10040411,35 VOIE PRIVEE DES FAONS,40990 SAINT-PAUL-LES-DAX
SP10040412,35 VOIE PRIVEE DES FAONS,40990 SAINT-PAUL-LES-DAX
SP10040413,35 VOIE PRIVEE DES FAONS,40990 SAINT-PAUL-LES-DAX
SP10040414,35 VOIE PRIVEE DES FAONS,40990 SAINT-PAUL-LES-DAX
SP10040415,35 VOIE PRIVEE DES FAONS,40990 SAINT-PAUL-LES-DAX
SP10050501,32 VOIE PRIVEE DES FAONS,40990 SAINT-PAUL-LES-DAX
SP10050502,32 VOIE PRIVEE DES FAONS,40990 SAINT-PAUL-LES-DAX
SP10050503,32 VOIE PRIVEE DES FAONS,40990 SAINT-PAUL-LES-DAX
SP10050504,32 VOIE PRIVEE DES FAONS,40990 SAINT-PAUL-LES-DAX
SP10050511,32 VOIE PRIVEE DES FAONS,40990 SAINT-PAUL-LES-DAX
SP10050512,32 VOIE PRIVEE DES FAONS,40990 SAINT-PAUL-LES-DAX
SP10050513,32 VOIE PRIVEE DES FAONS,40990 SAINT-PAUL-LES-DAX
SP10050514,32 VOIE PRIVEE DES FAONS,40990 SAINT-PAUL-LES-DAX
SP13010001,RUE ROMANE,40990 SAINT-PAUL-LES-DAX
SP13010002,RUE ROMANE,40990 SAINT-PAUL-LES-DAX
SP13010003,RUE ROMANE,40990 SAINT-PAUL-LES-DAX
SP13010004,RUE ROMANE,40990 SAINT-PAUL-LES-DAX
SP13010005,RUE ROMANE,40990 SAINT-PAUL-LES-DAX
SP13010006,RUE ROMANE,40990 SAINT-PAUL-LES-DAX
SP13010007,RUE ROMANE,40990 SAINT-PAUL-LES-DAX
SP13010008,RUE ROMANE,40990 SAINT-PAUL-LES-DAX
SP13010009,RUE ROMANE,40990 SAINT-PAUL-LES-DAX
SP13010010,RUE ROMANE,40990 SAINT-PAUL-LES-DAX
SP13010011,RUE ROMANE,40990 SAINT-PAUL-LES-DAX
SP13010012,RUE ROMANE,40990 SAINT-PAUL-LES-DAX
SP13010013,RUE ROMANE,40990 SAINT-PAUL-LES-DAX
SP13010014,RUE ROMANE,40990 SAINT-PAUL-LES-DAX
SP13010015,RUE ROMANE,40990 SAINT-PAUL-LES-DAX
SP13010016,RUE ROMANE,40990 SAINT-PAUL-LES-DAX
SP13010017,RUE ROMANE,40990 SAINT-PAUL-LES-DAX
SP13010018,RUE ROMANE,40990 SAINT-PAUL-LES-DAX
SP13010019,RUE ROMANE,40990 SAINT-PAUL-LES-DAX
SP13010020,RUE ROMANE,40990 SAINT-PAUL-LES-DAX
SP13010021,RUE ROMANE,40990 SAINT-PAUL-LES-DAX
SP13010022,RUE ROMANE,40990 SAINT-PAUL-LES-DAX
SP13010023,RUE ROMANE,40990 SAINT-PAUL-LES-DAX
SP13010024,RUE ROMANE,40990 SAINT-PAUL-LES-DAX
SP13020001,131 AVENUE DE LA RESISTANCE,40990 SAINT-PAUL-LES-DAX
SP13020002,131 AVENUE DE LA RESISTANCE,40990 SAINT-PAUL-LES-DAX
SP13020003,131 AVENUE DE LA RESISTANCE,40990 SAINT-PAUL-LES-DAX
SP13020004,131 AVENUE DE LA RESISTANCE,40990 SAINT-PAUL-LES-DAX
SP13020005,131 AVENUE DE LA RESISTANCE,40990 SAINT-PAUL-LES-DAX
SP13020006,131 AVENUE DE LA RESISTANCE,40990 SAINT-PAUL-LES-DAX
SP13020007,131 AVENUE DE LA RESISTANCE,40990 SAINT-PAUL-LES-DAX
SP13020008,131 AVENUE DE LA RESISTANCE,40990 SAINT-PAUL-LES-DAX
SP13020009,131 AVENUE DE LA RESISTANCE,40990 SAINT-PAUL-LES-DAX
SP13020010,131 AVENUE DE LA RESISTANCE,40990 SAINT-PAUL-LES-DAX
SP13030001,1 RUE VICTOR HUGO,40990 SAINT-PAUL-LES-DAX
SP13030002,1 RUE VICTOR HUGO,40990 SAINT-PAUL-LES-DAX
SP13030003,1 RUE VICTOR HUGO,40990 SAINT-PAUL-LES-DAX
SP13030004,1 RUE VICTOR HUGO,40990 SAINT-PAUL-LES-DAX
SP13030005,1 RUE VICTOR HUGO,40990 SAINT-PAUL-LES-DAX
SP13030006,1 RUE VICTOR HUGO,40990 SAINT-PAUL-LES-DAX
SP13030007,1 RUE VICTOR HUGO,40990 SAINT-PAUL-LES-DAX
SP13030008,1 RUE VICTOR HUGO,40990 SAINT-PAUL-LES-DAX
SP13030009,1 RUE VICTOR HUGO,40990 SAINT-PAUL-LES-DAX
SP13030010,1 RUE VICTOR HUGO,40990 SAINT-PAUL-LES-DAX
SP13030011,1 RUE VICTOR HUGO,40990 SAINT-PAUL-LES-DAX
SP13030012,1 RUE VICTOR HUGO,40990 SAINT-PAUL-LES-DAX
SP13030013,1 RUE VICTOR HUGO,40990 SAINT-PAUL-LES-DAX
SP13030014,1 RUE VICTOR HUGO,40990 SAINT-PAUL-LES-DAX
SP13030015,1 RUE VICTOR HUGO,40990 SAINT-PAUL-LES-DAX
SP13030016,1 RUE VICTOR HUGO,40990 SAINT-PAUL-LES-DAX
SP14010001,16 AVENUE NAPOLEON 1ER PROLONGEE,40990 SAINT-PAUL-LES-DAX
SP14010002,16 AVENUE NAPOLEON 1ER PROLONGEE,40990 SAINT-PAUL-LES-DAX
SP14010003,16 AVENUE NAPOLEON 1ER PROLONGEE,40990 SAINT-PAUL-LES-DAX
SP14010004,16 AVENUE NAPOLEON 1ER PROLONGEE,40990 SAINT-PAUL-LES-DAX
SP14010005,16 AVENUE NAPOLEON 1ER PROLONGEE,40990 SAINT-PAUL-LES-DAX
SP14010006,16 AVENUE NAPOLEON 1ER PROLONGEE,40990 SAINT-PAUL-LES-DAX
SP14010007,16 AVENUE NAPOLEON 1ER PROLONGEE,40990 SAINT-PAUL-LES-DAX
SP14010008,16 AVENUE NAPOLEON 1ER PROLONGEE,40990 SAINT-PAUL-LES-DAX
SP14010009,16 AVENUE NAPOLEON 1ER PROLONGEE,40990 SAINT-PAUL-LES-DAX
SP14010010,16 AVENUE NAPOLEON 1ER PROLONGEE,40990 SAINT-PAUL-LES-DAX
SP14010011,16 AVENUE NAPOLEON 1ER PROLONGEE,40990 SAINT-PAUL-LES-DAX
SP14010012,16 AVENUE NAPOLEON 1ER PROLONGEE,40990 SAINT-PAUL-LES-DAX
SP14010013,16 AVENUE NAPOLEON 1ER PROLONGEE,40990 SAINT-PAUL-LES-DAX
SP14010014,16 AVENUE NAPOLEON 1ER PROLONGEE,40990 SAINT-PAUL-LES-DAX
SP14010015,16 AVENUE NAPOLEON 1ER PROLONGEE,40990 SAINT-PAUL-LES-DAX
SP14010016,16 AVENUE NAPOLEON 1ER PROLONGEE,40990 SAINT-PAUL-LES-DAX
SP14010017,16 AVENUE NAPOLEON 1ER PROLONGEE,40990 SAINT-PAUL-LES-DAX
SP14010018,16 AVENUE NAPOLEON 1ER PROLONGEE,40990 SAINT-PAUL-LES-DAX
SP14010019,16 AVENUE NAPOLEON 1ER PROLONGEE,40990 SAINT-PAUL-LES-DAX
SP14010020,16 AVENUE NAPOLEON 1ER PROLONGEE,40990 SAINT-PAUL-LES-DAX
SP14010021,16 AVENUE NAPOLEON 1ER PROLONGEE,40990 SAINT-PAUL-LES-DAX
SP14010022,16 AVENUE NAPOLEON 1ER PROLONGEE,40990 SAINT-PAUL-LES-DAX
SP14010023,16 AVENUE NAPOLEON 1ER PROLONGEE,40990 SAINT-PAUL-LES-DAX
SP14010024,16 AVENUE NAPOLEON 1ER PROLONGEE,40990 SAINT-PAUL-LES-DAX
SP14010025,16 AVENUE NAPOLEON 1ER PROLONGEE,40990 SAINT-PAUL-LES-DAX
SP14010026,16 AVENUE NAPOLEON 1ER PROLONGEE,40990 SAINT-PAUL-LES-DAX
SP14010027,16 AVENUE NAPOLEON 1ER PROLONGEE,40990 SAINT-PAUL-LES-DAX
SP14010028,16 AVENUE NAPOLEON 1ER PROLONGEE,40990 SAINT-PAUL-LES-DAX
SP14010029,16 AVENUE NAPOLEON 1ER PROLONGEE,40990 SAINT-PAUL-LES-DAX
SP14010030,16 AVENUE NAPOLEON 1ER PROLONGEE,40990 SAINT-PAUL-LES-DAX
SP14010031,16 AVENUE NAPOLEON 1ER PROLONGEE,40990 SAINT-PAUL-LES-DAX
SP14010032,16 AVENUE NAPOLEON 1ER PROLONGEE,40990 SAINT-PAUL-LES-DAX
SP14010033,16 AVENUE NAPOLEON 1ER PROLONGEE,40990 SAINT-PAUL-LES-DAX
SP14010034,16 AVENUE NAPOLEON 1ER PROLONGEE,40990 SAINT-PAUL-LES-DAX
SP14010035,16 AVENUE NAPOLEON 1ER PROLONGEE,40990 SAINT-PAUL-LES-DAX
SP14010036,16 AVENUE NAPOLEON 1ER PROLONGEE,40990 SAINT-PAUL-LES-DAX
SP14010037,16 AVENUE NAPOLEON 1ER PROLONGEE,40990 SAINT-PAUL-LES-DAX
SP14010038,16 AVENUE NAPOLEON 1ER PROLONGEE,40990 SAINT-PAUL-LES-DAX
SP14010039,16 AVENUE NAPOLEON 1ER PROLONGEE,40990 SAINT-PAUL-LES-DAX
SP14010040,16 AVENUE NAPOLEON 1ER PROLONGEE,40990 SAINT-PAUL-LES-DAX
SP14010041,16 AVENUE NAPOLEON 1ER PROLONGEE,40990 SAINT-PAUL-LES-DAX
SP14010042,16 AVENUE NAPOLEON 1ER PROLONGEE,40990 SAINT-PAUL-LES-DAX
SP14010043,16 AVENUE NAPOLEON 1ER PROLONGEE,40990 SAINT-PAUL-LES-DAX
SP14010044,16 AVENUE NAPOLEON 1ER PROLONGEE,40990 SAINT-PAUL-LES-DAX
SP14010045,16 AVENUE NAPOLEON 1ER PROLONGEE,40990 SAINT-PAUL-LES-DAX
SP14010046,16 AVENUE NAPOLEON 1ER PROLONGEE,40990 SAINT-PAUL-LES-DAX
SP14010047,16 AVENUE NAPOLEON 1ER PROLONGEE,40990 SAINT-PAUL-LES-DAX
SP14010048,16 AVENUE NAPOLEON 1ER PROLONGEE,40990 SAINT-PAUL-LES-DAX
SP14010049,16 AVENUE NAPOLEON 1ER PROLONGEE,40990 SAINT-PAUL-LES-DAX
SP14010050,16 AVENUE NAPOLEON 1ER PROLONGEE,40990 SAINT-PAUL-LES-DAX
SP15010001,1 RUE DES MESANGES,40990 SAINT-PAUL-LES-DAX
SP15010002,1 RUE DES MESANGES,40990 SAINT-PAUL-LES-DAX
SP15010003,1 RUE DES MESANGES,40990 SAINT-PAUL-LES-DAX
SP15010004,1 RUE DES MESANGES,40990 SAINT-PAUL-LES-DAX
SP15010005,1 RUE DES MESANGES,40990 SAINT-PAUL-LES-DAX
SP15010006,1 RUE DES MESANGES,40990 SAINT-PAUL-LES-DAX
SP15010007,1 RUE DES MESANGES,40990 SAINT-PAUL-LES-DAX
SP15010008,1 RUE DES MESANGES,40990 SAINT-PAUL-LES-DAX
SP15010009,1 RUE DES MESANGES,40990 SAINT-PAUL-LES-DAX
SP15010010,1 RUE DES MESANGES,40990 SAINT-PAUL-LES-DAX
SP15010011,1 RUE DES MESANGES,40990 SAINT-PAUL-LES-DAX
SP15010012,1 RUE DES MESANGES,40990 SAINT-PAUL-LES-DAX
SP15010013,1 RUE DES MESANGES,40990 SAINT-PAUL-LES-DAX
SP15010014,1 RUE DES MESANGES,40990 SAINT-PAUL-LES-DAX
SP15010015,1 RUE DES MESANGES,40990 SAINT-PAUL-LES-DAX
SP15020001,18 AVENUE LEON DES LANDES,40990 SAINT-PAUL-LES-DAX
SP15020002,18 AVENUE LEON DES LANDES,40990 SAINT-PAUL-LES-DAX
SP15020003,18 AVENUE LEON DES LANDES,40990 SAINT-PAUL-LES-DAX
SP15020004,18 AVENUE LEON DES LANDES,40990 SAINT-PAUL-LES-DAX
SP15020005,18 AVENUE LEON DES LANDES,40990 SAINT-PAUL-LES-DAX
SP15020006,18 AVENUE LEON DES LANDES,40990 SAINT-PAUL-LES-DAX
SP15020007,18 AVENUE LEON DES LANDES,40990 SAINT-PAUL-LES-DAX
SP15020008,18 AVENUE LEON DES LANDES,40990 SAINT-PAUL-LES-DAX
SP15020009,18 AVENUE LEON DES LANDES,40990 SAINT-PAUL-LES-DAX
SP15020010,18 AVENUE LEON DES LANDES,40990 SAINT-PAUL-LES-DAX
SP15020011,18 AVENUE LEON DES LANDES,40990 SAINT-PAUL-LES-DAX
SP15020012,18 AVENUE LEON DES LANDES,40990 SAINT-PAUL-LES-DAX
SP15020013,18 AVENUE LEON DES LANDES,40990 SAINT-PAUL-LES-DAX
SP15020014,18 AVENUE LEON DES LANDES,40990 SAINT-PAUL-LES-DAX
SP15020015,18 AVENUE LEON DES LANDES,40990 SAINT-PAUL-LES-DAX
SP16010001,18 AVENUE NAPOLEON 1ER PROLONGEE,40990 SAINT-PAUL-LES-DAX
SP16010002,18 AVENUE NAPOLEON 1ER PROLONGEE,40990 SAINT-PAUL-LES-DAX
SP16010003,18 AVENUE NAPOLEON 1ER PROLONGEE,40990 SAINT-PAUL-LES-DAX
SP16010004,18 AVENUE NAPOLEON 1ER PROLONGEE,40990 SAINT-PAUL-LES-DAX
SP16010005,18 AVENUE NAPOLEON 1ER PROLONGEE,40990 SAINT-PAUL-LES-DAX
SP16010006,18 AVENUE NAPOLEON 1ER PROLONGEE,40990 SAINT-PAUL-LES-DAX
SP16010007,18 AVENUE NAPOLEON 1ER PROLONGEE,40990 SAINT-PAUL-LES-DAX
SP16010008,18 AVENUE NAPOLEON 1ER PROLONGEE,40990 SAINT-PAUL-LES-DAX
SP16010009,18 AVENUE NAPOLEON 1ER PROLONGEE,40990 SAINT-PAUL-LES-DAX
SP16010010,18 AVENUE NAPOLEON 1ER PROLONGEE,40990 SAINT-PAUL-LES-DAX
SP16010011,18 AVENUE NAPOLEON 1ER PROLONGEE,40990 SAINT-PAUL-LES-DAX
SP16010012,18 AVENUE NAPOLEON 1ER PROLONGEE,40990 SAINT-PAUL-LES-DAX
SP16010013,18 AVENUE NAPOLEON 1ER PROLONGEE,40990 SAINT-PAUL-LES-DAX
SP16010014,18 AVENUE NAPOLEON 1ER PROLONGEE,40990 SAINT-PAUL-LES-DAX
SP16010015,18 AVENUE NAPOLEON 1ER PROLONGEE,40990 SAINT-PAUL-LES-DAX
SP16020001,16 AVENUE NAPOLEON 1ER PROLONGEE,40990 SAINT-PAUL-LES-DAX
SP16020001,AVENUE NAPOLEON 1ER PROLONGEE,40990 SAINT-PAUL-LES-DAX
SP16020002,AVENUE NAPOLEON 1ER PROLONGEE,40990 SAINT-PAUL-LES-DAX
SP16020003,16 AVENUE NAPOLEON 1ER PROLONGEE,40990 SAINT-PAUL-LES-DAX
SP16020003,AVENUE NAPOLEON 1ER PROLONGEE,40990 SAINT-PAUL-LES-DAX
SP16020004,AVENUE NAPOLEON 1ER PROLONGEE,40990 SAINT-PAUL-LES-DAX
SP16020005,AVENUE NAPOLEON 1ER PROLONGEE,40990 SAINT-PAUL-LES-DAX
SP16020006,AVENUE NAPOLEON 1ER PROLONGEE,40990 SAINT-PAUL-LES-DAX
SP16020007,AVENUE NAPOLEON 1ER PROLONGEE,40990 SAINT-PAUL-LES-DAX
SP16020008,AVENUE NAPOLEON 1ER PROLONGEE,40990 SAINT-PAUL-LES-DAX
SP16020009,AVENUE NAPOLEON 1ER PROLONGEE,40990 SAINT-PAUL-LES-DAX
SP16020010,16 AVENUE NAPOLEON 1ER PROLONGEE,40990 SAINT-PAUL-LES-DAX
SP16020010,AVENUE NAPOLEON 1ER PROLONGEE,40990 SAINT-PAUL-LES-DAX
SP16020011,AVENUE NAPOLEON 1ER PROLONGEE,40990 SAINT-PAUL-LES-DAX
SP16020012,AVENUE NAPOLEON 1ER PROLONGEE,40990 SAINT-PAUL-LES-DAX
SP16020013,AVENUE NAPOLEON 1ER PROLONGEE,40990 SAINT-PAUL-LES-DAX
SP16020014,AVENUE NAPOLEON 1ER PROLONGEE,40990 SAINT-PAUL-LES-DAX
SP16020015,AVENUE NAPOLEON 1ER PROLONGEE,40990 SAINT-PAUL-LES-DAX
SP17010001,AVENUE NAPOLEON 1ER PROLONGEE,40990 SAINT-PAUL-LES-DAX
SP17010002,AVENUE NAPOLEON 1ER PROLONGEE,40990 SAINT-PAUL-LES-DAX
SP17010003,AVENUE NAPOLEON 1ER PROLONGEE,40990 SAINT-PAUL-LES-DAX
SP17010004,AVENUE NAPOLEON 1ER PROLONGEE,40990 SAINT-PAUL-LES-DAX
SP17010005,AVENUE NAPOLEON 1ER PROLONGEE,40990 SAINT-PAUL-LES-DAX
SP17010006,AVENUE NAPOLEON 1ER PROLONGEE,40990 SAINT-PAUL-LES-DAX
SP17010007,16 AVENUE NAPOLEON 1ER PROLONGEE,40990 SAINT-PAUL-LES-DAX
SP17010007,AVENUE NAPOLEON 1ER PROLONGEE,40990 SAINT-PAUL-LES-DAX
SP17010008,AVENUE NAPOLEON 1ER PROLONGEE,40990 SAINT-PAUL-LES-DAX
SP17010009,AVENUE NAPOLEON 1ER PROLONGEE,40990 SAINT-PAUL-LES-DAX
SP17010010,AVENUE NAPOLEON 1ER PROLONGEE,40990 SAINT-PAUL-LES-DAX
SP17010011,AVENUE NAPOLEON 1ER PROLONGEE,40990 SAINT-PAUL-LES-DAX
SP17010012,AVENUE NAPOLEON 1ER PROLONGEE,40990 SAINT-PAUL-LES-DAX
SP17010013,16 AVENUE NAPOLEON 1ER PROLONGEE,40990 SAINT-PAUL-LES-DAX
SP17010013,AVENUE NAPOLEON 1ER PROLONGEE,40990 SAINT-PAUL-LES-DAX
SP17010014,AVENUE NAPOLEON 1ER PROLONGEE,40990 SAINT-PAUL-LES-DAX
SP17010015,AVENUE NAPOLEON 1ER PROLONGEE,40990 SAINT-PAUL-LES-DAX
SP17020001,AVENUE NAPOLEON 1ER PROLONGEE,40990 SAINT-PAUL-LES-DAX
SP17020002,AVENUE NAPOLEON 1ER PROLONGEE,40990 SAINT-PAUL-LES-DAX
SP17020003,AVENUE NAPOLEON 1ER PROLONGEE,40990 SAINT-PAUL-LES-DAX
SP17020004,AVENUE NAPOLEON 1ER PROLONGEE,40990 SAINT-PAUL-LES-DAX
SP17020005,AVENUE NAPOLEON 1ER PROLONGEE,40990 SAINT-PAUL-LES-DAX
SP17020006,AVENUE NAPOLEON 1ER PROLONGEE,40990 SAINT-PAUL-LES-DAX
SP17020007,AVENUE NAPOLEON 1ER PROLONGEE,40990 SAINT-PAUL-LES-DAX
SP17020008,AVENUE NAPOLEON 1ER PROLONGEE,40990 SAINT-PAUL-LES-DAX
SP17020009,AVENUE NAPOLEON 1ER PROLONGEE,40990 SAINT-PAUL-LES-DAX
SP17020010,AVENUE NAPOLEON 1ER PROLONGEE,40990 SAINT-PAUL-LES-DAX
SP17020011,AVENUE NAPOLEON 1ER PROLONGEE,40990 SAINT-PAUL-LES-DAX
SP17020012,AVENUE NAPOLEON 1ER PROLONGEE,40990 SAINT-PAUL-LES-DAX
SP17020013,AVENUE NAPOLEON 1ER PROLONGEE,40990 SAINT-PAUL-LES-DAX
SP17020014,AVENUE NAPOLEON 1ER PROLONGEE,40990 SAINT-PAUL-LES-DAX
SP17020015,AVENUE NAPOLEON 1ER PROLONGEE,40990 SAINT-PAUL-LES-DAX
SP18010001,1 HAMEAU DU PETIT BELIOT,40990 SAINT-PAUL-LES-DAX
SP18010002,2 HAMEAU DU PETIT BELIOT,40990 SAINT-PAUL-LES-DAX
SP18010003,3 HAMEAU DU PETIT BELIOT,40990 SAINT-PAUL-LES-DAX
SP18010004,4 HAMEAU DU PETIT BELIOT,40990 SAINT-PAUL-LES-DAX
SP18010005,5 HAMEAU DU PETIT BELIOT,40990 SAINT-PAUL-LES-DAX
SP18010006,6 HAMEAU DU PETIT BELIOT,40990 SAINT-PAUL-LES-DAX
SP18010007,7 HAMEAU DU PETIT BELIOT,40990 SAINT-PAUL-LES-DAX
SP18010008,8 HAMEAU DU PETIT BELIOT,40990 SAINT-PAUL-LES-DAX
SP18010009,9 HAMEAU DU PETIT BELIOT,40990 SAINT-PAUL-LES-DAX
SP18010010,10 HAMEAU DU PETIT BELIOT,40990 SAINT-PAUL-LES-DAX
SP18010011,11 HAMEAU DU PETIT BELIOT,40990 SAINT-PAUL-LES-DAX
SP18010012,12 HAMEAU DU PETIT BELIOT,40990 SAINT-PAUL-LES-DAX
SP18010013,13 HAMEAU DU PETIT BELIOT,40990 SAINT-PAUL-LES-DAX
SP18010014,14 HAMEAU DU PETIT BELIOT,40990 SAINT-PAUL-LES-DAX
SP18010015,15 HAMEAU DU PETIT BELIOT,40990 SAINT-PAUL-LES-DAX
SP18010016,16 HAMEAU DU PETIT BELIOT,40990 SAINT-PAUL-LES-DAX
SP18010017,17 HAMEAU DU PETIT BELIOT,40990 SAINT-PAUL-LES-DAX
SP18010018,18 HAMEAU DU PETIT BELIOT,40990 SAINT-PAUL-LES-DAX
SP18010019,19 HAMEAU DU PETIT BELIOT,40990 SAINT-PAUL-LES-DAX
SP18010020,20 HAMEAU DU PETIT BELIOT,40990 SAINT-PAUL-LES-DAX
SP18010021,21 HAMEAU DU PETIT BELIOT,40990 SAINT-PAUL-LES-DAX
SP18010022,22 HAMEAU DU PETIT BELIOT,40990 SAINT-PAUL-LES-DAX
SP18010023,23 HAMEAU DU PETIT BELIOT,40990 SAINT-PAUL-LES-DAX
SP18010024,24 HAMEAU DU PETIT BELIOT,40990 SAINT-PAUL-LES-DAX
SP18010025,25 HAMEAU DU PETIT BELIOT,40990 SAINT-PAUL-LES-DAX
SP18010026,26 HAMEAU DU PETIT BELIOT,40990 SAINT-PAUL-LES-DAX
SP18010027,27 HAMEAU DU PETIT BELIOT,40990 SAINT-PAUL-LES-DAX
SP18010028,28 HAMEAU DU PETIT BELIOT,40990 SAINT-PAUL-LES-DAX
SP18010029,29 HAMEAU DU PETIT BELIOT,40990 SAINT-PAUL-LES-DAX
SP18010030,30 HAMEAU DU PETIT BELIOT,40990 SAINT-PAUL-LES-DAX
SP18010031,31 HAMEAU DU PETIT BELIOT,40990 SAINT-PAUL-LES-DAX
SP18010032,32 HAMEAU DU PETIT BELIOT,40990 SAINT-PAUL-LES-DAX
SP18010033,33 HAMEAU DU PETIT BELIOT,40990 SAINT-PAUL-LES-DAX
SP18010034,34 HAMEAU DU PETIT BELIOT,40990 SAINT-PAUL-LES-DAX
SP18010035,35 HAMEAU DU PETIT BELIOT,40990 SAINT-PAUL-LES-DAX
SP18010036,36 HAMEAU DU PETIT BELIOT,40990 SAINT-PAUL-LES-DAX
SP18010037,37 HAMEAU DU PETIT BELIOT,40990 SAINT-PAUL-LES-DAX
SP18010038,38 HAMEAU DU PETIT BELIOT,40990 SAINT-PAUL-LES-DAX
SP18010039,39 HAMEAU DU PETIT BELIOT,40990 SAINT-PAUL-LES-DAX
SP18010040,40 HAMEAU DU PETIT BELIOT,40990 SAINT-PAUL-LES-DAX
SP18010041,41 HAMEAU DU PETIT BELIOT,40990 SAINT-PAUL-LES-DAX
SP19010001,HAMEAU DU PETIT BELIOT,40990 SAINT-PAUL-LES-DAX
SP19010002,HAMEAU DU PETIT BELIOT,40990 SAINT-PAUL-LES-DAX
SP19010003,HAMEAU DU PETIT BELIOT,40990 SAINT-PAUL-LES-DAX
SP19010004,HAMEAU DU PETIT BELIOT,40990 SAINT-PAUL-LES-DAX
SP19010005,HAMEAU DU PETIT BELIOT,40990 SAINT-PAUL-LES-DAX
SP19010006,HAMEAU DU PETIT BELIOT,40990 SAINT-PAUL-LES-DAX
SP19010007,HAMEAU DU PETIT BELIOT,40990 SAINT-PAUL-LES-DAX
SP19010008,HAMEAU DU PETIT BELIOT,40990 SAINT-PAUL-LES-DAX
SP19010009,HAMEAU DU PETIT BELIOT,40990 SAINT-PAUL-LES-DAX
SP19010010,HAMEAU DU PETIT BELIOT,40990 SAINT-PAUL-LES-DAX
SP19010011,HAMEAU DU PETIT BELIOT,40990 SAINT-PAUL-LES-DAX
SP19010012,HAMEAU DU PETIT BELIOT,40990 SAINT-PAUL-LES-DAX
SP19010013,HAMEAU DU PETIT BELIOT,40990 SAINT-PAUL-LES-DAX
SP19010014,HAMEAU DU PETIT BELIOT,40990 SAINT-PAUL-LES-DAX
SP19010015,HAMEAU DU PETIT BELIOT,40990 SAINT-PAUL-LES-DAX
SP19010016,HAMEAU DU PETIT BELIOT,40990 SAINT-PAUL-LES-DAX
SP19010017,HAMEAU DU PETIT BELIOT,40990 SAINT-PAUL-LES-DAX
SP19010018,HAMEAU DU PETIT BELIOT,40990 SAINT-PAUL-LES-DAX
SP19010019,HAMEAU DU PETIT BELIOT,40990 SAINT-PAUL-LES-DAX
SP19010020,HAMEAU DU PETIT BELIOT,40990 SAINT-PAUL-LES-DAX
SP19010021,HAMEAU DU PETIT BELIOT,40990 SAINT-PAUL-LES-DAX
SP19010022,HAMEAU DU PETIT BELIOT,40990 SAINT-PAUL-LES-DAX
SP19010023,HAMEAU DU PETIT BELIOT,40990 SAINT-PAUL-LES-DAX
SP19010024,HAMEAU DU PETIT BELIOT,40990 SAINT-PAUL-LES-DAX
SP19020025,HAMEAU DU PETIT BELIOT,40990 SAINT-PAUL-LES-DAX
SP19020026,HAMEAU DU PETIT BELIOT,40990 SAINT-PAUL-LES-DAX
SP19020027,HAMEAU DU PETIT BELIOT,40990 SAINT-PAUL-LES-DAX
SP19020028,HAMEAU DU PETIT BELIOT,40990 SAINT-PAUL-LES-DAX
SP19020029,HAMEAU DU PETIT BELIOT,40990 SAINT-PAUL-LES-DAX
SP19020030,HAMEAU DU PETIT BELIOT,40990 SAINT-PAUL-LES-DAX
SP19020031,HAMEAU DU PETIT BELIOT,40990 SAINT-PAUL-LES-DAX
SP19020032,HAMEAU DU PETIT BELIOT,40990 SAINT-PAUL-LES-DAX
SP19020033,HAMEAU DU PETIT BELIOT,40990 SAINT-PAUL-LES-DAX
SP19020034,HAMEAU DU PETIT BELIOT,40990 SAINT-PAUL-LES-DAX
SP19020035,HAMEAU DU PETIT BELIOT,40990 SAINT-PAUL-LES-DAX
SP19020036,HAMEAU DU PETIT BELIOT,40990 SAINT-PAUL-LES-DAX
SP19020037,HAMEAU DU PETIT BELIOT,40990 SAINT-PAUL-LES-DAX
SP19020038,HAMEAU DU PETIT BELIOT,40990 SAINT-PAUL-LES-DAX
SP20010001,112 AVENUE DE LA RESISTANCE,40990 SAINT-PAUL-LES-DAX
SP20010002,112 AVENUE DE LA RESISTANCE,40990 SAINT-PAUL-LES-DAX
SP20010003,112 AVENUE DE LA RESISTANCE,40990 SAINT-PAUL-LES-DAX
SP20010004,112 AVENUE DE LA RESISTANCE,40990 SAINT-PAUL-LES-DAX
SP20010005,112 AVENUE DE LA RESISTANCE,40990 SAINT-PAUL-LES-DAX
SP20010006,112 AVENUE DE LA RESISTANCE,40990 SAINT-PAUL-LES-DAX
SP20010007,112 AVENUE DE LA RESISTANCE,40990 SAINT-PAUL-LES-DAX
SP20010008,112 AVENUE DE LA RESISTANCE,40990 SAINT-PAUL-LES-DAX
SP20010009,112 AVENUE DE LA RESISTANCE,40990 SAINT-PAUL-LES-DAX
SP20010010,112 AVENUE DE LA RESISTANCE,40990 SAINT-PAUL-LES-DAX
SP20010011,112 AVENUE DE LA RESISTANCE,40990 SAINT-PAUL-LES-DAX
SP20010012,112 AVENUE DE LA RESISTANCE,40990 SAINT-PAUL-LES-DAX
SP20010013,112 AVENUE DE LA RESISTANCE,40990 SAINT-PAUL-LES-DAX
SP20010014,112 AVENUE DE LA RESISTANCE,40990 SAINT-PAUL-LES-DAX
SP20010015,112 AVENUE DE LA RESISTANCE,40990 SAINT-PAUL-LES-DAX
SP20010016,112 AVENUE DE LA RESISTANCE,40990 SAINT-PAUL-LES-DAX
SP20010017,112 AVENUE DE LA RESISTANCE,40990 SAINT-PAUL-LES-DAX
SP22010001,PLACE DU MARCHE,40990 SAINT-PAUL-LES-DAX
SP22010002,PLACE DU MARCHE,40990 SAINT-PAUL-LES-DAX
SP22010003,PLACE DU MARCHE,40990 SAINT-PAUL-LES-DAX
SP22010004,PLACE DU MARCHE,40990 SAINT-PAUL-LES-DAX
SP22010005,PLACE DU MARCHE,40990 SAINT-PAUL-LES-DAX
SP22010006,PLACE DU MARCHE,40990 SAINT-PAUL-LES-DAX
SP22010007,PLACE DU MARCHE,40990 SAINT-PAUL-LES-DAX
SP22010008,PLACE DU MARCHE,40990 SAINT-PAUL-LES-DAX
SP22010009,PLACE DU MARCHE,40990 SAINT-PAUL-LES-DAX
SP22010010,PLACE DU MARCHE,40990 SAINT-PAUL-LES-DAX
SP23010001,68 HAMEAU DE LA VIEILLE FERME,40990 SAINT-PAUL-LES-DAX
SP23010002,66 HAMEAU DE LA VIEILLE FERME,40990 SAINT-PAUL-LES-DAX
SP23010003,64 HAMEAU DE LA VIEILLE FERME,40990 SAINT-PAUL-LES-DAX
SP23010004,62 HAMEAU DE LA VIEILLE FERME,40990 SAINT-PAUL-LES-DAX
SP23010005,60 HAMEAU DE LA VIEILLE FERME,40990 SAINT-PAUL-LES-DAX
SP23010006,58 HAMEAU DE LA VIEILLE FERME,40990 SAINT-PAUL-LES-DAX
SP23010007,56 HAMEAU DE LA VIEILLE FERME,40990 SAINT-PAUL-LES-DAX
SP23010008,54 HAMEAU DE LA VIEILLE FERME,40990 SAINT-PAUL-LES-DAX
SP23010009,52 HAMEAU DE LA VIEILLE FERME,40990 SAINT-PAUL-LES-DAX
SP23010010,50 HAMEAU DE LA VIEILLE FERME,40990 SAINT-PAUL-LES-DAX
SP23010011,48 HAMEAU DE LA VIEILLE FERME,40990 SAINT-PAUL-LES-DAX
SP23010012,46 HAMEAU DE LA VIEILLE FERME,40990 SAINT-PAUL-LES-DAX
SP23010013,44 HAMEAU DE LA VIEILLE FERME,40990 SAINT-PAUL-LES-DAX
SP23010014,42 HAMEAU DE LA VIEILLE FERME,40990 SAINT-PAUL-LES-DAX
SP23010015,40 HAMEAU DE LA VIEILLE FERME,40990 SAINT-PAUL-LES-DAX
SP23010016,38 HAMEAU DE LA VIEILLE FERME,40990 SAINT-PAUL-LES-DAX
SP23010017,36 HAMEAU DE LA VIEILLE FERME,40990 SAINT-PAUL-LES-DAX
SP23010018,34 HAMEAU DE LA VIEILLE FERME,40990 SAINT-PAUL-LES-DAX
SP23010019,32 HAMEAU DE LA VIEILLE FERME,40990 SAINT-PAUL-LES-DAX
SP23010020,30 HAMEAU DE LA VIEILLE FERME,40990 SAINT-PAUL-LES-DAX
SP23010021,28 HAMEAU DE LA VIEILLE FERME,40990 SAINT-PAUL-LES-DAX
SP23010022,26 HAMEAU DE LA VIEILLE FERME,40990 SAINT-PAUL-LES-DAX
SP23010023,24 HAMEAU DE LA VIEILLE FERME,40990 SAINT-PAUL-LES-DAX
SP23010024,22 HAMEAU DE LA VIEILLE FERME,40990 SAINT-PAUL-LES-DAX
SP23010025,20 HAMEAU DE LA VIEILLE FERME,40990 SAINT-PAUL-LES-DAX
SP23010026,18 HAMEAU DE LA VIEILLE FERME,40990 SAINT-PAUL-LES-DAX
SP23010027,16 HAMEAU DE LA VIEILLE FERME,40990 SAINT-PAUL-LES-DAX
SP23010028,14 HAMEAU DE LA VIEILLE FERME,40990 SAINT-PAUL-LES-DAX
SP23010029,12 HAMEAU DE LA VIEILLE FERME,40990 SAINT-PAUL-LES-DAX
SP23010030,10 HAMEAU DE LA VIEILLE FERME,40990 SAINT-PAUL-LES-DAX
SP23010031,8 HAMEAU DE LA VIEILLE FERME,40990 SAINT-PAUL-LES-DAX
SP23010032,6 HAMEAU DE LA VIEILLE FERME,40990 SAINT-PAUL-LES-DAX
SP23010033,4 HAMEAU DE LA VIEILLE FERME,40990 SAINT-PAUL-LES-DAX
SP23010034,2 HAMEAU DE LA VIEILLE FERME,40990 SAINT-PAUL-LES-DAX
SP24010001,24 RUE GAMBETTA,40990 SAINT-PAUL-LES-DAX
SP24010002,24 RUE GAMBETTA,40990 SAINT-PAUL-LES-DAX
SP24010003,24 RUE GAMBETTA,40990 SAINT-PAUL-LES-DAX
SP24010004,24 RUE GAMBETTA,40990 SAINT-PAUL-LES-DAX
SP24010005,24 RUE GAMBETTA,40990 SAINT-PAUL-LES-DAX
SP24010006,24 RUE GAMBETTA,40990 SAINT-PAUL-LES-DAX
SP24010007,24 RUE GAMBETTA,40990 SAINT-PAUL-LES-DAX
SP24010008,24 RUE GAMBETTA,40990 SAINT-PAUL-LES-DAX
SP24010009,24 RUE GAMBETTA,40990 SAINT-PAUL-LES-DAX
SP24010010,24 RUE GAMBETTA,40990 SAINT-PAUL-LES-DAX
SP25010001,115 AVENUE DE LA RESISTANCE,40990 SAINT-PAUL-LES-DAX
SP25010002,115 AVENUE DE LA RESISTANCE,40990 SAINT-PAUL-LES-DAX
SP25010003,115 AVENUE DE LA RESISTANCE,40990 SAINT-PAUL-LES-DAX
SP25010004,115 AVENUE DE LA RESISTANCE,40990 SAINT-PAUL-LES-DAX
SP25010005,115 AVENUE DE LA RESISTANCE,40990 SAINT-PAUL-LES-DAX
SP25010006,115 AVENUE DE LA RESISTANCE,40990 SAINT-PAUL-LES-DAX
SP25010007,115 AVENUE DE LA RESISTANCE,40990 SAINT-PAUL-LES-DAX
SP25010008,115 AVENUE DE LA RESISTANCE,40990 SAINT-PAUL-LES-DAX
SP25010009,115 AVENUE DE LA RESISTANCE,40990 SAINT-PAUL-LES-DAX
SP25010010,115 AVENUE DE LA RESISTANCE,40990 SAINT-PAUL-LES-DAX
SP25010011,115 AVENUE DE LA RESISTANCE,40990 SAINT-PAUL-LES-DAX
SP25010012,115 AVENUE DE LA RESISTANCE,40990 SAINT-PAUL-LES-DAX
SP26010001,21 BOULEVARD DU GENERAL DE GAULLE,40990 SAINT-PAUL-LES-DAX
SP26010002,21 BOULEVARD DU GENERAL DE GAULLE,40990 SAINT-PAUL-LES-DAX
SP26010003,21 BOULEVARD DU GENERAL DE GAULLE,40990 SAINT-PAUL-LES-DAX
SP26010004,21 BOULEVARD DU GENERAL DE GAULLE,40990 SAINT-PAUL-LES-DAX
SP26010005,21 BOULEVARD DU GENERAL DE GAULLE,40990 SAINT-PAUL-LES-DAX
SP26010006,21 BOULEVARD DU GENERAL DE GAULLE,40990 SAINT-PAUL-LES-DAX
SP26010007,21 BOULEVARD DU GENERAL DE GAULLE,40990 SAINT-PAUL-LES-DAX
SP26010008,21 BOULEVARD DU GENERAL DE GAULLE,40990 SAINT-PAUL-LES-DAX
SP26010009,21 BOULEVARD DU GENERAL DE GAULLE,40990 SAINT-PAUL-LES-DAX
SP27010001,78 VOIE PRIVEE DES FAONS,40990 SAINT-PAUL-LES-DAX
SP27010002,78 VOIE PRIVEE DES FAONS,40990 SAINT-PAUL-LES-DAX
SP27010003,78 VOIE PRIVEE DES FAONS,40990 SAINT-PAUL-LES-DAX
SP27010004,78 VOIE PRIVEE DES FAONS,40990 SAINT-PAUL-LES-DAX
SP27010005,78 VOIE PRIVEE DES FAONS,40990 SAINT-PAUL-LES-DAX
SP27010006,78 VOIE PRIVEE DES FAONS,40990 SAINT-PAUL-LES-DAX
SP27010007,78 VOIE PRIVEE DES FAONS,40990 SAINT-PAUL-LES-DAX
SP27010008,78 VOIE PRIVEE DES FAONS,40990 SAINT-PAUL-LES-DAX
SP27010009,78 VOIE PRIVEE DES FAONS,40990 SAINT-PAUL-LES-DAX
SP27020010,61 IMPASSE PRIVEE DES BROCARDS,40990 SAINT-PAUL-LES-DAX
SP27020011,61 IMPASSE PRIVEE DES BROCARDS,40990 SAINT-PAUL-LES-DAX
SP27020012,61 IMPASSE PRIVEE DES BROCARDS,40990 SAINT-PAUL-LES-DAX
SP27020013,61 IMPASSE PRIVEE DES BROCARDS,40990 SAINT-PAUL-LES-DAX
SP27020014,61 IMPASSE PRIVEE DES BROCARDS,40990 SAINT-PAUL-LES-DAX
SP27020015,61 IMPASSE PRIVEE DES BROCARDS,40990 SAINT-PAUL-LES-DAX
SP27020016,61 IMPASSE PRIVEE DES BROCARDS,40990 SAINT-PAUL-LES-DAX
SP27020017,61 IMPASSE PRIVEE DES BROCARDS,40990 SAINT-PAUL-LES-DAX
SP27020018,61 IMPASSE PRIVEE DES BROCARDS,40990 SAINT-PAUL-LES-DAX
SP27030019,29 IMPASSE PRIVEE DES BROCARDS,40990 SAINT-PAUL-LES-DAX
SP27030020,29 IMPASSE PRIVEE DES BROCARDS,40990 SAINT-PAUL-LES-DAX
SP27030021,29 IMPASSE PRIVEE DES BROCARDS,40990 SAINT-PAUL-LES-DAX
SP27030022,29 IMPASSE PRIVEE DES BROCARDS,40990 SAINT-PAUL-LES-DAX
SP27030023,29 IMPASSE PRIVEE DES BROCARDS,40990 SAINT-PAUL-LES-DAX
SP27030024,29 IMPASSE PRIVEE DES BROCARDS,40990 SAINT-PAUL-LES-DAX
SP27030025,29 IMPASSE PRIVEE DES BROCARDS,40990 SAINT-PAUL-LES-DAX
SP27030026,29 IMPASSE PRIVEE DES BROCARDS,40990 SAINT-PAUL-LES-DAX
SP27030027,29 IMPASSE PRIVEE DES BROCARDS,40990 SAINT-PAUL-LES-DAX
SP27040028,81 VOIE PRIVEE DES FAONS,40990 SAINT-PAUL-LES-DAX
SP27040029,81 VOIE PRIVEE DES FAONS,40990 SAINT-PAUL-LES-DAX
SP27040030,81 VOIE PRIVEE DES FAONS,40990 SAINT-PAUL-LES-DAX
SP27040031,81 VOIE PRIVEE DES FAONS,40990 SAINT-PAUL-LES-DAX
SP27040032,81 VOIE PRIVEE DES FAONS,40990 SAINT-PAUL-LES-DAX
SP27040033,81 VOIE PRIVEE DES FAONS,40990 SAINT-PAUL-LES-DAX
SP27040034,81 VOIE PRIVEE DES FAONS,40990 SAINT-PAUL-LES-DAX
SP27040035,81 VOIE PRIVEE DES FAONS,40990 SAINT-PAUL-LES-DAX
SP27040036,81 VOIE PRIVEE DES FAONS,40990 SAINT-PAUL-LES-DAX
SP27040037,81 VOIE PRIVEE DES FAONS,40990 SAINT-PAUL-LES-DAX
SP28010001,16 AVENUE NAPOLEON 1ER PROLONGEE,40990 SAINT-PAUL-LES-DAX
SP28010002,16 AVENUE NAPOLEON 1ER PROLONGEE,40990 SAINT-PAUL-LES-DAX
SP28010003,16 AVENUE NAPOLEON 1ER PROLONGEE,40990 SAINT-PAUL-LES-DAX
SP28010004,16 AVENUE NAPOLEON 1ER PROLONGEE,40990 SAINT-PAUL-LES-DAX
SP28010005,16 AVENUE NAPOLEON 1ER PROLONGEE,40990 SAINT-PAUL-LES-DAX
SP28010006,16 AVENUE NAPOLEON 1ER PROLONGEE,40990 SAINT-PAUL-LES-DAX
SP29010001,13 RUE HOCHE,40990 SAINT-PAUL-LES-DAX
SP29010002,13 RUE HOCHE,40990 SAINT-PAUL-LES-DAX
SP29010003,13 RUE HOCHE,40990 SAINT-PAUL-LES-DAX
SP29010004,13 RUE HOCHE,40990 SAINT-PAUL-LES-DAX
SP29010005,13 RUE HOCHE,40990 SAINT-PAUL-LES-DAX
SP29010006,13 RUE HOCHE,40990 SAINT-PAUL-LES-DAX
SP29010007,13 RUE HOCHE,40990 SAINT-PAUL-LES-DAX
SP29010008,13 RUE HOCHE,40990 SAINT-PAUL-LES-DAX
SP30010001,2 BIS RUE DU TUQUEOU,40990 SAINT-PAUL-LES-DAX
SP30010002,2 BIS RUE DU TUQUEOU,40990 SAINT-PAUL-LES-DAX
SP30010003,2 BIS RUE DU TUQUEOU,40990 SAINT-PAUL-LES-DAX
SP30010004,2 BIS RUE DU TUQUEOU,40990 SAINT-PAUL-LES-DAX
SP30010005,2 BIS RUE DU TUQUEOU,40990 SAINT-PAUL-LES-DAX
SP30010006,2 BIS RUE DU TUQUEOU,40990 SAINT-PAUL-LES-DAX
SP30010007,2 BIS RUE DU TUQUEOU,40990 SAINT-PAUL-LES-DAX
SP30010008,2 BIS RUE DU TUQUEOU,40990 SAINT-PAUL-LES-DAX
SP30010009,2 BIS RUE DU TUQUEOU,40990 SAINT-PAUL-LES-DAX
SP30010010,2 BIS RUE DU TUQUEOU,40990 SAINT-PAUL-LES-DAX
SP30010011,2 BIS RUE DU TUQUEOU,40990 SAINT-PAUL-LES-DAX
SP30020012,2 BIS RUE DU TUQUEOU,40990 SAINT-PAUL-LES-DAX
SP30020013,2 BIS RUE DU TUQUEOU,40990 SAINT-PAUL-LES-DAX
SP30020014,2 BIS RUE DU TUQUEOU,40990 SAINT-PAUL-LES-DAX
SP30020015,2 BIS RUE DU TUQUEOU,40990 SAINT-PAUL-LES-DAX
SP30030016,2 BIS RUE DU TUQUEOU,40990 SAINT-PAUL-LES-DAX
SP30030017,2 BIS RUE DU TUQUEOU,40990 SAINT-PAUL-LES-DAX
SP30030018,2 BIS RUE DU TUQUEOU,40990 SAINT-PAUL-LES-DAX
SP30030019,2 BIS RUE DU TUQUEOU,40990 SAINT-PAUL-LES-DAX
SP30030020,2 BIS RUE DU TUQUEOU,40990 SAINT-PAUL-LES-DAX
SP30030021,2 BIS RUE DU TUQUEOU,40990 SAINT-PAUL-LES-DAX
SP30030022,2 BIS RUE DU TUQUEOU,40990 SAINT-PAUL-LES-DAX
SP30030023,2 BIS RUE DU TUQUEOU,40990 SAINT-PAUL-LES-DAX
SP30030024,2 BIS RUE DU TUQUEOU,40990 SAINT-PAUL-LES-DAX
SP30040025,2 BIS RUE DU TUQUEOU,40990 SAINT-PAUL-LES-DAX
SP30040026,2 BIS RUE DU TUQUEOU,40990 SAINT-PAUL-LES-DAX
SP30040027,2 BIS RUE DU TUQUEOU,40990 SAINT-PAUL-LES-DAX
SP30040028,2 BIS RUE DU TUQUEOU,40990 SAINT-PAUL-LES-DAX
SP30040029,2 BIS RUE DU TUQUEOU,40990 SAINT-PAUL-LES-DAX
SP30040030,2 BIS RUE DU TUQUEOU,40990 SAINT-PAUL-LES-DAX
SP30040031,2 BIS RUE DU TUQUEOU,40990 SAINT-PAUL-LES-DAX
SP30040032,2 BIS RUE DU TUQUEOU,40990 SAINT-PAUL-LES-DAX
SP30040033,2 BIS RUE DU TUQUEOU,40990 SAINT-PAUL-LES-DAX
SP30050034,2 BIS RUE DU TUQUEOU,40990 SAINT-PAUL-LES-DAX
SP30050035,2 BIS RUE DU TUQUEOU,40990 SAINT-PAUL-LES-DAX
SP30050036,2 BIS RUE DU TUQUEOU,40990 SAINT-PAUL-LES-DAX
SP30050037,2 BIS RUE DU TUQUEOU,40990 SAINT-PAUL-LES-DAX
SP30050038,2 BIS RUE DU TUQUEOU,40990 SAINT-PAUL-LES-DAX
SP30050039,2 BIS RUE DU TUQUEOU,40990 SAINT-PAUL-LES-DAX
SP30050040,2 BIS RUE DU TUQUEOU,40990 SAINT-PAUL-LES-DAX
SP30050041,2 BIS RUE DU TUQUEOU,40990 SAINT-PAUL-LES-DAX
SP30050042,2 BIS RUE DU TUQUEOU,40990 SAINT-PAUL-LES-DAX
SP30050043,2 BIS RUE DU TUQUEOU,40990 SAINT-PAUL-LES-DAX
SP30050044,2 BIS RUE DU TUQUEOU,40990 SAINT-PAUL-LES-DAX
SP30060045,2 BIS RUE DU TUQUEOU,40990 SAINT-PAUL-LES-DAX
SP30060046,2 BIS RUE DU TUQUEOU,40990 SAINT-PAUL-LES-DAX
SP30060047,2 BIS RUE DU TUQUEOU,40990 SAINT-PAUL-LES-DAX
SP30060048,2 BIS RUE DU TUQUEOU,40990 SAINT-PAUL-LES-DAX
SP30070049,2 BIS RUE DU TUQUEOU,40990 SAINT-PAUL-LES-DAX
SP30070050,2 BIS RUE DU TUQUEOU,40990 SAINT-PAUL-LES-DAX
SP30070051,2 BIS RUE DU TUQUEOU,40990 SAINT-PAUL-LES-DAX
SP30070052,2 BIS RUE DU TUQUEOU,40990 SAINT-PAUL-LES-DAX
SP30070053,2 BIS RUE DU TUQUEOU,40990 SAINT-PAUL-LES-DAX
SP31010016,1 RUE DES MESANGES,40990 SAINT-PAUL-LES-DAX
SP32020201,90 ROUTE DE LESTRILLES,40990 SAINT-PAUL-LES-DAX
SP32020202,90 ROUTE DE LESTRILLES,40990 SAINT-PAUL-LES-DAX
SP32020203,90 ROUTE DE LESTRILLES,40990 SAINT-PAUL-LES-DAX
SP32020204,90 ROUTE DE LESTRILLES,40990 SAINT-PAUL-LES-DAX
SP32020205,90 ROUTE DE LESTRILLES,40990 SAINT-PAUL-LES-DAX
SP32020206,90 ROUTE DE LESTRILLES,40990 SAINT-PAUL-LES-DAX
SP32020207,90 ROUTE DE LESTRILLES,40990 SAINT-PAUL-LES-DAX
SP32020208,90 ROUTE DE LESTRILLES,40990 SAINT-PAUL-LES-DAX
SP32020209,90 ROUTE DE LESTRILLES,40990 SAINT-PAUL-LES-DAX
SP32020210,90 ROUTE DE LESTRILLES,40990 SAINT-PAUL-LES-DAX
SP32020211,90 ROUTE DE LESTRILLES,40990 SAINT-PAUL-LES-DAX
SP32020212,90 ROUTE DE LESTRILLES,40990 SAINT-PAUL-LES-DAX
SP32020213,90 ROUTE DE LESTRILLES,40990 SAINT-PAUL-LES-DAX
SP32020214,90 ROUTE DE LESTRILLES,40990 SAINT-PAUL-LES-DAX
SP32020215,90 ROUTE DE LESTRILLES,40990 SAINT-PAUL-LES-DAX
SP32020216,90 ROUTE DE LESTRILLES,40990 SAINT-PAUL-LES-DAX
SP32020217,90 ROUTE DE LESTRILLES,40990 SAINT-PAUL-LES-DAX
SP32020218,90 ROUTE DE LESTRILLES,40990 SAINT-PAUL-LES-DAX
SP32020219,90 ROUTE DE LESTRILLES,40990 SAINT-PAUL-LES-DAX
SP32020220,90 ROUTE DE LESTRILLES,40990 SAINT-PAUL-LES-DAX
SP32020221,90 ROUTE DE LESTRILLES,40990 SAINT-PAUL-LES-DAX
SP32020222,90 ROUTE DE LESTRILLES,40990 SAINT-PAUL-LES-DAX
SP32020223,90 ROUTE DE LESTRILLES,40990 SAINT-PAUL-LES-DAX
SP32020224,90 ROUTE DE LESTRILLES,40990 SAINT-PAUL-LES-DAX
SP32020225,90 ROUTE DE LESTRILLES,40990 SAINT-PAUL-LES-DAX
SP32020226,90 ROUTE DE LESTRILLES,40990 SAINT-PAUL-LES-DAX
SP32020227,90 ROUTE DE LESTRILLES,40990 SAINT-PAUL-LES-DAX
SP32020228,90 ROUTE DE LESTRILLES,40990 SAINT-PAUL-LES-DAX
SP32020229,90 ROUTE DE LESTRILLES,40990 SAINT-PAUL-LES-DAX
SP32020230,90 ROUTE DE LESTRILLES,40990 SAINT-PAUL-LES-DAX
SP32020231,90 ROUTE DE LESTRILLES,40990 SAINT-PAUL-LES-DAX
SP32020232,90 ROUTE DE LESTRILLES,40990 SAINT-PAUL-LES-DAX
SP32020233,90 ROUTE DE LESTRILLES,40990 SAINT-PAUL-LES-DAX
SP32020234,90 ROUTE DE LESTRILLES,40990 SAINT-PAUL-LES-DAX
SP32020235,90 ROUTE DE LESTRILLES,40990 SAINT-PAUL-LES-DAX
SP32020236,90 ROUTE DE LESTRILLES,40990 SAINT-PAUL-LES-DAX
SP32020237,90 ROUTE DE LESTRILLES,40990 SAINT-PAUL-LES-DAX
SP32020238,90 ROUTE DE LESTRILLES,40990 SAINT-PAUL-LES-DAX
SP32020239,90 ROUTE DE LESTRILLES,40990 SAINT-PAUL-LES-DAX
SP33010001,816 RUE DES CIBLES,40990 SAINT-PAUL-LES-DAX
SP33010002,816 RUE DES CIBLES,40990 SAINT-PAUL-LES-DAX
SP33010003,816 RUE DES CIBLES,40990 SAINT-PAUL-LES-DAX
SP33010004,816 RUE DES CIBLES,40990 SAINT-PAUL-LES-DAX
SP33010005,690 RUE DES CIBLES,40990 SAINT-PAUL-LES-DAX
SP33010006,690 RUE DES CIBLES,40990 SAINT-PAUL-LES-DAX
SP33010007,690 RUE DES CIBLES,40990 SAINT-PAUL-LES-DAX
SP33010008,690 RUE DES CIBLES,40990 SAINT-PAUL-LES-DAX
SP33020001,740 RUE DES CIBLES,40990 SAINT-PAUL-LES-DAX
SP33020002,740 RUE DES CIBLES,40990 SAINT-PAUL-LES-DAX
SP33020003,740 RUE DES CIBLES,40990 SAINT-PAUL-LES-DAX
SP33020004,740 RUE DES CIBLES,40990 SAINT-PAUL-LES-DAX
SP33020005,740 RUE DES CIBLES,40990 SAINT-PAUL-LES-DAX
SP33020006,740 RUE DES CIBLES,40990 SAINT-PAUL-LES-DAX
SP33020007,740 RUE DES CIBLES,40990 SAINT-PAUL-LES-DAX
SP33020008,740 RUE DES CIBLES,40990 SAINT-PAUL-LES-DAX
SP33020009,740 RUE DES CIBLES,40990 SAINT-PAUL-LES-DAX
SP33020010,740 RUE DES CIBLES,40990 SAINT-PAUL-LES-DAX
SP33020011,740 RUE DES CIBLES,40990 SAINT-PAUL-LES-DAX
SP33020012,740 RUE DES CIBLES,40990 SAINT-PAUL-LES-DAX
SP33020013,740 RUE DES CIBLES,40990 SAINT-PAUL-LES-DAX
SP33020014,740 RUE DES CIBLES,40990 SAINT-PAUL-LES-DAX
SP33020015,740 RUE DES CIBLES,40990 SAINT-PAUL-LES-DAX
SP33020016,740 RUE DES CIBLES,40990 SAINT-PAUL-LES-DAX
SP33020017,740 RUE DES CIBLES,40990 SAINT-PAUL-LES-DAX
SP33020018,740 RUE DES CIBLES,40990 SAINT-PAUL-LES-DAX
SP33020019,740 RUE DES CIBLES,40990 SAINT-PAUL-LES-DAX
SP33020020,740 RUE DES CIBLES,40990 SAINT-PAUL-LES-DAX
SP33020021,740 RUE DES CIBLES,40990 SAINT-PAUL-LES-DAX
SP33020022,740 RUE DES CIBLES,40990 SAINT-PAUL-LES-DAX
SP33020023,740 RUE DES CIBLES,40990 SAINT-PAUL-LES-DAX
SP33020024,740 RUE DES CIBLES,40990 SAINT-PAUL-LES-DAX
SP33020025,740 RUE DES CIBLES,40990 SAINT-PAUL-LES-DAX
SP33020026,740 RUE DES CIBLES,40990 SAINT-PAUL-LES-DAX
SP34010001,350 RUE MARC ABRAHAM,40990 SAINT-PAUL-LES-DAX
SP34010002,350 RUE MARC ABRAHAM,40990 SAINT-PAUL-LES-DAX
SP34010003,350 RUE MARC ABRAHAM,40990 SAINT-PAUL-LES-DAX
SP34010004,350 RUE MARC ABRAHAM,40990 SAINT-PAUL-LES-DAX
SP34010005,350 RUE MARC ABRAHAM,40990 SAINT-PAUL-LES-DAX
SP34010006,350 RUE MARC ABRAHAM,40990 SAINT-PAUL-LES-DAX
SP34010007,350 RUE MARC ABRAHAM,40990 SAINT-PAUL-LES-DAX
SP34010008,350 RUE MARC ABRAHAM,40990 SAINT-PAUL-LES-DAX
SP34010009,350 RUE MARC ABRAHAM,40990 SAINT-PAUL-LES-DAX
SP34010010,350 RUE MARC ABRAHAM,40990 SAINT-PAUL-LES-DAX
SP34010011,350 RUE MARC ABRAHAM,40990 SAINT-PAUL-LES-DAX
SP34010012,350 RUE MARC ABRAHAM,40990 SAINT-PAUL-LES-DAX
SP34010101,350 RUE MARC ABRAHAM,40990 SAINT-PAUL-LES-DAX
SP34010102,350 RUE MARC ABRAHAM,40990 SAINT-PAUL-LES-DAX
SP34010103,350 RUE MARC ABRAHAM,40990 SAINT-PAUL-LES-DAX
SP34010104,350 RUE MARC ABRAHAM,40990 SAINT-PAUL-LES-DAX
SP34010105,350 RUE MARC ABRAHAM,40990 SAINT-PAUL-LES-DAX
SP34010106,350 RUE MARC ABRAHAM,40990 SAINT-PAUL-LES-DAX
SP34010107,350 RUE MARC ABRAHAM,40990 SAINT-PAUL-LES-DAX
SP34010108,350 RUE MARC ABRAHAM,40990 SAINT-PAUL-LES-DAX
SP34010109,350 RUE MARC ABRAHAM,40990 SAINT-PAUL-LES-DAX
SP34010110,350 RUE MARC ABRAHAM,40990 SAINT-PAUL-LES-DAX
SP34010111,350 RUE MARC ABRAHAM,40990 SAINT-PAUL-LES-DAX
SP34010112,350 RUE MARC ABRAHAM,40990 SAINT-PAUL-LES-DAX
SP34010113,350 RUE MARC ABRAHAM,40990 SAINT-PAUL-LES-DAX
SP34010201,350 RUE MARC ABRAHAM,40990 SAINT-PAUL-LES-DAX
SP34010202,350 RUE MARC ABRAHAM,40990 SAINT-PAUL-LES-DAX
SP34010203,350 RUE MARC ABRAHAM,40990 SAINT-PAUL-LES-DAX
SP34010204,350 RUE MARC ABRAHAM,40990 SAINT-PAUL-LES-DAX
SP34010205,350 RUE MARC ABRAHAM,40990 SAINT-PAUL-LES-DAX
SP34010206,350 RUE MARC ABRAHAM,40990 SAINT-PAUL-LES-DAX
SP34010207,350 RUE MARC ABRAHAM,40990 SAINT-PAUL-LES-DAX
SP34010208,350 RUE MARC ABRAHAM,40990 SAINT-PAUL-LES-DAX
SP34010209,350 RUE MARC ABRAHAM,40990 SAINT-PAUL-LES-DAX
SP34010210,350 RUE MARC ABRAHAM,40990 SAINT-PAUL-LES-DAX
SP34010211,350 RUE MARC ABRAHAM,40990 SAINT-PAUL-LES-DAX
SP34010212,350 RUE MARC ABRAHAM,40990 SAINT-PAUL-LES-DAX
SP34010213,350 RUE MARC ABRAHAM,40990 SAINT-PAUL-LES-DAX
SP35010101,18 AVENUE NAPOLEON 1ER PROLONGEE,40990 SAINT-PAUL-LES-DAX
SP35010102,18 AVENUE NAPOLEON 1ER PROLONGEE,40990 SAINT-PAUL-LES-DAX
SP35010103,18 AVENUE NAPOLEON 1ER PROLONGEE,40990 SAINT-PAUL-LES-DAX
SP35010201,18 AVENUE NAPOLEON 1ER PROLONGEE,40990 SAINT-PAUL-LES-DAX
SP35010202,18 AVENUE NAPOLEON 1ER PROLONGEE,40990 SAINT-PAUL-LES-DAX
SP35010203,18 AVENUE NAPOLEON 1ER PROLONGEE,40990 SAINT-PAUL-LES-DAX
SP35020101,18 AVENUE NAPOLEON 1ER PROLONGEE,40990 SAINT-PAUL-LES-DAX
SP35020102,18 AVENUE NAPOLEON 1ER PROLONGEE,40990 SAINT-PAUL-LES-DAX
SP35020103,18 AVENUE NAPOLEON 1ER PROLONGEE,40990 SAINT-PAUL-LES-DAX
SP35020201,18 AVENUE NAPOLEON 1ER PROLONGEE,40990 SAINT-PAUL-LES-DAX
SP35020202,18 AVENUE NAPOLEON 1ER PROLONGEE,40990 SAINT-PAUL-LES-DAX
SP35020203,18 AVENUE NAPOLEON 1ER PROLONGEE,40990 SAINT-PAUL-LES-DAX
SP35030101,18 AVENUE NAPOLEON 1ER PROLONGEE,40990 SAINT-PAUL-LES-DAX
SP35030102,18 AVENUE NAPOLEON 1ER PROLONGEE,40990 SAINT-PAUL-LES-DAX
SP35030103,18 AVENUE NAPOLEON 1ER PROLONGEE,40990 SAINT-PAUL-LES-DAX
SP35030201,18 AVENUE NAPOLEON 1ER PROLONGEE,40990 SAINT-PAUL-LES-DAX
SP35030202,18 AVENUE NAPOLEON 1ER PROLONGEE,40990 SAINT-PAUL-LES-DAX
SP35030203,18 AVENUE NAPOLEON 1ER PROLONGEE,40990 SAINT-PAUL-LES-DAX
SR01010001,142 RUE DES PALOMBES,40430 SORE
SR01010002,140 RUE DES PALOMBES,40430 SORE
SR01010003,138 RUE DES PALOMBES,40430 SORE
SR01010004,136 RUE DES PALOMBES,40430 SORE
SR01010005,134 RUE DES PALOMBES,40430 SORE
SR02010001,65 RUE DES ROUQUETS,40430 SORE
SR02010002,67 RUE DES ROUQUETS,40430 SORE
SR02010003,71 RUE DES ROUQUETS,40430 SORE
SR02010004,69 RUE DES ROUQUETS,40430 SORE
SR02010005,73 RUE DES ROUQUETS,40430 SORE
SR02010006,75 RUE DES ROUQUETS,40430 SORE
SR03010001,165 RUE DE LA GROTTE,40430 SORE
SR03010002,170 RUE DE LA GROTTE,40430 SORE
SR03010003,183 RUE DE LA GROTTE,40430 SORE
SR03010004,220 RUE DE LA GROTTE,40430 SORE
SR03010005,191 RUE DE LA GROTTE,40430 SORE
SR03010006,205 RUE DE LA GROTTE,40430 SORE
SR03010007,217 RUE DE LA GROTTE,40430 SORE
SR03010009,254 RUE DE LA GROTTE,40430 SORE
SR03010010,270 RUE DE LA GROTTE,40430 SORE
SR03010012,291 RUE DE LA GROTTE,40430 SORE
SR04010008,233 RUE DE LA GROTTE,40430 SORE
SR04010011,273 RUE DE LA GROTTE,40430 SORE
SR05010013,331 RUE DE LA GROTTE,40430 SORE
SR05010014,333 RUE DE LA GROTTE,40430 SORE
SR05010015,337 RUE DE LA GROTTE,40430 SORE
SR05010017,343 RUE DE LA GROTTE,40430 SORE
SR05010018,345 RUE DE LA GROTTE,40430 SORE
SS02010001,137 AVENUE HAGENTHAL-LE-BAS,40250 SOUPROSSE
SS02010002,137 AVENUE HAGENTHAL-LE-BAS,40250 SOUPROSSE
SS02010003,137 AVENUE HAGENTHAL-LE-BAS,40250 SOUPROSSE
SS02010004,137 AVENUE HAGENTHAL-LE-BAS,40250 SOUPROSSE
SS02010005,137 AVENUE HAGENTHAL-LE-BAS,40250 SOUPROSSE
SS02010006,137 AVENUE HAGENTHAL-LE-BAS,40250 SOUPROSSE
ST02010001,2 PLACE DES CHEVREUILS,40140 SOUSTONS
ST02010002,4 PLACE DES CHEVREUILS,40140 SOUSTONS
ST02010003,6 PLACE DES CHEVREUILS,40140 SOUSTONS
ST02010004,8 PLACE DES CHEVREUILS,40140 SOUSTONS
ST02010005,10 PLACE DES CHEVREUILS,40140 SOUSTONS
ST02010006,12 PLACE DES CHEVREUILS,40140 SOUSTONS
ST02010007,14 PLACE DES CHEVREUILS,40140 SOUSTONS
ST02010008,16 PLACE DES CHEVREUILS,40140 SOUSTONS
ST02010009,18 PLACE DES CHEVREUILS,40140 SOUSTONS
ST02010010,20 PLACE DES CHEVREUILS,40140 SOUSTONS
ST02010011,22 PLACE DES CHEVREUILS,40140 SOUSTONS
ST02010012,24 PLACE DES CHEVREUILS,40140 SOUSTONS
ST02010013,26 PLACE DES CHEVREUILS,40140 SOUSTONS
ST02010014,30 PLACE DES CHEVREUILS,40140 SOUSTONS
ST02010015,5 ALLEE DES TOURTERELLES,40140 SOUSTONS
ST02010016,7 ALLEE DES TOURTERELLES,40140 SOUSTONS
ST02010017,9 ALLEE DES TOURTERELLES,40140 SOUSTONS
ST02010018,11 ALLEE DES TOURTERELLES,40140 SOUSTONS
ST02010019,13 ALLEE DES TOURTERELLES,40140 SOUSTONS
ST02010020,15 ALLEE DES TOURTERELLES,40140 SOUSTONS
ST03010002,4 CLOS DE PECHIQUE,40140 SOUSTONS
ST03010003,5 CLOS DE PECHIQUE,40140 SOUSTONS
ST03010004,7 CLOS DE PECHIQUE,40140 SOUSTONS
ST03010005,9 CLOS DE PECHIQUE,40140 SOUSTONS
ST03010006,6 CLOS DE PECHIQUE,40140 SOUSTONS
ST03010008,10 CLOS DE PECHIQUE,40140 SOUSTONS
ST03010009,12 CLOS DE PECHIQUE,40140 SOUSTONS
ST03010010,11 CLOS DE PECHIQUE,40140 SOUSTONS
ST03010011,13 CLOS DE PECHIQUE,40140 SOUSTONS
ST03010012,15 CLOS DE PECHIQUE,40140 SOUSTONS
ST03010014,16 CLOS DE PECHIQUE,40140 SOUSTONS
ST03010015,18 CLOS DE PECHIQUE,40140 SOUSTONS
ST03010017,17 CLOS DE PECHIQUE,40140 SOUSTONS
ST03010018,19 CLOS DE PECHIQUE,40140 SOUSTONS
ST03010019,1 CLOS DE PECHIQUE,40140 SOUSTONS
ST04010007,8 CLOS DE PECHIQUE,40140 SOUSTONS
ST04010013,14 CLOS DE PECHIQUE,40140 SOUSTONS
ST04010016,20 CLOS DE PECHIQUE,40140 SOUSTONS
ST05010001,20 SQUARE DU MERLOU,40140 SOUSTONS
ST05010002,21 SQUARE DU MERLOU,40140 SOUSTONS
ST05010003,22 SQUARE DU MERLOU,40140 SOUSTONS
ST05010004,23 SQUARE DU MERLOU,40140 SOUSTONS
ST05010005,24 SQUARE DU MERLOU,40140 SOUSTONS
ST05010006,1 SQUARE DU MERLOU,40140 SOUSTONS
ST05010007,2 SQUARE DU MERLOU,40140 SOUSTONS
ST05010008,3 SQUARE DU MERLOU,40140 SOUSTONS
ST05010009,4 SQUARE DU MERLOU,40140 SOUSTONS
ST05010010,5 SQUARE DU MERLOU,40140 SOUSTONS
ST05010011,6 SQUARE DU MERLOU,40140 SOUSTONS
ST05010012,7 SQUARE DU MERLOU,40140 SOUSTONS
ST05010013,8 SQUARE DU MERLOU,40140 SOUSTONS
ST05010014,9 SQUARE DU MERLOU,40140 SOUSTONS
ST05010015,10 SQUARE DU MERLOU,40140 SOUSTONS
ST05010016,11 SQUARE DU MERLOU,40140 SOUSTONS
ST05010017,12 SQUARE DU MERLOU,40140 SOUSTONS
ST05010018,13 SQUARE DU MERLOU,40140 SOUSTONS
ST05010019,14 SQUARE DU MERLOU,40140 SOUSTONS
ST05010020,15 SQUARE DU MERLOU,40140 SOUSTONS
ST05010021,16 SQUARE DU MERLOU,40140 SOUSTONS
ST05010022,17 SQUARE DU MERLOU,40140 SOUSTONS
ST05010023,18 SQUARE DU MERLOU,40140 SOUSTONS
ST05010024,19 SQUARE DU MERLOU,40140 SOUSTONS
ST06010001,4 ALLEE DE LABOUYRIE,40140 SOUSTONS
ST06010002,4 ALLEE DE LABOUYRIE,40140 SOUSTONS
ST06010003,4 ALLEE DE LABOUYRIE,40140 SOUSTONS
ST06010004,4 ALLEE DE LABOUYRIE,40140 SOUSTONS
ST06010005,4 ALLEE DE LABOUYRIE,40140 SOUSTONS
ST06010006,4 ALLEE DE LABOUYRIE,40140 SOUSTONS
ST06010007,4 ALLEE DE LABOUYRIE,40140 SOUSTONS
ST06020001,4 ALLEE DE LABOUYRIE,40140 SOUSTONS
ST06020002,4 ALLEE DE LABOUYRIE,40140 SOUSTONS
ST06020003,4 ALLEE DE LABOUYRIE,40140 SOUSTONS
ST06020004,4 ALLEE DE LABOUYRIE,40140 SOUSTONS
ST06020005,4 ALLEE DE LABOUYRIE,40140 SOUSTONS
ST06020006,4 ALLEE DE LABOUYRIE,40140 SOUSTONS
ST06020007,4 ALLEE DE LABOUYRIE,40140 SOUSTONS
ST06020008,4 ALLEE DE LABOUYRIE,40140 SOUSTONS
ST06020009,4 ALLEE DE LABOUYRIE,40140 SOUSTONS
ST06020010,4 ALLEE DE LABOUYRIE,40140 SOUSTONS
ST06020011,4 ALLEE DE LABOUYRIE,40140 SOUSTONS
ST06030001,4 ALLEE DE LABOUYRIE,40140 SOUSTONS
ST06030002,4 ALLEE DE LABOUYRIE,40140 SOUSTONS
ST06030003,4 ALLEE DE LABOUYRIE,40140 SOUSTONS
ST06030004,4 ALLEE DE LABOUYRIE,40140 SOUSTONS
ST06030005,4 ALLEE DE LABOUYRIE,40140 SOUSTONS
ST06030006,4 ALLEE DE LABOUYRIE,40140 SOUSTONS
ST06030007,4 ALLEE DE LABOUYRIE,40140 SOUSTONS
ST07010001,14 RUE NELSON MANDELA,40140 SOUSTONS
ST07010002,14 RUE NELSON MANDELA,40140 SOUSTONS
ST07010003,14 RUE NELSON MANDELA,40140 SOUSTONS
ST07010004,14 RUE NELSON MANDELA,40140 SOUSTONS
ST07010005,14 RUE NELSON MANDELA,40140 SOUSTONS
ST07010006,14 RUE NELSON MANDELA,40140 SOUSTONS
ST07010007,14 RUE NELSON MANDELA,40140 SOUSTONS
ST07010008,14 RUE NELSON MANDELA,40140 SOUSTONS
ST07010009,14 RUE NELSON MANDELA,40140 SOUSTONS
ST07010010,14 RUE NELSON MANDELA,40140 SOUSTONS
ST08010001,2 RUE DES AIGRETTES,40140 SOUSTONS
ST08010002,2 RUE DES AIGRETTES,40140 SOUSTONS
ST08010003,2 RUE DES AIGRETTES,40140 SOUSTONS
ST08010004,2 RUE DES AIGRETTES,40140 SOUSTONS
ST08010005,2 RUE DES AIGRETTES,40140 SOUSTONS
ST08010006,2 RUE DES AIGRETTES,40140 SOUSTONS
ST08010007,2 RUE DES AIGRETTES,40140 SOUSTONS
ST08010008,2 RUE DES AIGRETTES,40140 SOUSTONS
ST08010009,2 RUE DES AIGRETTES,40140 SOUSTONS
ST08010010,2 RUE DES AIGRETTES,40140 SOUSTONS
ST08010011,2 RUE DES AIGRETTES,40140 SOUSTONS
ST08010012,2 RUE DES AIGRETTES,40140 SOUSTONS
ST08010013,2 RUE DES AIGRETTES,40140 SOUSTONS
ST08010014,2 RUE DES AIGRETTES,40140 SOUSTONS
ST08010015,2 RUE DES AIGRETTES,40140 SOUSTONS
ST08010016,2 RUE DES AIGRETTES,40140 SOUSTONS
ST08020001,1 RUE DU PAPILLON,40140 SOUSTONS
ST08020002,1 RUE DU PAPILLON,40140 SOUSTONS
ST08020003,1 RUE DU PAPILLON,40140 SOUSTONS
ST08020004,1 RUE DU PAPILLON,40140 SOUSTONS
ST08020005,1 RUE DU PAPILLON,40140 SOUSTONS
ST08020006,1 RUE DU PAPILLON,40140 SOUSTONS
ST08020007,1 RUE DU PAPILLON,40140 SOUSTONS
ST08020008,1 RUE DU PAPILLON,40140 SOUSTONS
ST08020009,1 RUE DU PAPILLON,40140 SOUSTONS
ST08020010,1 RUE DU PAPILLON,40140 SOUSTONS
ST08020011,1 RUE DU PAPILLON,40140 SOUSTONS
ST08020012,1 RUE DU PAPILLON,40140 SOUSTONS
ST08020013,1 RUE DU PAPILLON,40140 SOUSTONS
ST08020014,1 RUE DU PAPILLON,40140 SOUSTONS
ST08020015,1 RUE DU PAPILLON,40140 SOUSTONS
ST08020016,1 RUE DU PAPILLON,40140 SOUSTONS
ST10010001,IMPASSE DE LA SCIERIE,40140 SOUSTONS
ST10010002,IMPASSE DE LA SCIERIE,40140 SOUSTONS
ST10010003,IMPASSE DE LA SCIERIE,40140 SOUSTONS
ST10010004,IMPASSE DE LA SCIERIE,40140 SOUSTONS
ST10010005,IMPASSE DE LA SCIERIE,40140 SOUSTONS
ST10010006,IMPASSE DE LA SCIERIE,40140 SOUSTONS
ST10010007,IMPASSE DE LA SCIERIE,40140 SOUSTONS
ST10010008,IMPASSE DE LA SCIERIE,40140 SOUSTONS
ST10010009,IMPASSE DE LA SCIERIE,40140 SOUSTONS
ST10010010,IMPASSE DE LA SCIERIE,40140 SOUSTONS
ST10010011,IMPASSE DE LA SCIERIE,40140 SOUSTONS
ST10010012,IMPASSE DE LA SCIERIE,40140 SOUSTONS
ST10010013,IMPASSE DE LA SCIERIE,40140 SOUSTONS
ST10010014,IMPASSE DE LA SCIERIE,40140 SOUSTONS
ST10010015,IMPASSE DE LA SCIERIE,40140 SOUSTONS
ST11010001,4 AVENUE DE LALIERE,40140 SOUSTONS
ST11010002,4 AVENUE DE LALIERE,40140 SOUSTONS
ST11010003,4 AVENUE DE LALIERE,40140 SOUSTONS
ST11010004,4 AVENUE DE LALIERE,40140 SOUSTONS
ST11010005,4 AVENUE DE LALIERE,40140 SOUSTONS
ST11010006,4 AVENUE DE LALIERE,40140 SOUSTONS
ST11010007,4 AVENUE DE LALIERE,40140 SOUSTONS
ST11010008,4 AVENUE DE LALIERE,40140 SOUSTONS
ST11010009,4 AVENUE DE LALIERE,40140 SOUSTONS
ST11010010,4 AVENUE DE LALIERE,40140 SOUSTONS
ST11010011,4 AVENUE DE LALIERE,40140 SOUSTONS
ST11010012,4 AVENUE DE LALIERE,40140 SOUSTONS
ST11010013,4 AVENUE DE LALIERE,40140 SOUSTONS
ST11010014,4 AVENUE DE LALIERE,40140 SOUSTONS
ST11010015,4 AVENUE DE LALIERE,40140 SOUSTONS
ST11010016,4 AVENUE DE LALIERE,40140 SOUSTONS
SU01010001,6 RUE LACAVE,40180 SAUBUSSE
SU01010002,8 RUE LACAVE,40180 SAUBUSSE
SU01010003,10 RUE LACAVE,40180 SAUBUSSE
SU01010004,12 RUE LACAVE,40180 SAUBUSSE
SU01010005,14 RUE LACAVE,40180 SAUBUSSE
SV01220114,RUE JEAN MOULIN,40990 SAINT-VINCENT-DE-PAUL
SV01220120,RUE JEAN MOULIN,40990 SAINT-VINCENT-DE-PAUL
SV01220144,RUE JEAN MOULIN,40990 SAINT-VINCENT-DE-PAUL
SV01220150,RUE JEAN MOULIN,40990 SAINT-VINCENT-DE-PAUL
SV01220214,IMPASSE OCEANE,40990 SAINT-VINCENT-DE-PAUL
SV01220215,IMPASSE OCEANE,40990 SAINT-VINCENT-DE-PAUL
SV01220228,IMPASSE OCEANE,40990 SAINT-VINCENT-DE-PAUL
SV01220232,IMPASSE OCEANE,40990 SAINT-VINCENT-DE-PAUL
SV01220233,IMPASSE OCEANE,40990 SAINT-VINCENT-DE-PAUL
SV01220316,IMPASSE DES PYRENEES,40990 SAINT-VINCENT-DE-PAUL
SV01220317,IMPASSE DES PYRENEES,40990 SAINT-VINCENT-DE-PAUL
SV01220324,IMPASSE DES PYRENEES,40990 SAINT-VINCENT-DE-PAUL
SV01220325,IMPASSE DES PYRENEES,40990 SAINT-VINCENT-DE-PAUL
SV01220342,IMPASSE DES PYRENEES,40990 SAINT-VINCENT-DE-PAUL
SV01220343,IMPASSE DES PYRENEES,40990 SAINT-VINCENT-DE-PAUL
SV01220350,IMPASSE DES PYRENEES,40990 SAINT-VINCENT-DE-PAUL
SV01220351,IMPASSE DES PYRENEES,40990 SAINT-VINCENT-DE-PAUL
SV01220366,IMPASSE DES PYRENEES,40990 SAINT-VINCENT-DE-PAUL
SV01220367,IMPASSE DES PYRENEES,40990 SAINT-VINCENT-DE-PAUL
SV01220370,IMPASSE DES PYRENEES,40990 SAINT-VINCENT-DE-PAUL
SV01220372,IMPASSE DES PYRENEES,40990 SAINT-VINCENT-DE-PAUL
SV01220373,IMPASSE DES PYRENEES,40990 SAINT-VINCENT-DE-PAUL
SV02120001,960 AVENUE DU 19 MARS 1962,40990 SAINT-VINCENT-DE-PAUL
SV02120002,960 AVENUE DU 19 MARS 1962,40990 SAINT-VINCENT-DE-PAUL
SV02120003,960 AVENUE DU 19 MARS 1962,40990 SAINT-VINCENT-DE-PAUL
SV02120004,960 AVENUE DU 19 MARS 1962,40990 SAINT-VINCENT-DE-PAUL
SV02120005,960 AVENUE DU 19 MARS 1962,40990 SAINT-VINCENT-DE-PAUL
SV02120006,960 AVENUE DU 19 MARS 1962,40990 SAINT-VINCENT-DE-PAUL
SV02120007,960 AVENUE DU 19 MARS 1962,40990 SAINT-VINCENT-DE-PAUL
SV02120008,960 AVENUE DU 19 MARS 1962,40990 SAINT-VINCENT-DE-PAUL
SV02120009,960 AVENUE DU 19 MARS 1962,40990 SAINT-VINCENT-DE-PAUL
SV02120010,960 AVENUE DU 19 MARS 1962,40990 SAINT-VINCENT-DE-PAUL
SV02120011,960 AVENUE DU 19 MARS 1962,40990 SAINT-VINCENT-DE-PAUL
SV02120012,960 AVENUE DU 19 MARS 1962,40990 SAINT-VINCENT-DE-PAUL
SV03010001,304 RUE DES PELERINS,40990 SAINT-VINCENT-DE-PAUL
SV03010002,304 RUE DES PELERINS,40990 SAINT-VINCENT-DE-PAUL
SV03010003,304 RUE DES PELERINS,40990 SAINT-VINCENT-DE-PAUL
SV03010004,304 RUE DES PELERINS,40990 SAINT-VINCENT-DE-PAUL
SV03020001,304 RUE DES PELERINS,40990 SAINT-VINCENT-DE-PAUL
SV03020002,304 RUE DES PELERINS,40990 SAINT-VINCENT-DE-PAUL
SV03020003,304 RUE DES PELERINS,40990 SAINT-VINCENT-DE-PAUL
SV03020004,304 RUE DES PELERINS,40990 SAINT-VINCENT-DE-PAUL
SV03020007,304 RUE DES PELERINS,40990 SAINT-VINCENT-DE-PAUL
SV03020008,304 RUE DES PELERINS,40990 SAINT-VINCENT-DE-PAUL
SV03020009,304 RUE DES PELERINS,40990 SAINT-VINCENT-DE-PAUL
SV03020012,304 RUE DES PELERINS,40990 SAINT-VINCENT-DE-PAUL
SV03020013,304 RUE DES PELERINS,40990 SAINT-VINCENT-DE-PAUL
SV03020014,304 RUE DES PELERINS,40990 SAINT-VINCENT-DE-PAUL
SV03020015,304 RUE DES PELERINS,40990 SAINT-VINCENT-DE-PAUL
SV03020016,304 RUE DES PELERINS,40990 SAINT-VINCENT-DE-PAUL
SV03020017,304 RUE DES PELERINS,40990 SAINT-VINCENT-DE-PAUL
SV03020018,304 RUE DES PELERINS,40990 SAINT-VINCENT-DE-PAUL
SV03030005,304 RUE DES PELERINS,40990 SAINT-VINCENT-DE-PAUL
SV03030006,304 RUE DES PELERINS,40990 SAINT-VINCENT-DE-PAUL
SV03030010,304 RUE DES PELERINS,40990 SAINT-VINCENT-DE-PAUL
SV03030011,304 RUE DES PELERINS,40990 SAINT-VINCENT-DE-PAUL
SV03030019,304 RUE DES PELERINS,40990 SAINT-VINCENT-DE-PAUL
SV03030020,304 RUE DES PELERINS,40990 SAINT-VINCENT-DE-PAUL
SV04010001,335 ROUTE DE M VINCENT,40990 SAINT-VINCENT-DE-PAUL
SV04010002,335 ROUTE DE M VINCENT,40990 SAINT-VINCENT-DE-PAUL
SV04010003,335 ROUTE DE M VINCENT,40990 SAINT-VINCENT-DE-PAUL
SV04010004,335 ROUTE DE M VINCENT,40990 SAINT-VINCENT-DE-PAUL
SV04010005,335 ROUTE DE M VINCENT,40990 SAINT-VINCENT-DE-PAUL
SV04010006,335 ROUTE DE M VINCENT,40990 SAINT-VINCENT-DE-PAUL
SV04010007,335 ROUTE DE M VINCENT,40990 SAINT-VINCENT-DE-PAUL
SV04010008,335 ROUTE DE M VINCENT,40990 SAINT-VINCENT-DE-PAUL
SV04010009,335 ROUTE DE M VINCENT,40990 SAINT-VINCENT-DE-PAUL
SV04010010,335 ROUTE DE M VINCENT,40990 SAINT-VINCENT-DE-PAUL
SV04010011,335 ROUTE DE M VINCENT,40990 SAINT-VINCENT-DE-PAUL
SV04010012,335 ROUTE DE M VINCENT,40990 SAINT-VINCENT-DE-PAUL
SV05010001,220 RUE JEAN MOULIN,40990 SAINT-VINCENT-DE-PAUL
SV05010002,220 RUE JEAN MOULIN,40990 SAINT-VINCENT-DE-PAUL
SV05010003,220 RUE JEAN MOULIN,40990 SAINT-VINCENT-DE-PAUL
SV05010004,220 RUE JEAN MOULIN,40990 SAINT-VINCENT-DE-PAUL
SV05010005,220 RUE JEAN MOULIN,40990 SAINT-VINCENT-DE-PAUL
SV05010006,220 RUE JEAN MOULIN,40990 SAINT-VINCENT-DE-PAUL
SV05010010,220 RUE JEAN MOULIN,40990 SAINT-VINCENT-DE-PAUL
SV05010011,220 RUE JEAN MOULIN,40990 SAINT-VINCENT-DE-PAUL
SV05020001,220 RUE JEAN MOULIN,40990 SAINT-VINCENT-DE-PAUL
SV05020002,220 RUE JEAN MOULIN,40990 SAINT-VINCENT-DE-PAUL
SV05020003,220 RUE JEAN MOULIN,40990 SAINT-VINCENT-DE-PAUL
SV05020004,220 RUE JEAN MOULIN,40990 SAINT-VINCENT-DE-PAUL
SV05020005,220 RUE JEAN MOULIN,40990 SAINT-VINCENT-DE-PAUL
SV05020006,220 RUE JEAN MOULIN,40990 SAINT-VINCENT-DE-PAUL
SV05020010,220 RUE JEAN MOULIN,40990 SAINT-VINCENT-DE-PAUL
SV05020011,220 RUE JEAN MOULIN,40990 SAINT-VINCENT-DE-PAUL
SV05030001,220 RUE JEAN MOULIN,40990 SAINT-VINCENT-DE-PAUL
SV05030002,220 RUE JEAN MOULIN,40990 SAINT-VINCENT-DE-PAUL
SV05030003,220 RUE JEAN MOULIN,40990 SAINT-VINCENT-DE-PAUL
SV05030004,220 RUE JEAN MOULIN,40990 SAINT-VINCENT-DE-PAUL
SV05030005,220 RUE JEAN MOULIN,40990 SAINT-VINCENT-DE-PAUL
SV05030006,220 RUE JEAN MOULIN,40990 SAINT-VINCENT-DE-PAUL
SV05030010,220 RUE JEAN MOULIN,40990 SAINT-VINCENT-DE-PAUL
SV05030011,220 RUE JEAN MOULIN,40990 SAINT-VINCENT-DE-PAUL
SV06010001,352 RUE DES JONQUILLES,40990 SAINT-VINCENT-DE-PAUL
SV06010002,352 RUE DES JONQUILLES,40990 SAINT-VINCENT-DE-PAUL
SV06010005,352 RUE DES JONQUILLES,40990 SAINT-VINCENT-DE-PAUL
SV06010006,352 RUE DES JONQUILLES,40990 SAINT-VINCENT-DE-PAUL
SV06020003,352 RUE DES JONQUILLES,40990 SAINT-VINCENT-DE-PAUL
SV06020004,352 RUE DES JONQUILLES,40990 SAINT-VINCENT-DE-PAUL
SV06020007,352 RUE DES JONQUILLES,40990 SAINT-VINCENT-DE-PAUL
SV06020008,352 RUE DES JONQUILLES,40990 SAINT-VINCENT-DE-PAUL
SX01010101,328 ROUTE DU BOURG,40390 SAINT-ANDRE-DE-SEIGNANX
SX01010102,328 ROUTE DU BOURG,40390 SAINT-ANDRE-DE-SEIGNANX
SX01010103,328 ROUTE DU BOURG,40390 SAINT-ANDRE-DE-SEIGNANX
SX01010104,328 ROUTE DU BOURG,40390 SAINT-ANDRE-DE-SEIGNANX
SX01010201,328 ROUTE DU BOURG,40390 SAINT-ANDRE-DE-SEIGNANX
SX01010202,328 ROUTE DU BOURG,40390 SAINT-ANDRE-DE-SEIGNANX
SX01010203,328 ROUTE DU BOURG,40390 SAINT-ANDRE-DE-SEIGNANX
SX01010204,328 ROUTE DU BOURG,40390 SAINT-ANDRE-DE-SEIGNANX
SY01280001,RUE DU PIRON,40180 SEYRESSE
SY01280002,RUE DU PIRON,40180 SEYRESSE
SY01280003,RUE DU PIRON,40180 SEYRESSE
SY01280004,RUE DU PIRON,40180 SEYRESSE
SY01280005,RUE DU PIRON,40180 SEYRESSE
SY01280006,RUE DU PIRON,40180 SEYRESSE
SY01280007,RUE DU PIRON,40180 SEYRESSE
SY01280008,RUE DU PIRON,40180 SEYRESSE
SY01280009,RUE DU PIRON,40180 SEYRESSE
SY01280010,RUE DU PIRON,40180 SEYRESSE
SY01280011,RUE DU PIRON,40180 SEYRESSE
SY01280012,RUE DU PIRON,40180 SEYRESSE
SY01280013,RUE DU PIRON,40180 SEYRESSE
SY01280014,RUE DU PIRON,40180 SEYRESSE
SY01280015,RUE DU PIRON,40180 SEYRESSE
SY01280016,RUE DU PIRON,40180 SEYRESSE
SY01280017,RUE DU PIRON,40180 SEYRESSE
SY01280018,RUE DU PIRON,40180 SEYRESSE
SY01280019,RUE DU PIRON,40180 SEYRESSE
SY01280020,RUE DU PIRON,40180 SEYRESSE
SY01280021,RUE DU PIRON,40180 SEYRESSE
SY01280022,RUE DU PIRON,40180 SEYRESSE
SY01280023,RUE DU PIRON,40180 SEYRESSE
SY01280024,RUE DU PIRON,40180 SEYRESSE
SY01280025,RUE DU PIRON,40180 SEYRESSE
SY01280027,RUE DU PIRON,40180 SEYRESSE
SY01280029,RUE DU PIRON,40180 SEYRESSE
SY01280031,RUE DU PIRON,40180 SEYRESSE
TB01170001,RESIDENCE LE BOSQUET,40180 TERCIS-LES-BAINS
TB01170002,RESIDENCE LE BOSQUET,40180 TERCIS-LES-BAINS
TB01170003,RESIDENCE LE BOSQUET,40180 TERCIS-LES-BAINS
TB01170005,RESIDENCE LE BOSQUET,40180 TERCIS-LES-BAINS
TB01170006,RESIDENCE LE BOSQUET,40180 TERCIS-LES-BAINS
TB01170007,RESIDENCE LE BOSQUET,40180 TERCIS-LES-BAINS
TB01170008,RESIDENCE LE BOSQUET,40180 TERCIS-LES-BAINS
TB01170009,RESIDENCE LE BOSQUET,40180 TERCIS-LES-BAINS
TB01170010,RESIDENCE LE BOSQUET,40180 TERCIS-LES-BAINS
TB01170012,RESIDENCE LE BOSQUET,40180 TERCIS-LES-BAINS
TB01170013,RESIDENCE LE BOSQUET,40180 TERCIS-LES-BAINS
TB01170014,RESIDENCE LE BOSQUET,40180 TERCIS-LES-BAINS
TB01170015,RESIDENCE LE BOSQUET,40180 TERCIS-LES-BAINS
TB01170016,RESIDENCE LE BOSQUET,40180 TERCIS-LES-BAINS
TB01170017,RESIDENCE LE BOSQUET,40180 TERCIS-LES-BAINS
TB02020001,2 RUE DE LA MAIRIE,40180 TERCIS-LES-BAINS
TB02020004,2 RUE DE LA MAIRIE,40180 TERCIS-LES-BAINS
TB02030002,2 RUE DE LA MAIRIE,40180 TERCIS-LES-BAINS
TB02030003,2 RUE DE LA MAIRIE,40180 TERCIS-LES-BAINS
TB02030005,2 RUE DE LA MAIRIE,40180 TERCIS-LES-BAINS
TN01270501,5 RUE ANDRE BOUILLAR,40220 TARNOS
TN01270502,5 RUE ANDRE BOUILLAR,40220 TARNOS
TN01270511,5 RUE ANDRE BOUILLAR,40220 TARNOS
TN01270512,5 RUE ANDRE BOUILLAR,40220 TARNOS
TN01270513,5 RUE ANDRE BOUILLAR,40220 TARNOS
TN01270521,5 RUE ANDRE BOUILLAR,40220 TARNOS
TN01270522,5 RUE ANDRE BOUILLAR,40220 TARNOS
TN01270523,5 RUE ANDRE BOUILLAR,40220 TARNOS
TN01270701,7 RUE ANDRE BOUILLAR,40220 TARNOS
TN01270702,7 RUE ANDRE BOUILLAR,40220 TARNOS
TN01270711,7 RUE ANDRE BOUILLAR,40220 TARNOS
TN01270712,7 RUE ANDRE BOUILLAR,40220 TARNOS
TN01270713,7 RUE ANDRE BOUILLAR,40220 TARNOS
TN01270721,7 RUE ANDRE BOUILLAR,40220 TARNOS
TN01270722,7 RUE ANDRE BOUILLAR,40220 TARNOS
TN01270731,7 RUE ANDRE BOUILLAR,40220 TARNOS
TN01270732,7 RUE ANDRE BOUILLAR,40220 TARNOS
TN01270733,7 RUE ANDRE BOUILLAR,40220 TARNOS
TN01270901,9 RUE ANDRE BOUILLAR,40220 TARNOS
TN01270902,9 RUE ANDRE BOUILLAR,40220 TARNOS
TN01270911,9 RUE ANDRE BOUILLAR,40220 TARNOS
TN01270912,9 RUE ANDRE BOUILLAR,40220 TARNOS
TN01270913,9 RUE ANDRE BOUILLAR,40220 TARNOS
TN01270921,9 RUE ANDRE BOUILLAR,40220 TARNOS
TN01270922,9 RUE ANDRE BOUILLAR,40220 TARNOS
TN01270931,9 RUE ANDRE BOUILLAR,40220 TARNOS
TN01270932,9 RUE ANDRE BOUILLAR,40220 TARNOS
TN03010001,5 RUE DU DOCTEUR GRONICH,40220 TARNOS
TN03010002,5 RUE DU DOCTEUR GRONICH,40220 TARNOS
TN03010003,5 RUE DU DOCTEUR GRONICH,40220 TARNOS
TN03010004,5 RUE DU DOCTEUR GRONICH,40220 TARNOS
TN03010005,5 RUE DU DOCTEUR GRONICH,40220 TARNOS
TN03010006,5 RUE DU DOCTEUR GRONICH,40220 TARNOS
TN03010007,5 RUE DU DOCTEUR GRONICH,40220 TARNOS
TN03010008,5 RUE DU DOCTEUR GRONICH,40220 TARNOS
TN03010009,7 RUE DU DOCTEUR GRONICH,40220 TARNOS
TN03010010,7 RUE DU DOCTEUR GRONICH,40220 TARNOS
TN03010011,7 RUE DU DOCTEUR GRONICH,40220 TARNOS
TN03010012,7 RUE DU DOCTEUR GRONICH,40220 TARNOS
TN03010013,7 RUE DU DOCTEUR GRONICH,40220 TARNOS
TN03010014,7 RUE DU DOCTEUR GRONICH,40220 TARNOS
TN03010015,7 RUE DU DOCTEUR GRONICH,40220 TARNOS
TN03010016,7 RUE DU DOCTEUR GRONICH,40220 TARNOS
TN03020001,3 RUE DU DOCTEUR GRONICH,40220 TARNOS
TN03020002,3 RUE DU DOCTEUR GRONICH,40220 TARNOS
TN03020003,3 RUE DU DOCTEUR GRONICH,40220 TARNOS
TN03020004,3 RUE DU DOCTEUR GRONICH,40220 TARNOS
TN03020005,3 RUE DU DOCTEUR GRONICH,40220 TARNOS
TN03020006,3 RUE DU DOCTEUR GRONICH,40220 TARNOS
TN03020007,3 RUE DU DOCTEUR GRONICH,40220 TARNOS
TN03020008,3 RUE DU DOCTEUR GRONICH,40220 TARNOS
TN03030001,1 RUE DU DOCTEUR GRONICH,40220 TARNOS
TN03030002,1 RUE DU DOCTEUR GRONICH,40220 TARNOS
TN03030003,1 RUE DU DOCTEUR GRONICH,40220 TARNOS
TN03030004,1 RUE DU DOCTEUR GRONICH,40220 TARNOS
TN03030005,1 RUE DU DOCTEUR GRONICH,40220 TARNOS
TN03030006,1 RUE DU DOCTEUR GRONICH,40220 TARNOS
TN03030007,1 RUE DU DOCTEUR GRONICH,40220 TARNOS
TN03030008,1 RUE DU DOCTEUR GRONICH,40220 TARNOS
TN03030009,1 RUE DU DOCTEUR GRONICH,40220 TARNOS
TN03030010,1 RUE DU DOCTEUR GRONICH,40220 TARNOS
TN03040001,9 RUE DU DOCTEUR GRONICH,40220 TARNOS
TN03040002,9 RUE DU DOCTEUR GRONICH,40220 TARNOS
TN03040003,9 RUE DU DOCTEUR GRONICH,40220 TARNOS
TN03040004,9 RUE DU DOCTEUR GRONICH,40220 TARNOS
TN03040005,9 RUE DU DOCTEUR GRONICH,40220 TARNOS
TN03040006,9 RUE DU DOCTEUR GRONICH,40220 TARNOS
TN03040007,9 RUE DU DOCTEUR GRONICH,40220 TARNOS
TN03040008,9 RUE DU DOCTEUR GRONICH,40220 TARNOS
TN03040009,9 RUE DU DOCTEUR GRONICH,40220 TARNOS
TN03040010,9 RUE DU DOCTEUR GRONICH,40220 TARNOS
TN03050001,11 RUE DU DOCTEUR GRONICH,40220 TARNOS
TN03050002,11 RUE DU DOCTEUR GRONICH,40220 TARNOS
TN03050003,11 RUE DU DOCTEUR GRONICH,40220 TARNOS
TN03050004,11 RUE DU DOCTEUR GRONICH,40220 TARNOS
TN03050005,11 RUE DU DOCTEUR GRONICH,40220 TARNOS
TN03050006,11 RUE DU DOCTEUR GRONICH,40220 TARNOS
TN03050007,11 RUE DU DOCTEUR GRONICH,40220 TARNOS
TN03050008,11 RUE DU DOCTEUR GRONICH,40220 TARNOS
TN03050009,11 RUE DU DOCTEUR GRONICH,40220 TARNOS
TN03050010,11 RUE DU DOCTEUR GRONICH,40220 TARNOS
TN03090001,19 RUE DU DOCTEUR GRONICH,40220 TARNOS
TN03090002,19 RUE DU DOCTEUR GRONICH,40220 TARNOS
TN03090003,19 RUE DU DOCTEUR GRONICH,40220 TARNOS
TN03090004,19 RUE DU DOCTEUR GRONICH,40220 TARNOS
TN03090005,19 RUE DU DOCTEUR GRONICH,40220 TARNOS
TN03090006,19 RUE DU DOCTEUR GRONICH,40220 TARNOS
TN03090007,19 RUE DU DOCTEUR GRONICH,40220 TARNOS
TN03090008,19 RUE DU DOCTEUR GRONICH,40220 TARNOS
TN03090009,19 RUE DU DOCTEUR GRONICH,40220 TARNOS
TN03090010,19 RUE DU DOCTEUR GRONICH,40220 TARNOS
TN03100001,21 RUE DU DOCTEUR GRONICH,40220 TARNOS
TN03100002,21 RUE DU DOCTEUR GRONICH,40220 TARNOS
TN03100003,21 RUE DU DOCTEUR GRONICH,40220 TARNOS
TN03100004,21 RUE DU DOCTEUR GRONICH,40220 TARNOS
TN03100005,21 RUE DU DOCTEUR GRONICH,40220 TARNOS
TN03100006,21 RUE DU DOCTEUR GRONICH,40220 TARNOS
TN03100007,21 RUE DU DOCTEUR GRONICH,40220 TARNOS
TN03100008,21 RUE DU DOCTEUR GRONICH,40220 TARNOS
TN03100009,21 RUE DU DOCTEUR GRONICH,40220 TARNOS
TN03100010,21 RUE DU DOCTEUR GRONICH,40220 TARNOS
TN03110001,23 RUE DU DOCTEUR GRONICH,40220 TARNOS
TN03110002,23 RUE DU DOCTEUR GRONICH,40220 TARNOS
TN03110003,23 RUE DU DOCTEUR GRONICH,40220 TARNOS
TN03110004,23 RUE DU DOCTEUR GRONICH,40220 TARNOS
TN03110005,23 RUE DU DOCTEUR GRONICH,40220 TARNOS
TN03110006,23 RUE DU DOCTEUR GRONICH,40220 TARNOS
TN03110007,23 RUE DU DOCTEUR GRONICH,40220 TARNOS
TN03110008,23 RUE DU DOCTEUR GRONICH,40220 TARNOS
TN03110009,23 RUE DU DOCTEUR GRONICH,40220 TARNOS
TN03110010,23 RUE DU DOCTEUR GRONICH,40220 TARNOS
TN03120001,25 RUE DU DOCTEUR GRONICH,40220 TARNOS
TN03120002,25 RUE DU DOCTEUR GRONICH,40220 TARNOS
TN03120003,25 RUE DU DOCTEUR GRONICH,40220 TARNOS
TN03120004,25 RUE DU DOCTEUR GRONICH,40220 TARNOS
TN03120005,25 RUE DU DOCTEUR GRONICH,40220 TARNOS
TN03120006,25 RUE DU DOCTEUR GRONICH,40220 TARNOS
TN03120007,25 RUE DU DOCTEUR GRONICH,40220 TARNOS
TN03120008,25 RUE DU DOCTEUR GRONICH,40220 TARNOS
TN03120009,25 RUE DU DOCTEUR GRONICH,40220 TARNOS
TN03130001,27 RUE DU DOCTEUR GRONICH,40220 TARNOS
TN03130002,27 RUE DU DOCTEUR GRONICH,40220 TARNOS
TN03130003,27 RUE DU DOCTEUR GRONICH,40220 TARNOS
TN03130004,27 RUE DU DOCTEUR GRONICH,40220 TARNOS
TN03130005,27 RUE DU DOCTEUR GRONICH,40220 TARNOS
TN03130006,27 RUE DU DOCTEUR GRONICH,40220 TARNOS
TN03130007,27 RUE DU DOCTEUR GRONICH,40220 TARNOS
TN03130008,27 RUE DU DOCTEUR GRONICH,40220 TARNOS
TN03130009,27 RUE DU DOCTEUR GRONICH,40220 TARNOS
TN03130010,27 RUE DU DOCTEUR GRONICH,40220 TARNOS
TN03140001,29 RUE DU DOCTEUR GRONICH,40220 TARNOS
TN03140002,29 RUE DU DOCTEUR GRONICH,40220 TARNOS
TN03140003,29 RUE DU DOCTEUR GRONICH,40220 TARNOS
TN03140004,29 RUE DU DOCTEUR GRONICH,40220 TARNOS
TN03140005,29 RUE DU DOCTEUR GRONICH,40220 TARNOS
TN03140006,29 RUE DU DOCTEUR GRONICH,40220 TARNOS
TN03140007,29 RUE DU DOCTEUR GRONICH,40220 TARNOS
TN03140008,29 RUE DU DOCTEUR GRONICH,40220 TARNOS
TN03140009,29 RUE DU DOCTEUR GRONICH,40220 TARNOS
TN03140010,29 RUE DU DOCTEUR GRONICH,40220 TARNOS
TN03150001,31 RUE DU DOCTEUR GRONICH,40220 TARNOS
TN03150002,31 RUE DU DOCTEUR GRONICH,40220 TARNOS
TN03150003,31 RUE DU DOCTEUR GRONICH,40220 TARNOS
TN03150004,31 RUE DU DOCTEUR GRONICH,40220 TARNOS
TN03150005,31 RUE DU DOCTEUR GRONICH,40220 TARNOS
TN03150006,31 RUE DU DOCTEUR GRONICH,40220 TARNOS
TN03150007,31 RUE DU DOCTEUR GRONICH,40220 TARNOS
TN03150008,31 RUE DU DOCTEUR GRONICH,40220 TARNOS
TN03160001,33 RUE DU DOCTEUR GRONICH,40220 TARNOS
TN03160002,33 RUE DU DOCTEUR GRONICH,40220 TARNOS
TN03160003,33 RUE DU DOCTEUR GRONICH,40220 TARNOS
TN03160004,33 RUE DU DOCTEUR GRONICH,40220 TARNOS
TN03160005,33 RUE DU DOCTEUR GRONICH,40220 TARNOS
TN03160006,33 RUE DU DOCTEUR GRONICH,40220 TARNOS
TN03160007,33 RUE DU DOCTEUR GRONICH,40220 TARNOS
TN03160008,33 RUE DU DOCTEUR GRONICH,40220 TARNOS
TN03160009,33 RUE DU DOCTEUR GRONICH,40220 TARNOS
TN03160010,33 RUE DU DOCTEUR GRONICH,40220 TARNOS
TN03170001,35 RUE DU DOCTEUR GRONICH,40220 TARNOS
TN03170002,35 RUE DU DOCTEUR GRONICH,40220 TARNOS
TN03170003,35 RUE DU DOCTEUR GRONICH,40220 TARNOS
TN03170004,35 RUE DU DOCTEUR GRONICH,40220 TARNOS
TN03170005,35 RUE DU DOCTEUR GRONICH,40220 TARNOS
TN03170006,35 RUE DU DOCTEUR GRONICH,40220 TARNOS
TN03170007,35 RUE DU DOCTEUR GRONICH,40220 TARNOS
TN03170008,35 RUE DU DOCTEUR GRONICH,40220 TARNOS
TN03170009,35 RUE DU DOCTEUR GRONICH,40220 TARNOS
TN03170010,35 RUE DU DOCTEUR GRONICH,40220 TARNOS
TN04010001,38 RUE DU 19 MARS 1962,40220 TARNOS
TN04010002,36 RUE DU 19 MARS 1962,40220 TARNOS
TN04010003,34 RUE DU 19 MARS 1962,40220 TARNOS
TN04010004,32 RUE DU 19 MARS 1962,40220 TARNOS
TN04010005,30 RUE DU 19 MARS 1962,40220 TARNOS
TN04010006,28 RUE DU 19 MARS 1962,40220 TARNOS
TN04010007,26 RUE DU 19 MARS 1962,40220 TARNOS
TN04010008,24 RUE DU 19 MARS 1962,40220 TARNOS
TN04010009,22 RUE DU 19 MARS 1962,40220 TARNOS
TN04010010,20 RUE DU 19 MARS 1962,40220 TARNOS
TN04010011,18 RUE DU 19 MARS 1962,40220 TARNOS
TN04010012,16 RUE DU 19 MARS 1962,40220 TARNOS
TN04010013,14 RUE DU 19 MARS 1962,40220 TARNOS
TN04010014,12 RUE DU 19 MARS 1962,40220 TARNOS
TN04010015,10 RUE DU 19 MARS 1962,40220 TARNOS
TN04010016,8 RUE DU 19 MARS 1962,40220 TARNOS
TN04010017,6 RUE DU 19 MARS 1962,40220 TARNOS
TN04010018,4 RUE DU 19 MARS 1962,40220 TARNOS
TN04010019,2 RUE DU 19 MARS 1962,40220 TARNOS
TN04010020,2 RUE DU 19 MARS 1962,40220 TARNOS
TN05010011,2 RUE DE LA CROIX,40220 TARNOS
TN05010012,2 RUE DE LA CROIX,40220 TARNOS
TN05010013,2 RUE DE LA CROIX,40220 TARNOS
TN05010014,2 RUE DE LA CROIX,40220 TARNOS
TN05010015,2 RUE DE LA CROIX,40220 TARNOS
TN05010016,2 RUE DE LA CROIX,40220 TARNOS
TN05010017,2 RUE DE LA CROIX,40220 TARNOS
TN05010018,2 RUE DE LA CROIX,40220 TARNOS
TN05020001,1 RUE DE LA CROIX,40220 TARNOS
TN05020002,1 RUE DE LA CROIX,40220 TARNOS
TN05020003,1 RUE DE LA CROIX,40220 TARNOS
TN05020004,1 RUE DE LA CROIX,40220 TARNOS
TN05020005,1 RUE DE LA CROIX,40220 TARNOS
TN05020006,1 RUE DE LA CROIX,40220 TARNOS
TN05020007,1 RUE DE LA CROIX,40220 TARNOS
TN05020008,1 RUE DE LA CROIX,40220 TARNOS
TN05020009,1 RUE DE LA CROIX,40220 TARNOS
TN05020010,1 RUE DE LA CROIX,40220 TARNOS
TN05020011,1 RUE DE LA CROIX,40220 TARNOS
TN05020012,1 RUE DE LA CROIX,40220 TARNOS
TN05020013,1 RUE DE LA CROIX,40220 TARNOS
TN05020014,1 RUE DE LA CROIX,40220 TARNOS
TN05020015,1 RUE DE LA CROIX,40220 TARNOS
TN05030001,3 RUE DE LA CROIX,40220 TARNOS
TN05030002,3 RUE DE LA CROIX,40220 TARNOS
TN05030003,3 RUE DE LA CROIX,40220 TARNOS
TN05030004,3 RUE DE LA CROIX,40220 TARNOS
TN05030005,3 RUE DE LA CROIX,40220 TARNOS
TN05030006,3 RUE DE LA CROIX,40220 TARNOS
TN05030007,3 RUE DE LA CROIX,40220 TARNOS
TN05030008,3 RUE DE LA CROIX,40220 TARNOS
TN05030009,3 RUE DE LA CROIX,40220 TARNOS
TN05030010,3 RUE DE LA CROIX,40220 TARNOS
TN05030011,3 RUE DE LA CROIX,40220 TARNOS
TN05030012,3 RUE DE LA CROIX,40220 TARNOS
TN05030013,3 RUE DE LA CROIX,40220 TARNOS
TN05030014,3 RUE DE LA CROIX,40220 TARNOS
TN05030015,3 RUE DE LA CROIX,40220 TARNOS
TN05040001,4 RUE DE LA CROIX,40220 TARNOS
TN05040002,4 RUE DE LA CROIX,40220 TARNOS
TN05040003,4 RUE DE LA CROIX,40220 TARNOS
TN05040004,4 RUE DE LA CROIX,40220 TARNOS
TN05040005,4 RUE DE LA CROIX,40220 TARNOS
TN05040006,4 RUE DE LA CROIX,40220 TARNOS
TN05040007,4 RUE DE LA CROIX,40220 TARNOS
TN05040008,4 RUE DE LA CROIX,40220 TARNOS
TN05040009,4 RUE DE LA CROIX,40220 TARNOS
TN05040010,4 RUE DE LA CROIX,40220 TARNOS
TN05040011,4 RUE DE LA CROIX,40220 TARNOS
TN05040012,4 RUE DE LA CROIX,40220 TARNOS
TN05040013,4 RUE DE LA CROIX,40220 TARNOS
TN05040015,4 RUE DE LA CROIX,40220 TARNOS
TN06010001,7 RUE DE LA CROIX,40220 TARNOS
TN06010002,7 RUE DE LA CROIX,40220 TARNOS
TN06010003,7 RUE DE LA CROIX,40220 TARNOS
TN06010004,7 RUE DE LA CROIX,40220 TARNOS
TN06010005,7 RUE DE LA CROIX,40220 TARNOS
TN06010006,7 RUE DE LA CROIX,40220 TARNOS
TN06010007,7 RUE DE LA CROIX,40220 TARNOS
TN06010008,7 RUE DE LA CROIX,40220 TARNOS
TN06010009,7 RUE DE LA CROIX,40220 TARNOS
TN06010010,7 RUE DE LA CROIX,40220 TARNOS
TN06010011,7 RUE DE LA CROIX,40220 TARNOS
TN06010012,7 RUE DE LA CROIX,40220 TARNOS
TN06010013,7 RUE DE LA CROIX,40220 TARNOS
TN06010014,7 RUE DE LA CROIX,40220 TARNOS
TN06010015,7 RUE DE LA CROIX,40220 TARNOS
TN06020001,9 RUE DE LA CROIX,40220 TARNOS
TN06020002,9 RUE DE LA CROIX,40220 TARNOS
TN06020003,9 RUE DE LA CROIX,40220 TARNOS
TN06020004,9 RUE DE LA CROIX,40220 TARNOS
TN06020005,9 RUE DE LA CROIX,40220 TARNOS
TN06020006,9 RUE DE LA CROIX,40220 TARNOS
TN06020007,9 RUE DE LA CROIX,40220 TARNOS
TN06020008,9 RUE DE LA CROIX,40220 TARNOS
TN06020009,9 RUE DE LA CROIX,40220 TARNOS
TN06020010,9 RUE DE LA CROIX,40220 TARNOS
TN06020011,9 RUE DE LA CROIX,40220 TARNOS
TN06020012,9 RUE DE LA CROIX,40220 TARNOS
TN06020013,9 RUE DE LA CROIX,40220 TARNOS
TN06020014,9 RUE DE LA CROIX,40220 TARNOS
TN06020015,9 RUE DE LA CROIX,40220 TARNOS
TN07010001,6 RUE DE LA CROIX,40220 TARNOS
TN07010002,6 RUE DE LA CROIX,40220 TARNOS
TN07010003,6 RUE DE LA CROIX,40220 TARNOS
TN07010004,6 RUE DE LA CROIX,40220 TARNOS
TN07010005,6 RUE DE LA CROIX,40220 TARNOS
TN07010006,6 RUE DE LA CROIX,40220 TARNOS
TN07010007,6 RUE DE LA CROIX,40220 TARNOS
TN07010008,6 RUE DE LA CROIX,40220 TARNOS
TN07010009,6 RUE DE LA CROIX,40220 TARNOS
TN07010010,6 RUE DE LA CROIX,40220 TARNOS
TN07010011,6 RUE DE LA CROIX,40220 TARNOS
TN07010012,6 RUE DE LA CROIX,40220 TARNOS
TN07010013,6 RUE DE LA CROIX,40220 TARNOS
TN07010014,6 RUE DE LA CROIX,40220 TARNOS
TN07010015,6 RUE DE LA CROIX,40220 TARNOS
TN07020001,5 RUE DE LA CROIX,40220 TARNOS
TN07020002,5 RUE DE LA CROIX,40220 TARNOS
TN07020003,5 RUE DE LA CROIX,40220 TARNOS
TN07020004,5 RUE DE LA CROIX,40220 TARNOS
TN07020005,5 RUE DE LA CROIX,40220 TARNOS
TN07020006,5 RUE DE LA CROIX,40220 TARNOS
TN07020007,5 RUE DE LA CROIX,40220 TARNOS
TN07020008,5 RUE DE LA CROIX,40220 TARNOS
TN07020009,5 RUE DE LA CROIX,40220 TARNOS
TN07020010,5 RUE DE LA CROIX,40220 TARNOS
TN07020011,5 RUE DE LA CROIX,40220 TARNOS
TN07020012,5 RUE DE LA CROIX,40220 TARNOS
TN07020013,5 RUE DE LA CROIX,40220 TARNOS
TN07020014,5 RUE DE LA CROIX,40220 TARNOS
TN07020015,5 RUE DE LA CROIX,40220 TARNOS
TN08010001,1 IMPASSE DE L'ARRIOU,40220 TARNOS
TN08010002,2 IMPASSE DE L'ARRIOU,40220 TARNOS
TN08010003,3 IMPASSE DE L'ARRIOU,40220 TARNOS
TN08010004,4 IMPASSE DE L'ARRIOU,40220 TARNOS
TN08010005,5 IMPASSE DE L'ARRIOU,40220 TARNOS
TN08010006,6 IMPASSE DE L'ARRIOU,40220 TARNOS
TN08010007,7 IMPASSE DE L'ARRIOU,40220 TARNOS
TN08010008,8 IMPASSE DE L'ARRIOU,40220 TARNOS
TN08010009,9 IMPASSE DE L'ARRIOU,40220 TARNOS
TN08010010,10 IMPASSE DE L'ARRIOU,40220 TARNOS
TN08010011,11 IMPASSE DE L'ARRIOU,40220 TARNOS
TN08010012,12 IMPASSE DE L'ARRIOU,40220 TARNOS
TN08010013,1 IMPASSE DE LA TEOULERE,40220 TARNOS
TN08010014,2 IMPASSE DE LA TEOULERE,40220 TARNOS
TN08010015,3 IMPASSE DE LA TEOULERE,40220 TARNOS
TN08010016,4 IMPASSE DE LA TEOULERE,40220 TARNOS
TN08010017,5 IMPASSE DE LA TEOULERE,40220 TARNOS
TN08010018,6 IMPASSE DE LA TEOULERE,40220 TARNOS
TN08010019,7 IMPASSE DE LA TEOULERE,40220 TARNOS
TN08010020,8 IMPASSE DE LA TEOULERE,40220 TARNOS
TN08010021,9 IMPASSE DE LA TEOULERE,40220 TARNOS
TN08010022,10 IMPASSE DE LA TEOULERE,40220 TARNOS
TN08010023,11 IMPASSE DE LA TEOULERE,40220 TARNOS
TN08010024,12 IMPASSE DE LA TEOULERE,40220 TARNOS
TN08010025,13 IMPASSE DE LA TEOULERE,40220 TARNOS
TN08010026,14 IMPASSE DE LA TEOULERE,40220 TARNOS
TN09010001,32 AVENUE JOSEPH PONSOLLE,40220 TARNOS
TN09010002,32 AVENUE JOSEPH PONSOLLE,40220 TARNOS
TN09010003,32 AVENUE JOSEPH PONSOLLE,40220 TARNOS
TN09010004,32 AVENUE JOSEPH PONSOLLE,40220 TARNOS
TN09010005,32 AVENUE JOSEPH PONSOLLE,40220 TARNOS
TN09010006,32 AVENUE JOSEPH PONSOLLE,40220 TARNOS
TN09010007,32 AVENUE JOSEPH PONSOLLE,40220 TARNOS
TN09010008,32 AVENUE JOSEPH PONSOLLE,40220 TARNOS
TN09010009,32 AVENUE JOSEPH PONSOLLE,40220 TARNOS
TN09010010,32 AVENUE JOSEPH PONSOLLE,40220 TARNOS
TN09010011,32 AVENUE JOSEPH PONSOLLE,40220 TARNOS
TN09020001,30 AVENUE JOSEPH PONSOLLE,40220 TARNOS
TN09020002,30 AVENUE JOSEPH PONSOLLE,40220 TARNOS
TN09020003,30 AVENUE JOSEPH PONSOLLE,40220 TARNOS
TN09020004,30 AVENUE JOSEPH PONSOLLE,40220 TARNOS
TN09020005,30 AVENUE JOSEPH PONSOLLE,40220 TARNOS
TN09020006,30 AVENUE JOSEPH PONSOLLE,40220 TARNOS
TN09020007,30 AVENUE JOSEPH PONSOLLE,40220 TARNOS
TN09020008,30 AVENUE JOSEPH PONSOLLE,40220 TARNOS
TN09030001,28 AVENUE JOSEPH PONSOLLE,40220 TARNOS
TN09030002,28 AVENUE JOSEPH PONSOLLE,40220 TARNOS
TN09030003,28 AVENUE JOSEPH PONSOLLE,40220 TARNOS
TN09030004,28 AVENUE JOSEPH PONSOLLE,40220 TARNOS
TN09030005,28 AVENUE JOSEPH PONSOLLE,40220 TARNOS
TN09030006,28 AVENUE JOSEPH PONSOLLE,40220 TARNOS
TN09030007,28 AVENUE JOSEPH PONSOLLE,40220 TARNOS
TN09030008,28 AVENUE JOSEPH PONSOLLE,40220 TARNOS
TN09040001,26 AVENUE JOSEPH PONSOLLE,40220 TARNOS
TN09040002,26 AVENUE JOSEPH PONSOLLE,40220 TARNOS
TN09040003,26 AVENUE JOSEPH PONSOLLE,40220 TARNOS
TN09040004,26 AVENUE JOSEPH PONSOLLE,40220 TARNOS
TN09040005,26 AVENUE JOSEPH PONSOLLE,40220 TARNOS
TN09040006,26 AVENUE JOSEPH PONSOLLE,40220 TARNOS
TN09040007,26 AVENUE JOSEPH PONSOLLE,40220 TARNOS
TN09040008,26 AVENUE JOSEPH PONSOLLE,40220 TARNOS
TN09040009,26 AVENUE JOSEPH PONSOLLE,40220 TARNOS
TN09040010,26 AVENUE JOSEPH PONSOLLE,40220 TARNOS
TN09040011,26 AVENUE JOSEPH PONSOLLE,40220 TARNOS
TN09050001,24 AVENUE JOSEPH PONSOLLE,40220 TARNOS
TN09050002,24 AVENUE JOSEPH PONSOLLE,40220 TARNOS
TN09050003,24 AVENUE JOSEPH PONSOLLE,40220 TARNOS
TN09050004,24 AVENUE JOSEPH PONSOLLE,40220 TARNOS
TN09050005,24 AVENUE JOSEPH PONSOLLE,40220 TARNOS
TN09050006,24 AVENUE JOSEPH PONSOLLE,40220 TARNOS
TN09050007,24 AVENUE JOSEPH PONSOLLE,40220 TARNOS
TN09050008,24 AVENUE JOSEPH PONSOLLE,40220 TARNOS
TN09050009,24 AVENUE JOSEPH PONSOLLE,40220 TARNOS
TN09050010,24 AVENUE JOSEPH PONSOLLE,40220 TARNOS
TN09050011,24 AVENUE JOSEPH PONSOLLE,40220 TARNOS
TN09050012,24 AVENUE JOSEPH PONSOLLE,40220 TARNOS
TN10010001,19 RUE EDITH PIAF,40220 TARNOS
TN10010002,17 RUE EDITH PIAF,40220 TARNOS
TN10010003,15 RUE EDITH PIAF,40220 TARNOS
TN10010004,13 RUE EDITH PIAF,40220 TARNOS
TN10010005,11 RUE EDITH PIAF,40220 TARNOS
TN10010006,9 RUE EDITH PIAF,40220 TARNOS
TN10010007,7 RUE EDITH PIAF,40220 TARNOS
TN10010008,5 RUE EDITH PIAF,40220 TARNOS
TN10010009,3 RUE EDITH PIAF,40220 TARNOS
TN10010010,1 RUE EDITH PIAF,40220 TARNOS
TN10010011,18 RUE EDITH PIAF,40220 TARNOS
TN10010012,16 RUE EDITH PIAF,40220 TARNOS
TN10010013,14 RUE EDITH PIAF,40220 TARNOS
TN10010014,12 RUE EDITH PIAF,40220 TARNOS
TN10010015,10 RUE EDITH PIAF,40220 TARNOS
TN10010016,8 RUE EDITH PIAF,40220 TARNOS
TN10010017,6 RUE EDITH PIAF,40220 TARNOS
TN10010018,4 RUE EDITH PIAF,40220 TARNOS
TN10010019,2 BIS RUE EDITH PIAF,40220 TARNOS
TN10010020,2 RUE EDITH PIAF,40220 TARNOS
TN10010021,2 RUE DU VIEUX PIANO,40220 TARNOS
TN10010022,4 RUE DU VIEUX PIANO,40220 TARNOS
TN10010023,6 RUE DU VIEUX PIANO,40220 TARNOS
TN10010024,8 RUE DU VIEUX PIANO,40220 TARNOS
TN10010025,10 RUE DU VIEUX PIANO,40220 TARNOS
TN10010026,12 RUE DU VIEUX PIANO,40220 TARNOS
TN10010027,14 RUE DU VIEUX PIANO,40220 TARNOS
TN10010028,16 RUE DU VIEUX PIANO,40220 TARNOS
TN10010029,14 BIS RUE DU VIEUX PIANO,40220 TARNOS
TN10010030,16 BIS RUE DU VIEUX PIANO,40220 TARNOS
TN11010001,9 RUE TICHENE,40220 TARNOS
TN11010002,9 RUE TICHENE,40220 TARNOS
TN11010003,9 RUE TICHENE,40220 TARNOS
TN11010004,9 RUE TICHENE,40220 TARNOS
TN11010005,9 RUE TICHENE,40220 TARNOS
TN11010006,9 RUE TICHENE,40220 TARNOS
TN11020001,7 RUE TICHENE,40220 TARNOS
TN11020002,7 RUE TICHENE,40220 TARNOS
TN11020003,7 RUE TICHENE,40220 TARNOS
TN11020004,7 RUE TICHENE,40220 TARNOS
TN11020005,7 RUE TICHENE,40220 TARNOS
TN11030001,4 RUE ANDRE BOUILLAR,40220 TARNOS
TN11030002,4 RUE ANDRE BOUILLAR,40220 TARNOS
TN11030003,4 RUE ANDRE BOUILLAR,40220 TARNOS
TN11030004,4 RUE ANDRE BOUILLAR,40220 TARNOS
TN11030005,4 RUE ANDRE BOUILLAR,40220 TARNOS
TN11030006,4 RUE ANDRE BOUILLAR,40220 TARNOS
TN11030007,4 RUE ANDRE BOUILLAR,40220 TARNOS
TN11030008,4 RUE ANDRE BOUILLAR,40220 TARNOS
TN11040001,4BIS RUE ANDRE BOUILLAR,40220 TARNOS
TN11040002,4BIS RUE ANDRE BOUILLAR,40220 TARNOS
TN11040003,4BIS RUE ANDRE BOUILLAR,40220 TARNOS
TN11040004,4BIS RUE ANDRE BOUILLAR,40220 TARNOS
TN11040005,4BIS RUE ANDRE BOUILLAR,40220 TARNOS
TN13010001,1 ALLEE LEO FERRE,40220 TARNOS
TN13010002,3 ALLEE LEO FERRE,40220 TARNOS
TN13010003,5 ALLEE LEO FERRE,40220 TARNOS
TN13010004,7 ALLEE LEO FERRE,40220 TARNOS
TN13010005,9 ALLEE LEO FERRE,40220 TARNOS
TN13010006,11 ALLEE LEO FERRE,40220 TARNOS
TN13010007,13 ALLEE LEO FERRE,40220 TARNOS
TN13010008,15 ALLEE LEO FERRE,40220 TARNOS
TN13010009,17 ALLEE LEO FERRE,40220 TARNOS
TN13010010,19 ALLEE LEO FERRE,40220 TARNOS
TN13010011,21 ALLEE LEO FERRE,40220 TARNOS
TN13010012,23 ALLEE LEO FERRE,40220 TARNOS
TN13010013,25 ALLEE LEO FERRE,40220 TARNOS
TN13010014,27 ALLEE LEO FERRE,40220 TARNOS
TN13010015,29 ALLEE LEO FERRE,40220 TARNOS
TN13010016,31 ALLEE LEO FERRE,40220 TARNOS
TN13010017,33 ALLEE LEO FERRE,40220 TARNOS
TN13010018,22 ALLEE LEO FERRE,40220 TARNOS
TN13010019,24 ALLEE LEO FERRE,40220 TARNOS
TN13010020,26 ALLEE LEO FERRE,40220 TARNOS
TN13010021,28 ALLEE LEO FERRE,40220 TARNOS
TN13010022,30 ALLEE LEO FERRE,40220 TARNOS
TN13010023,32 ALLEE LEO FERRE,40220 TARNOS
TN13010024,2 ALLEE LEO FERRE,40220 TARNOS
TN13010025,4 ALLEE LEO FERRE,40220 TARNOS
TN13010026,6 ALLEE LEO FERRE,40220 TARNOS
TN13010027,8 ALLEE LEO FERRE,40220 TARNOS
TN13010028,10 ALLEE LEO FERRE,40220 TARNOS
TN13010029,12 ALLEE LEO FERRE,40220 TARNOS
TN13010030,14 ALLEE LEO FERRE,40220 TARNOS
TN13010031,16 ALLEE LEO FERRE,40220 TARNOS
TN13010032,18 ALLEE LEO FERRE,40220 TARNOS
TN13010033,20 ALLEE LEO FERRE,40220 TARNOS
TN14010001,3 ALLEE D'OIHANA,40220 TARNOS
TN14010002,3 ALLEE D'OIHANA,40220 TARNOS
TN14010003,3 ALLEE D'OIHANA,40220 TARNOS
TN14010004,3 ALLEE D'OIHANA,40220 TARNOS
TN14010011,3 ALLEE D'OIHANA,40220 TARNOS
TN14010012,3 ALLEE D'OIHANA,40220 TARNOS
TN14010013,3 ALLEE D'OIHANA,40220 TARNOS
TN14010014,3 ALLEE D'OIHANA,40220 TARNOS
TN14010021,3 ALLEE D'OIHANA,40220 TARNOS
TN14010022,3 ALLEE D'OIHANA,40220 TARNOS
TN14010023,3 ALLEE D'OIHANA,40220 TARNOS
TN14010024,3 ALLEE D'OIHANA,40220 TARNOS
TN14020005,5 ALLEE D'OIHANA,40220 TARNOS
TN14020006,5 ALLEE D'OIHANA,40220 TARNOS
TN14020007,5 ALLEE D'OIHANA,40220 TARNOS
TN14020008,5 ALLEE D'OIHANA,40220 TARNOS
TN14020009,5 ALLEE D'OIHANA,40220 TARNOS
TN14020015,5 ALLEE D'OIHANA,40220 TARNOS
TN14020016,5 ALLEE D'OIHANA,40220 TARNOS
TN14020017,5 ALLEE D'OIHANA,40220 TARNOS
TN14020018,5 ALLEE D'OIHANA,40220 TARNOS
TN14020019,5 ALLEE D'OIHANA,40220 TARNOS
TN14020025,5 ALLEE D'OIHANA,40220 TARNOS
TN14020026,5 ALLEE D'OIHANA,40220 TARNOS
TN14020027,5 ALLEE D'OIHANA,40220 TARNOS
TN14020028,5 ALLEE D'OIHANA,40220 TARNOS
TN14020029,5 ALLEE D'OIHANA,40220 TARNOS
TN14030010,3 ALLEE D'OIHANA,40220 TARNOS
TN14030020,3 ALLEE D'OIHANA,40220 TARNOS
TN14030030,3 ALLEE D'OIHANA,40220 TARNOS
TN15010001,125 AVENUE LENINE,40220 TARNOS
TN16050001,2 ALLEE HELENE JACQUES SOLOMON,40220 TARNOS
TN16050002,2 ALLEE HELENE JACQUES SOLOMON,40220 TARNOS
TN16050003,2 ALLEE HELENE JACQUES SOLOMON,40220 TARNOS
TN16050004,2 ALLEE HELENE JACQUES SOLOMON,40220 TARNOS
TN16050005,2 ALLEE HELENE JACQUES SOLOMON,40220 TARNOS
TN16050006,2 ALLEE HELENE JACQUES SOLOMON,40220 TARNOS
TN16050007,2 ALLEE HELENE JACQUES SOLOMON,40220 TARNOS
TN16050008,2 ALLEE HELENE JACQUES SOLOMON,40220 TARNOS
TN16050009,2 ALLEE HELENE JACQUES SOLOMON,40220 TARNOS
TN16050010,2 ALLEE HELENE JACQUES SOLOMON,40220 TARNOS
TN16050011,2 ALLEE HELENE JACQUES SOLOMON,40220 TARNOS
TN16050012,2 ALLEE HELENE JACQUES SOLOMON,40220 TARNOS
TN16050013,2 ALLEE HELENE JACQUES SOLOMON,40220 TARNOS
TN16050014,2 ALLEE HELENE JACQUES SOLOMON,40220 TARNOS
TN16050015,2 ALLEE HELENE JACQUES SOLOMON,40220 TARNOS
TN16050016,2 ALLEE HELENE JACQUES SOLOMON,40220 TARNOS
TN16050017,2 ALLEE HELENE JACQUES SOLOMON,40220 TARNOS
TN16050018,2 ALLEE HELENE JACQUES SOLOMON,40220 TARNOS
TN16050019,2 ALLEE HELENE JACQUES SOLOMON,40220 TARNOS
TN16050020,2 ALLEE HELENE JACQUES SOLOMON,40220 TARNOS
TN16050021,2 ALLEE HELENE JACQUES SOLOMON,40220 TARNOS
TN16050022,2 ALLEE HELENE JACQUES SOLOMON,40220 TARNOS
TN16050023,2 ALLEE HELENE JACQUES SOLOMON,40220 TARNOS
TN16060001,2 RUE LISE ET ARTUR LONDON,40220 TARNOS
TN16060002,2 RUE LISE ET ARTUR LONDON,40220 TARNOS
TN16060003,2 RUE LISE ET ARTUR LONDON,40220 TARNOS
TN16060004,2 RUE LISE ET ARTUR LONDON,40220 TARNOS
TN16060005,2 RUE LISE ET ARTUR LONDON,40220 TARNOS
TN16060006,2 RUE LISE ET ARTUR LONDON,40220 TARNOS
TN16060007,2 RUE LISE ET ARTUR LONDON,40220 TARNOS
TN16060008,2 RUE LISE ET ARTUR LONDON,40220 TARNOS
TN16060009,2 RUE LISE ET ARTUR LONDON,40220 TARNOS
TN16060010,2 RUE LISE ET ARTUR LONDON,40220 TARNOS
TN16060011,2 RUE LISE ET ARTUR LONDON,40220 TARNOS
TN16060012,2 RUE LISE ET ARTUR LONDON,40220 TARNOS
TN16060013,2 RUE LISE ET ARTUR LONDON,40220 TARNOS
TN16060014,2 RUE LISE ET ARTUR LONDON,40220 TARNOS
TN16060015,2 RUE LISE ET ARTUR LONDON,40220 TARNOS
TN16060016,2 RUE LISE ET ARTUR LONDON,40220 TARNOS
TN16060017,2 RUE LISE ET ARTUR LONDON,40220 TARNOS
TN16060018,2 RUE LISE ET ARTUR LONDON,40220 TARNOS
TN16060019,2 RUE LISE ET ARTUR LONDON,40220 TARNOS
TN16060020,2 RUE LISE ET ARTUR LONDON,40220 TARNOS
TN17010001,12 RUE DU BOIS JOLY,40220 TARNOS
TN17010002,12 RUE DU BOIS JOLY,40220 TARNOS
TN17020003,12 RUE DU BOIS JOLY,40220 TARNOS
TN17020004,12 RUE DU BOIS JOLY,40220 TARNOS
TN17020005,12 RUE DU BOIS JOLY,40220 TARNOS
TN17020006,12 RUE DU BOIS JOLY,40220 TARNOS
TN17020007,12 RUE DU BOIS JOLY,40220 TARNOS
TN17020008,12 RUE DU BOIS JOLY,40220 TARNOS
TN17020009,12 RUE DU BOIS JOLY,40220 TARNOS
TN17020010,12 RUE DU BOIS JOLY,40220 TARNOS
TN17020011,12 RUE DU BOIS JOLY,40220 TARNOS
TN17020012,12 RUE DU BOIS JOLY,40220 TARNOS
TN17020013,12 RUE DU BOIS JOLY,40220 TARNOS
TN17020014,12 RUE DU BOIS JOLY,40220 TARNOS
TN19010001,2 RUE DE LA CROIX,40220 TARNOS
TN19010002,2 RUE DE LA CROIX,40220 TARNOS
TN20030001,5 PLACE ALEXANDRE VIRO,40220 TARNOS
TN20030002,5 PLACE ALEXANDRE VIRO,40220 TARNOS
TN20030003,5 PLACE ALEXANDRE VIRO,40220 TARNOS
TN20030004,5 PLACE ALEXANDRE VIRO,40220 TARNOS
TN20030011,5 PLACE ALEXANDRE VIRO,40220 TARNOS
TN20030012,5 PLACE ALEXANDRE VIRO,40220 TARNOS
TN20030013,5 PLACE ALEXANDRE VIRO,40220 TARNOS
TN20030014,5 PLACE ALEXANDRE VIRO,40220 TARNOS
TN20030021,5 PLACE ALEXANDRE VIRO,40220 TARNOS
TN20030022,5 PLACE ALEXANDRE VIRO,40220 TARNOS
TN20030023,5 PLACE ALEXANDRE VIRO,40220 TARNOS
TN20030024,5 PLACE ALEXANDRE VIRO,40220 TARNOS
TN20030031,5 PLACE ALEXANDRE VIRO,40220 TARNOS
TN20030032,5 PLACE ALEXANDRE VIRO,40220 TARNOS
TN20030033,5 PLACE ALEXANDRE VIRO,40220 TARNOS
TN20030041,5 PLACE ALEXANDRE VIRO,40220 TARNOS
TN20030042,5 PLACE ALEXANDRE VIRO,40220 TARNOS
TN20030043,5 PLACE ALEXANDRE VIRO,40220 TARNOS
TN20030044,5 PLACE ALEXANDRE VIRO,40220 TARNOS
TN21010001,77 QUATER AVENUE JULIAN GRIMAU,40220 TARNOS
TN21010002,77 QUATER AVENUE JULIAN GRIMAU,40220 TARNOS
TR01010001,23 IMPASSE CHINAN,40630 TRENSACQ
TR01010002,33 IMPASSE CHINAN,40630 TRENSACQ
TR01010003,41 IMPASSE CHINAN,40630 TRENSACQ
TR01010005,62 IMPASSE CHINAN,40630 TRENSACQ
TR01010006,44 IMPASSE CHINAN,40630 TRENSACQ
TT01010001,27 RUE DUBROCA DEPRET,40400 TARTAS
TT01010002,27 RUE DUBROCA DEPRET,40400 TARTAS
TT01010003,27 RUE DUBROCA DEPRET,40400 TARTAS
TT01010004,27 RUE DUBROCA DEPRET,40400 TARTAS
TT01010005,27 RUE DUBROCA DEPRET,40400 TARTAS
TT01010006,27 RUE DUBROCA DEPRET,40400 TARTAS
TT01010007,27 RUE DUBROCA DEPRET,40400 TARTAS
TT01010008,27 RUE DUBROCA DEPRET,40400 TARTAS
TT01010009,27 RUE DUBROCA DEPRET,40400 TARTAS
TT01010010,27 RUE DUBROCA DEPRET,40400 TARTAS
TT01010011,27 RUE DUBROCA DEPRET,40400 TARTAS
TT01010012,27 RUE DUBROCA DEPRET,40400 TARTAS
TT01010013,27 RUE DUBROCA DEPRET,40400 TARTAS
TT01010014,27 RUE DUBROCA DEPRET,40400 TARTAS
TT01020001,40 ALLEE DARET,40400 TARTAS
TT01020002,40 ALLEE DARET,40400 TARTAS
TT01020003,40 ALLEE DARET,40400 TARTAS
TT01020004,40 ALLEE DARET,40400 TARTAS
TT01020005,40 ALLEE DARET,40400 TARTAS
TT01020006,40 ALLEE DARET,40400 TARTAS
TT01020007,40 ALLEE DARET,40400 TARTAS
TT01020008,40 ALLEE DARET,40400 TARTAS
TT01020009,40 ALLEE DARET,40400 TARTAS
TT01020010,40 ALLEE DARET,40400 TARTAS
TT01020011,40 ALLEE DARET,40400 TARTAS
TT01020012,40 ALLEE DARET,40400 TARTAS
TT01020013,40 ALLEE DARET,40400 TARTAS
TT03010001,3 ALLEE NAVARRE,40400 TARTAS
TT03010002,3 ALLEE NAVARRE,40400 TARTAS
TT03010003,3 ALLEE NAVARRE,40400 TARTAS
TT03010004,3 ALLEE NAVARRE,40400 TARTAS
TT03010005,3 ALLEE NAVARRE,40400 TARTAS
TT03010006,3 ALLEE NAVARRE,40400 TARTAS
TT03010007,3 ALLEE NAVARRE,40400 TARTAS
TT03010008,3 ALLEE NAVARRE,40400 TARTAS
TT03010009,3 ALLEE NAVARRE,40400 TARTAS
TT03010010,3 ALLEE NAVARRE,40400 TARTAS
TT03010011,3 ALLEE NAVARRE,40400 TARTAS
TT03010012,3 ALLEE NAVARRE,40400 TARTAS
TT04010001,243 RUE DOCTEUR CALMETTE,40400 TARTAS
TT04010002,243 RUE DOCTEUR CALMETTE,40400 TARTAS
TT04010003,253 RUE DOCTEUR CALMETTE,40400 TARTAS
UP01140011,HAMEAU DE LA FONTAINE,40090 UCHACQ-ET-PARENTIS
UP01140012,HAMEAU DE LA FONTAINE,40090 UCHACQ-ET-PARENTIS
UP01140041,HAMEAU DE LA FONTAINE,40090 UCHACQ-ET-PARENTIS
UP01140042,HAMEAU DE LA FONTAINE,40090 UCHACQ-ET-PARENTIS
UP01140061,HAMEAU DE LA FONTAINE,40090 UCHACQ-ET-PARENTIS
UP01140062,HAMEAU DE LA FONTAINE,40090 UCHACQ-ET-PARENTIS
UP01140071,HAMEAU DE LA FONTAINE,40090 UCHACQ-ET-PARENTIS
UP01140121,HAMEAU DE LA FONTAINE,40090 UCHACQ-ET-PARENTIS
UP01140151,HAMEAU DE LA FONTAINE,40090 UCHACQ-ET-PARENTIS
UP01140152,HAMEAU DE LA FONTAINE,40090 UCHACQ-ET-PARENTIS
UP01140172,HAMEAU DE LA FONTAINE,40090 UCHACQ-ET-PARENTIS
VB01120101,1 RUE ROBERT WLERICK,40480 VIEUX-BOUCAU-LES-BAINS
VB01120102,1 RUE ROBERT WLERICK,40480 VIEUX-BOUCAU-LES-BAINS
VB01120113,1 RUE ROBERT WLERICK,40480 VIEUX-BOUCAU-LES-BAINS
VB01120114,1 RUE ROBERT WLERICK,40480 VIEUX-BOUCAU-LES-BAINS
VB01120125,1 RUE ROBERT WLERICK,40480 VIEUX-BOUCAU-LES-BAINS
VB01120126,1 RUE ROBERT WLERICK,40480 VIEUX-BOUCAU-LES-BAINS
VB01120207,1 RUE ROBERT WLERICK,40480 VIEUX-BOUCAU-LES-BAINS
VB01120208,1 RUE ROBERT WLERICK,40480 VIEUX-BOUCAU-LES-BAINS
VB01120219,1 RUE ROBERT WLERICK,40480 VIEUX-BOUCAU-LES-BAINS
VB01122110,1 RUE ROBERT WLERICK,40480 VIEUX-BOUCAU-LES-BAINS
VB01122211,1 RUE ROBERT WLERICK,40480 VIEUX-BOUCAU-LES-BAINS
VB01122212,1 RUE ROBERT WLERICK,40480 VIEUX-BOUCAU-LES-BAINS
VB02010001,1 RUE PAUL VERLAINE,40480 VIEUX-BOUCAU-LES-BAINS
VB02010002,3 RUE PAUL VERLAINE,40480 VIEUX-BOUCAU-LES-BAINS
VB02010003,5 RUE PAUL VERLAINE,40480 VIEUX-BOUCAU-LES-BAINS
VB02010004,7 RUE PAUL VERLAINE,40480 VIEUX-BOUCAU-LES-BAINS
VB02010005,9 RUE PAUL VERLAINE,40480 VIEUX-BOUCAU-LES-BAINS
VB02010006,1 RUE CHARLES BAUDELAIRE,40480 VIEUX-BOUCAU-LES-BAINS
VB02010007,3 RUE CHARLES BAUDELAIRE,40480 VIEUX-BOUCAU-LES-BAINS
VB02010009,7 RUE CHARLES BAUDELAIRE,40480 VIEUX-BOUCAU-LES-BAINS
VB03010011,2 RUE EDMOND ROSTAND,40480 VIEUX-BOUCAU-LES-BAINS
VB03010012,4 RUE EDMOND ROSTAND,40480 VIEUX-BOUCAU-LES-BAINS
VB03010015,8 RUE EDMOND ROSTAND,40480 VIEUX-BOUCAU-LES-BAINS
VB03010016,2 RUE PIERRE LOTI,40480 VIEUX-BOUCAU-LES-BAINS
VB03010017,4 RUE PIERRE LOTI,40480 VIEUX-BOUCAU-LES-BAINS
VB03010018,6 RUE PIERRE LOTI,40480 VIEUX-BOUCAU-LES-BAINS
VB03010019,8 RUE PIERRE LOTI,40480 VIEUX-BOUCAU-LES-BAINS
VB03010020,10 RUE PIERRE LOTI,40480 VIEUX-BOUCAU-LES-BAINS
VB04010001,RUE DE LA GARE,40480 VIEUX-BOUCAU-LES-BAINS
VB04010002,RUE DE LA GARE,40480 VIEUX-BOUCAU-LES-BAINS
VB04010003,RUE DE LA GARE,40480 VIEUX-BOUCAU-LES-BAINS
VB04010004,RUE DE LA GARE,40480 VIEUX-BOUCAU-LES-BAINS
VB04010005,RUE DE LA GARE,40480 VIEUX-BOUCAU-LES-BAINS
VB04010006,RUE DE LA GARE,40480 VIEUX-BOUCAU-LES-BAINS
VB04020007,RUE DE LA GENDARMERIE,40480 VIEUX-BOUCAU-LES-BAINS
VB04020008,RUE DE LA GENDARMERIE,40480 VIEUX-BOUCAU-LES-BAINS
VB04020009,RUE DE LA GENDARMERIE,40480 VIEUX-BOUCAU-LES-BAINS
VB04020010,RUE DE LA GENDARMERIE,40480 VIEUX-BOUCAU-LES-BAINS
VB04020011,RUE DE LA GENDARMERIE,40480 VIEUX-BOUCAU-LES-BAINS
VB04020012,RUE DE LA GENDARMERIE,40480 VIEUX-BOUCAU-LES-BAINS
VB05010001,27 RUE MADO CAZIN,40480 VIEUX-BOUCAU-LES-BAINS
VB05010002,27 RUE MADO CAZIN,40480 VIEUX-BOUCAU-LES-BAINS
VB05010003,27 RUE MADO CAZIN,40480 VIEUX-BOUCAU-LES-BAINS
VB05010004,27 RUE MADO CAZIN,40480 VIEUX-BOUCAU-LES-BAINS
VB05010005,27 RUE MADO CAZIN,40480 VIEUX-BOUCAU-LES-BAINS
VB05010006,27 RUE MADO CAZIN,40480 VIEUX-BOUCAU-LES-BAINS
VI02010001,IMPASSE LAHITTE,40230 SAINT-VINCENT-DE-TYROSSE
VI02010002,IMPASSE LAHITTE,40230 SAINT-VINCENT-DE-TYROSSE
VI02010003,IMPASSE LAHITTE,40230 SAINT-VINCENT-DE-TYROSSE
VI02010004,IMPASSE LAHITTE,40230 SAINT-VINCENT-DE-TYROSSE
VI02010005,IMPASSE LAHITTE,40230 SAINT-VINCENT-DE-TYROSSE
VI02010006,IMPASSE LAHITTE,40230 SAINT-VINCENT-DE-TYROSSE
VI02010007,IMPASSE LAHITTE,40230 SAINT-VINCENT-DE-TYROSSE
VI02010008,IMPASSE LAHITTE,40230 SAINT-VINCENT-DE-TYROSSE
VI02010009,IMPASSE LAHITTE,40230 SAINT-VINCENT-DE-TYROSSE
VI02010010,IMPASSE LAHITTE,40230 SAINT-VINCENT-DE-TYROSSE
VI02010011,IMPASSE LAHITTE,40230 SAINT-VINCENT-DE-TYROSSE
VI02020001,IMPASSE LAHITTE,40230 SAINT-VINCENT-DE-TYROSSE
VI02020002,IMPASSE LAHITTE,40230 SAINT-VINCENT-DE-TYROSSE
VI02020003,IMPASSE LAHITTE,40230 SAINT-VINCENT-DE-TYROSSE
VI02020004,IMPASSE LAHITTE,40230 SAINT-VINCENT-DE-TYROSSE
VI02020005,IMPASSE LAHITTE,40230 SAINT-VINCENT-DE-TYROSSE
VI02020006,IMPASSE LAHITTE,40230 SAINT-VINCENT-DE-TYROSSE
VI02020007,IMPASSE LAHITTE,40230 SAINT-VINCENT-DE-TYROSSE
VI02020008,IMPASSE LAHITTE,40230 SAINT-VINCENT-DE-TYROSSE
VI02020009,IMPASSE LAHITTE,40230 SAINT-VINCENT-DE-TYROSSE
VI02020010,IMPASSE LAHITTE,40230 SAINT-VINCENT-DE-TYROSSE
VI02020011,IMPASSE LAHITTE,40230 SAINT-VINCENT-DE-TYROSSE
VI02030001,AVENUE DU MAYSOUOT,40230 SAINT-VINCENT-DE-TYROSSE
VI02030002,AVENUE DU MAYSOUOT,40230 SAINT-VINCENT-DE-TYROSSE
VI02030003,AVENUE DU MAYSOUOT,40230 SAINT-VINCENT-DE-TYROSSE
VI02030004,AVENUE DU MAYSOUOT,40230 SAINT-VINCENT-DE-TYROSSE
VI02030005,AVENUE DU MAYSOUOT,40230 SAINT-VINCENT-DE-TYROSSE
VI02030006,AVENUE DU MAYSOUOT,40230 SAINT-VINCENT-DE-TYROSSE
VI02030007,AVENUE DU MAYSOUOT,40230 SAINT-VINCENT-DE-TYROSSE
VI02030008,AVENUE DU MAYSOUOT,40230 SAINT-VINCENT-DE-TYROSSE
VI02030009,AVENUE DU MAYSOUOT,40230 SAINT-VINCENT-DE-TYROSSE
VI02030010,AVENUE DU MAYSOUOT,40230 SAINT-VINCENT-DE-TYROSSE
VI02030011,AVENUE DU MAYSOUOT,40230 SAINT-VINCENT-DE-TYROSSE
VI02040001,AVENUE DU MAYSOUOT,40230 SAINT-VINCENT-DE-TYROSSE
VI02040002,AVENUE DU MAYSOUOT,40230 SAINT-VINCENT-DE-TYROSSE
VI02040003,AVENUE DU MAYSOUOT,40230 SAINT-VINCENT-DE-TYROSSE
VI02040004,AVENUE DU MAYSOUOT,40230 SAINT-VINCENT-DE-TYROSSE
VI02040005,AVENUE DU MAYSOUOT,40230 SAINT-VINCENT-DE-TYROSSE
VI02040006,AVENUE DU MAYSOUOT,40230 SAINT-VINCENT-DE-TYROSSE
VI02040007,AVENUE DU MAYSOUOT,40230 SAINT-VINCENT-DE-TYROSSE
VI02040008,AVENUE DU MAYSOUOT,40230 SAINT-VINCENT-DE-TYROSSE
VI02040009,AVENUE DU MAYSOUOT,40230 SAINT-VINCENT-DE-TYROSSE
VI02040010,AVENUE DU MAYSOUOT,40230 SAINT-VINCENT-DE-TYROSSE
VI02040011,AVENUE DU MAYSOUOT,40230 SAINT-VINCENT-DE-TYROSSE
VI03010001,RUE DE LA BANIERE LOGT NO 1,40230 SAINT-VINCENT-DE-TYROSSE
VI03010002,RUE DE LA BANIERE LOGT NO 2,40230 SAINT-VINCENT-DE-TYROSSE
VI03010003,RUE DE LA BANIERE LOGT NO 3,40230 SAINT-VINCENT-DE-TYROSSE
VI03010004,RUE DE LA CITE,40230 SAINT-VINCENT-DE-TYROSSE
VI03010005,RUE DE LA BANIERE LOGT NO 5,40230 SAINT-VINCENT-DE-TYROSSE
VI03010006,RUE DE LA BANIERE LOGT NO 6,40230 SAINT-VINCENT-DE-TYROSSE
VI03010007,RUE DE LA BANIERE LOGT NO 7,40230 SAINT-VINCENT-DE-TYROSSE
VI03010008,RUE DE LA BANIERE LOGT NO 8,40230 SAINT-VINCENT-DE-TYROSSE
VI03010010,RUE DE LA BANIERE LOGT NO 10,40230 SAINT-VINCENT-DE-TYROSSE
VI03010011,RUE DE LA BANIERE LOGT NO 11,40230 SAINT-VINCENT-DE-TYROSSE
VI03010012,RUE DE LA BANIERE LOGT NO 12,40230 SAINT-VINCENT-DE-TYROSSE
VI03010013,IMPASSE DU BLASON LOGT NO 13,40230 SAINT-VINCENT-DE-TYROSSE
VI03010014,IMPASSE DU BLASON LOGT NO 14,40230 SAINT-VINCENT-DE-TYROSSE
VI03010015,IMPASSE DU BLASON LOGT NO 15,40230 SAINT-VINCENT-DE-TYROSSE
VI03010016,IMPASSE DU BLASON LOGT NO 16,40230 SAINT-VINCENT-DE-TYROSSE
VI03010017,IMPASSE DU BLASON LOGT NO 17,40230 SAINT-VINCENT-DE-TYROSSE
VI03010018,IMPASSE DU BLASON LOGT NO 18,40230 SAINT-VINCENT-DE-TYROSSE
VI03010019,IMPASSE DU BLASON LOGT NO 19,40230 SAINT-VINCENT-DE-TYROSSE
VI03010020,IMPASSE DU BLASON LOGT NO 20,40230 SAINT-VINCENT-DE-TYROSSE
VI03010021,IMPASSE DU BLASON LOGT NO 21,40230 SAINT-VINCENT-DE-TYROSSE
VI03010022,IMPASSE DU BLASON LOGT NO 22,40230 SAINT-VINCENT-DE-TYROSSE
VI04010001,1 RUE BAYOLLE,40230 SAINT-VINCENT-DE-TYROSSE
VI04010002,2 RUE BAYOLLE,40230 SAINT-VINCENT-DE-TYROSSE
VI04010003,3 RUE BAYOLLE,40230 SAINT-VINCENT-DE-TYROSSE
VI04010004,4 RUE BAYOLLE,40230 SAINT-VINCENT-DE-TYROSSE
VI04010005,5 RUE DE L'AOUILHE,40230 SAINT-VINCENT-DE-TYROSSE
VI04010006,6 RUE DE L'AOUILHE,40230 SAINT-VINCENT-DE-TYROSSE
VI04010007,7 RUE DE L'AOUILHE,40230 SAINT-VINCENT-DE-TYROSSE
VI04010008,8 RUE DE L'AOUILHE,40230 SAINT-VINCENT-DE-TYROSSE
VI04010009,9 RUE CANTERE,40230 SAINT-VINCENT-DE-TYROSSE
VI04010010,10 RUE CANTERE,40230 SAINT-VINCENT-DE-TYROSSE
VI04010012,12 RUE CANTERE,40230 SAINT-VINCENT-DE-TYROSSE
VI04010013,13 RUE CANTERE,40230 SAINT-VINCENT-DE-TYROSSE
VI04010014,14 RUE DE L'AOUILHE,40230 SAINT-VINCENT-DE-TYROSSE
VI04010015,15 RUE DE L'AOUILHE,40230 SAINT-VINCENT-DE-TYROSSE
VI04010016,16 RUE DE L'AOUILHE,40230 SAINT-VINCENT-DE-TYROSSE
VI04010017,17 RUE DE L'AOUILHE,40230 SAINT-VINCENT-DE-TYROSSE
VI04010018,18 RUE DE L'AOUILHE,40230 SAINT-VINCENT-DE-TYROSSE
VI04010019,19 RUE DE L'AOUILHE,40230 SAINT-VINCENT-DE-TYROSSE
VI04010020,20 RUE DE L'AOUILHE,40230 SAINT-VINCENT-DE-TYROSSE
VI04010021,21 RUE CANTERE,40230 SAINT-VINCENT-DE-TYROSSE
VI04010023,23 RUE CANTERE,40230 SAINT-VINCENT-DE-TYROSSE
VI04010025,25 RUE DE L'AOUILHE,40230 SAINT-VINCENT-DE-TYROSSE
VI04010026,26 RUE DE L'AOUILHE,40230 SAINT-VINCENT-DE-TYROSSE
VI04010029,29 RUE DE L'AOUILHE,40230 SAINT-VINCENT-DE-TYROSSE
VI04010030,30 RUE DE L'AOUILHE,40230 SAINT-VINCENT-DE-TYROSSE
VI05010002,41 RUE DES GENETS,40230 SAINT-VINCENT-DE-TYROSSE
VI05010003,43 RUE DES GENETS,40230 SAINT-VINCENT-DE-TYROSSE
VI05010004,45 RUE DES GENETS,40230 SAINT-VINCENT-DE-TYROSSE
VI05010005,47 RUE DES GENETS,40230 SAINT-VINCENT-DE-TYROSSE
VI05010007,33 RUE DES COQUELICOTS,40230 SAINT-VINCENT-DE-TYROSSE
VI05010009,29 RUE DES COQUELICOTS,40230 SAINT-VINCENT-DE-TYROSSE
VI05010010,27 RUE DES COQUELICOTS,40230 SAINT-VINCENT-DE-TYROSSE
VI05010012,23 RUE DES COQUELICOTS,40230 SAINT-VINCENT-DE-TYROSSE
VI05010013,21 RUE DES COQUELICOTS,40230 SAINT-VINCENT-DE-TYROSSE
VI05010015,17 RUE DES COQUELICOTS,40230 SAINT-VINCENT-DE-TYROSSE
VI05010016,15 RUE DES COQUELICOTS,40230 SAINT-VINCENT-DE-TYROSSE
VI05010017,11 RUE DES COQUELICOTS,40230 SAINT-VINCENT-DE-TYROSSE
VI05010018,9 RUE DES COQUELICOTS,40230 SAINT-VINCENT-DE-TYROSSE
VI05010019,7 RUE DES COQUELICOTS,40230 SAINT-VINCENT-DE-TYROSSE
VI05010020,5 RUE DES COQUELICOTS,40230 SAINT-VINCENT-DE-TYROSSE
VI05010021,3 RUE DES COQUELICOTS,40230 SAINT-VINCENT-DE-TYROSSE
VI05010022,1 RUE DES COQUELICOTS,40230 SAINT-VINCENT-DE-TYROSSE
VI05010023,16 RUE DES COQUELICOTS,40230 SAINT-VINCENT-DE-TYROSSE
VI05010024,14 RUE DES COQUELICOTS,40230 SAINT-VINCENT-DE-TYROSSE
VI05010025,12 RUE DES COQUELICOTS,40230 SAINT-VINCENT-DE-TYROSSE
VI05010026,10 RUE DES COQUELICOTS,40230 SAINT-VINCENT-DE-TYROSSE
VI05010029,4 RUE DES COQUELICOTS,40230 SAINT-VINCENT-DE-TYROSSE
VI05010030,2 RUE DES COQUELICOTS,40230 SAINT-VINCENT-DE-TYROSSE
VI06010001,3 AVENUE DU RESINIER,40230 SAINT-VINCENT-DE-TYROSSE
VI06010002,5 AVENUE DU RESINIER,40230 SAINT-VINCENT-DE-TYROSSE
VI06010003,1 IMPASSE DU HAPCHOT,40230 SAINT-VINCENT-DE-TYROSSE
VI06010005,6 IMPASSE DU HAPCHOT,40230 SAINT-VINCENT-DE-TYROSSE
VI06010006,4 IMPASSE DU HAPCHOT,40230 SAINT-VINCENT-DE-TYROSSE
VI06010007,2 IMPASSE DU HAPCHOT,40230 SAINT-VINCENT-DE-TYROSSE
VI06010008,7 AVENUE DU RESINIER,40230 SAINT-VINCENT-DE-TYROSSE
VI06010009,9 AVENUE DU RESINIER,40230 SAINT-VINCENT-DE-TYROSSE
VI06010010,11 AVENUE DU RESINIER,40230 SAINT-VINCENT-DE-TYROSSE
VI06010011,15 AVENUE DU RESINIER,40230 SAINT-VINCENT-DE-TYROSSE
VI06010012,17 AVENUE DU RESINIER,40230 SAINT-VINCENT-DE-TYROSSE
VI06010013,19 AVENUE DU RESINIER,40230 SAINT-VINCENT-DE-TYROSSE
VI06010014,21 AVENUE DU RESINIER,40230 SAINT-VINCENT-DE-TYROSSE
VI06010016,25 AVENUE DU RESINIER,40230 SAINT-VINCENT-DE-TYROSSE
VI06010017,27 AVENUE DU RESINIER,40230 SAINT-VINCENT-DE-TYROSSE
VI06010018,1 IMPASSE DU BAREUSQUIT,40230 SAINT-VINCENT-DE-TYROSSE
VI06010019,3 IMPASSE DU BAREUSQUIT,40230 SAINT-VINCENT-DE-TYROSSE
VI06010020,5 IMPASSE DU BAREUSQUIT,40230 SAINT-VINCENT-DE-TYROSSE
VI06010021,4 IMPASSE DU BAREUSQUIT,40230 SAINT-VINCENT-DE-TYROSSE
VI06010022,2 IMPASSE DU BAREUSQUIT,40230 SAINT-VINCENT-DE-TYROSSE
VI06010023,16 AVENUE DU RESINIER,40230 SAINT-VINCENT-DE-TYROSSE
VI06010024,14 AVENUE DU RESINIER,40230 SAINT-VINCENT-DE-TYROSSE
VI06010025,12 AVENUE DU RESINIER,40230 SAINT-VINCENT-DE-TYROSSE
VI06010026,10 AVENUE DU RESINIER,40230 SAINT-VINCENT-DE-TYROSSE
VI06010027,8 AVENUE DU RESINIER,40230 SAINT-VINCENT-DE-TYROSSE
VI06010028,6 AVENUE DU RESINIER,40230 SAINT-VINCENT-DE-TYROSSE
VI06010029,4 AVENUE DU RESINIER,40230 SAINT-VINCENT-DE-TYROSSE
VI06010030,2 AVENUE DU RESINIER,40230 SAINT-VINCENT-DE-TYROSSE
VI07010001,1 ALLEE DES PRIMEVERES,40230 SAINT-VINCENT-DE-TYROSSE
VI07010002,2 ALLEE DES PRIMEVERES,40230 SAINT-VINCENT-DE-TYROSSE
VI07010003,3 ALLEE DES PRIMEVERES,40230 SAINT-VINCENT-DE-TYROSSE
VI07010006,6 ALLEE DES PRIMEVERES,40230 SAINT-VINCENT-DE-TYROSSE
VI07010007,7 ALLEE DES PRIMEVERES,40230 SAINT-VINCENT-DE-TYROSSE
VI07010008,8 ALLEE DES PRIMEVERES,40230 SAINT-VINCENT-DE-TYROSSE
VI07010009,9 ALLEE DES PRIMEVERES,40230 SAINT-VINCENT-DE-TYROSSE
VI07010010,10 ALLEE DES PRIMEVERES,40230 SAINT-VINCENT-DE-TYROSSE
VI07010011,11 ALLEE DES PRIMEVERES,40230 SAINT-VINCENT-DE-TYROSSE
VI07010012,12 ALLEE DES PRIMEVERES,40230 SAINT-VINCENT-DE-TYROSSE
VI07010013,13 ALLEE DES PRIMEVERES,40230 SAINT-VINCENT-DE-TYROSSE
VI07010014,14 ALLEE DES PRIMEVERES,40230 SAINT-VINCENT-DE-TYROSSE
VI07010015,15 ALLEE DES PRIMEVERES,40230 SAINT-VINCENT-DE-TYROSSE
VI07010016,16 ALLEE DES PRIMEVERES,40230 SAINT-VINCENT-DE-TYROSSE
VI07010017,17 ALLEE DES PRIMEVERES,40230 SAINT-VINCENT-DE-TYROSSE
VI07010018,18 ALLEE DES PRIMEVERES,40230 SAINT-VINCENT-DE-TYROSSE
VI08010019,19 ALLEE DES PRIMEVERES,40230 SAINT-VINCENT-DE-TYROSSE
VI08010020,20 ALLEE DES PRIMEVERES,40230 SAINT-VINCENT-DE-TYROSSE
VI08010021,21 ALLEE DES PRIMEVERES,40230 SAINT-VINCENT-DE-TYROSSE
VI08010022,22 ALLEE DES PRIMEVERES,40230 SAINT-VINCENT-DE-TYROSSE
VI08010023,23 ALLEE DES PRIMEVERES,40230 SAINT-VINCENT-DE-TYROSSE
VI08010024,24 ALLEE DES PRIMEVERES,40230 SAINT-VINCENT-DE-TYROSSE
VI08010025,25 ALLEE DES PRIMEVERES,40230 SAINT-VINCENT-DE-TYROSSE
VI08010026,26 ALLEE DES PRIMEVERES,40230 SAINT-VINCENT-DE-TYROSSE
VI08010027,27 ALLEE DES PRIMEVERES,40230 SAINT-VINCENT-DE-TYROSSE
VI08010028,28 ALLEE DES PRIMEVERES,40230 SAINT-VINCENT-DE-TYROSSE
VI08010029,29 ALLEE DES PRIMEVERES,40230 SAINT-VINCENT-DE-TYROSSE
VI08010030,30 ALLEE DES PRIMEVERES,40230 SAINT-VINCENT-DE-TYROSSE
VI08010031,31 ALLEE DES PRIMEVERES,40230 SAINT-VINCENT-DE-TYROSSE
VI08010032,32 ALLEE DES PRIMEVERES,40230 SAINT-VINCENT-DE-TYROSSE
VI08010033,33 ALLEE DES PRIMEVERES,40230 SAINT-VINCENT-DE-TYROSSE
VI08010034,34 ALLEE DES PRIMEVERES,40230 SAINT-VINCENT-DE-TYROSSE
VI09010002,26 ALLEE BRANDELIS,40230 SAINT-VINCENT-DE-TYROSSE
VI09010003,26 ALLEE BRANDELIS,40230 SAINT-VINCENT-DE-TYROSSE
VI09010005,26 ALLEE BRANDELIS,40230 SAINT-VINCENT-DE-TYROSSE
VI09010006,26 ALLEE BRANDELIS,40230 SAINT-VINCENT-DE-TYROSSE
VI09010007,26 ALLEE BRANDELIS,40230 SAINT-VINCENT-DE-TYROSSE
VI09010008,26 ALLEE BRANDELIS,40230 SAINT-VINCENT-DE-TYROSSE
VI09010009,26 ALLEE BRANDELIS,40230 SAINT-VINCENT-DE-TYROSSE
VI09010010,26 ALLEE BRANDELIS,40230 SAINT-VINCENT-DE-TYROSSE
VI09020012,26 ALLEE BRANDELIS,40230 SAINT-VINCENT-DE-TYROSSE
VI09020013,26 ALLEE BRANDELIS,40230 SAINT-VINCENT-DE-TYROSSE
VI09020014,26 ALLEE BRANDELIS,40230 SAINT-VINCENT-DE-TYROSSE
VI09020016,26 ALLEE BRANDELIS,40230 SAINT-VINCENT-DE-TYROSSE
VI09020017,26 ALLEE BRANDELIS,40230 SAINT-VINCENT-DE-TYROSSE
VI09020018,26 ALLEE BRANDELIS,40230 SAINT-VINCENT-DE-TYROSSE
VI09020019,26 ALLEE BRANDELIS,40230 SAINT-VINCENT-DE-TYROSSE
VI09020020,26 ALLEE BRANDELIS,40230 SAINT-VINCENT-DE-TYROSSE
VI10010001,26 ALLEE BRANDELIS,40230 SAINT-VINCENT-DE-TYROSSE
VI10010004,26 ALLEE BRANDELIS,40230 SAINT-VINCENT-DE-TYROSSE
VI10020011,26 ALLEE BRANDELIS,40230 SAINT-VINCENT-DE-TYROSSE
VI10020015,26 ALLEE BRANDELIS,40230 SAINT-VINCENT-DE-TYROSSE
VI11010001,HAMEAU DE CHALONS,40230 SAINT-VINCENT-DE-TYROSSE
VI11010002,HAMEAU DE CHALONS,40230 SAINT-VINCENT-DE-TYROSSE
VI11010003,HAMEAU DE CHALONS,40230 SAINT-VINCENT-DE-TYROSSE
VI11010004,HAMEAU DE CHALONS,40230 SAINT-VINCENT-DE-TYROSSE
VI11010005,HAMEAU DE CHALONS,40230 SAINT-VINCENT-DE-TYROSSE
VI11010006,HAMEAU DE CHALONS,40230 SAINT-VINCENT-DE-TYROSSE
VI11010007,HAMEAU DE CHALONS,40230 SAINT-VINCENT-DE-TYROSSE
VI11010008,HAMEAU DE CHALONS,40230 SAINT-VINCENT-DE-TYROSSE
VI11010009,HAMEAU DE CHALONS,40230 SAINT-VINCENT-DE-TYROSSE
VI11010010,HAMEAU DE CHALONS,40230 SAINT-VINCENT-DE-TYROSSE
VI11010011,HAMEAU DE CHALONS,40230 SAINT-VINCENT-DE-TYROSSE
VI11010012,HAMEAU DE CHALONS,40230 SAINT-VINCENT-DE-TYROSSE
VI11010013,HAMEAU DE CHALONS,40230 SAINT-VINCENT-DE-TYROSSE
VI11010014,HAMEAU DE CHALONS,40230 SAINT-VINCENT-DE-TYROSSE
VI11010015,HAMEAU DE CHALONS,40230 SAINT-VINCENT-DE-TYROSSE
VI11010016,HAMEAU DE CHALONS,40230 SAINT-VINCENT-DE-TYROSSE
VI11010017,HAMEAU DE CHALONS,40230 SAINT-VINCENT-DE-TYROSSE
VI11010018,HAMEAU DE CHALONS,40230 SAINT-VINCENT-DE-TYROSSE
VI11010019,HAMEAU DE CHALONS,40230 SAINT-VINCENT-DE-TYROSSE
VI11010020,HAMEAU DE CHALONS,40230 SAINT-VINCENT-DE-TYROSSE
VI11010021,HAMEAU DE CHALONS,40230 SAINT-VINCENT-DE-TYROSSE
VI11010022,HAMEAU DE CHALONS,40230 SAINT-VINCENT-DE-TYROSSE
VI11010023,HAMEAU DE CHALONS,40230 SAINT-VINCENT-DE-TYROSSE
VI11010024,HAMEAU DE CHALONS,40230 SAINT-VINCENT-DE-TYROSSE
VI11010025,HAMEAU DE CHALONS,40230 SAINT-VINCENT-DE-TYROSSE
VI11010026,HAMEAU DE CHALONS,40230 SAINT-VINCENT-DE-TYROSSE
VI11010027,HAMEAU DE CHALONS,40230 SAINT-VINCENT-DE-TYROSSE
VI11010028,HAMEAU DE CHALONS,40230 SAINT-VINCENT-DE-TYROSSE
VI11010029,HAMEAU DE CHALONS,40230 SAINT-VINCENT-DE-TYROSSE
VI11010030,HAMEAU DE CHALONS,40230 SAINT-VINCENT-DE-TYROSSE
VI12010001,2 BIS RUE DE TIREBESTE,40230 SAINT-VINCENT-DE-TYROSSE
VI12010002,2 BIS RUE DE TIREBESTE,40230 SAINT-VINCENT-DE-TYROSSE
VI12010003,2 BIS RUE DE TIREBESTE,40230 SAINT-VINCENT-DE-TYROSSE
VI12010004,2 BIS RUE DE TIREBESTE,40230 SAINT-VINCENT-DE-TYROSSE
VI12010005,2 BIS RUE DE TIREBESTE,40230 SAINT-VINCENT-DE-TYROSSE
VI12010006,2 BIS RUE DE TIREBESTE,40230 SAINT-VINCENT-DE-TYROSSE
VI12010007,2 BIS RUE DE TIREBESTE,40230 SAINT-VINCENT-DE-TYROSSE
VI12010008,2 BIS RUE DE TIREBESTE,40230 SAINT-VINCENT-DE-TYROSSE
VI12010009,2 BIS RUE DE TIREBESTE,40230 SAINT-VINCENT-DE-TYROSSE
VI12010010,2 BIS RUE DE TIREBESTE,40230 SAINT-VINCENT-DE-TYROSSE
VI13010001,1 HAMEAU DE LUCATET,40230 SAINT-VINCENT-DE-TYROSSE
VI13010002,3 HAMEAU DE LUCATET,40230 SAINT-VINCENT-DE-TYROSSE
VI13010003,6 HAMEAU DE LUCATET,40230 SAINT-VINCENT-DE-TYROSSE
VI13010004,10 HAMEAU DE LUCATET,40230 SAINT-VINCENT-DE-TYROSSE
VI13010005,12 HAMEAU DE LUCATET,40230 SAINT-VINCENT-DE-TYROSSE
VI14010001,14 AVENUE DU HITTAU,40230 SAINT-VINCENT-DE-TYROSSE
VI14010002,15 AVENUE DU STADE,40230 SAINT-VINCENT-DE-TYROSSE
VI14010003,16 AVENUE DU HITTAU,40230 SAINT-VINCENT-DE-TYROSSE
VI14010004,17 AVENUE DU STADE,40230 SAINT-VINCENT-DE-TYROSSE
VI14010005,18 AVENUE DU HITTAU,40230 SAINT-VINCENT-DE-TYROSSE
VI14010006,20 AVENUE DU HITTAU,40230 SAINT-VINCENT-DE-TYROSSE
VM01010001,759 AVENUE DES PYRENEES,40190 VILLENEUVE-DE-MARSAN
VM01010002,759 AVENUE DES PYRENEES,40190 VILLENEUVE-DE-MARSAN
VM01010003,759 AVENUE DES PYRENEES,40190 VILLENEUVE-DE-MARSAN
VM01010004,759 AVENUE DES PYRENEES,40190 VILLENEUVE-DE-MARSAN
VM01010005,759 AVENUE DES PYRENEES,40190 VILLENEUVE-DE-MARSAN
VM01010006,759 AVENUE DES PYRENEES,40190 VILLENEUVE-DE-MARSAN
VM01010007,759 AVENUE DES PYRENEES,40190 VILLENEUVE-DE-MARSAN
VM01010008,759 AVENUE DES PYRENEES,40190 VILLENEUVE-DE-MARSAN
VM01010009,759 AVENUE DES PYRENEES,40190 VILLENEUVE-DE-MARSAN
VM01010010,759 AVENUE DES PYRENEES,40190 VILLENEUVE-DE-MARSAN
VM01010011,759 AVENUE DES PYRENEES,40190 VILLENEUVE-DE-MARSAN
VM02010001,187 CHEMIN DU STADE,40190 VILLENEUVE-DE-MARSAN
VM02010002,187 CHEMIN DU STADE,40190 VILLENEUVE-DE-MARSAN
VM02010003,187 CHEMIN DU STADE,40190 VILLENEUVE-DE-MARSAN
VM02010004,187 CHEMIN DU STADE,40190 VILLENEUVE-DE-MARSAN
VM03010001,200 RUE PIERRE FARINES,40190 VILLENEUVE-DE-MARSAN
VM03010002,200 RUE PIERRE FARINES,40190 VILLENEUVE-DE-MARSAN
VM03010003,200 RUE PIERRE FARINES,40190 VILLENEUVE-DE-MARSAN
VM03010004,200 RUE PIERRE FARINES,40190 VILLENEUVE-DE-MARSAN
VM03010005,200 RUE PIERRE FARINES,40190 VILLENEUVE-DE-MARSAN
VM03010006,200 RUE PIERRE FARINES,40190 VILLENEUVE-DE-MARSAN
VM04010001,370 CHEMIN DE RIGOULET,40190 VILLENEUVE-DE-MARSAN
VM04010002,370 CHEMIN DE RIGOULET,40190 VILLENEUVE-DE-MARSAN
VM04010003,370 CHEMIN DE RIGOULET,40190 VILLENEUVE-DE-MARSAN
VM04010004,370 CHEMIN DE RIGOULET,40190 VILLENEUVE-DE-MARSAN
VM04010005,370 CHEMIN DE RIGOULET,40190 VILLENEUVE-DE-MARSAN
VM04010006,370 CHEMIN DE RIGOULET,40190 VILLENEUVE-DE-MARSAN
VM06010001,39 RUE DU 8 MAI 1945,40190 VILLENEUVE-DE-MARSAN
VM06010002,39 RUE DU 8 MAI 1945,40190 VILLENEUVE-DE-MARSAN
VM06010003,39 RUE DU 8 MAI 1945,40190 VILLENEUVE-DE-MARSAN
VM06010004,15 RUE DU 8 MAI 1945,40190 VILLENEUVE-DE-MARSAN
VT01010001,LES ARENES,40320 VIELLE-TURSAN
VT01010002,LES ARENES,40320 VIELLE-TURSAN
VT01010003,LES ARENES,40320 VIELLE-TURSAN
YA01010001,330 RUE JEAN VIVES,40400 SAINT-YAGUEN
YA01010002,330 RUE JEAN VIVES,40400 SAINT-YAGUEN
YA01010003,330 RUE JEAN VIVES,40400 SAINT-YAGUEN
YA01010004,330 RUE JEAN VIVES,40400 SAINT-YAGUEN
YA01010005,340 RUE JEAN VIVES,40400 SAINT-YAGUEN
YA01010006,340 RUE JEAN VIVES,40400 SAINT-YAGUEN
YA01010007,340 RUE JEAN VIVES,40400 SAINT-YAGUEN
YA01010008,340 RUE JEAN VIVES,40400 SAINT-YAGUEN
YC01010001,2 RUE DES ARBOUSIERS,40160 YCHOUX
YC01010002,2 RUE DES ARBOUSIERS,40160 YCHOUX
YC01010003,2 RUE DES ARBOUSIERS,40160 YCHOUX
YC01010004,2 RUE DES ARBOUSIERS,40160 YCHOUX
YC01010005,2 RUE DES ARBOUSIERS,40160 YCHOUX
YC01010006,4 RUE DES ARBOUSIERS,40160 YCHOUX
YC01010007,4 RUE DES ARBOUSIERS,40160 YCHOUX
YC01010008,4 RUE DES ARBOUSIERS,40160 YCHOUX
YC01010009,4 RUE DES ARBOUSIERS,40160 YCHOUX
YC01010010,4 RUE DES ARBOUSIERS,40160 YCHOUX
YC01010011,6 RUE DES ARBOUSIERS,40160 YCHOUX
YC01010012,6 RUE DES ARBOUSIERS,40160 YCHOUX
YC01010013,6 RUE DES ARBOUSIERS,40160 YCHOUX
YC01010014,6 RUE DES ARBOUSIERS,40160 YCHOUX
YC01010015,6 RUE DES ARBOUSIERS,40160 YCHOUX
YC01020001,8 RUE DES ARBOUSIERS,40160 YCHOUX
YC01020002,8 RUE DES ARBOUSIERS,40160 YCHOUX
YC01020003,8 RUE DES ARBOUSIERS,40160 YCHOUX
YC01020004,8 RUE DES ARBOUSIERS,40160 YCHOUX
YC01020005,8 RUE DES ARBOUSIERS,40160 YCHOUX
YC01020006,10 RUE DES ARBOUSIERS,40160 YCHOUX
YC01020007,10 RUE DES ARBOUSIERS,40160 YCHOUX
YC01020008,10 RUE DES ARBOUSIERS,40160 YCHOUX
YC01020009,10 RUE DES ARBOUSIERS,40160 YCHOUX
YC01020010,10 RUE DES ARBOUSIERS,40160 YCHOUX
YC01020011,12 RUE DES ARBOUSIERS,40160 YCHOUX
YC01020012,12 RUE DES ARBOUSIERS,40160 YCHOUX
YC01020013,12 RUE DES ARBOUSIERS,40160 YCHOUX
YC01020014,12 RUE DES ARBOUSIERS,40160 YCHOUX
YC01020015,12 RUE DES ARBOUSIERS,40160 YCHOUX
YC01030001,14 RUE DES ARBOUSIERS,40160 YCHOUX
YC01030002,14 RUE DES ARBOUSIERS,40160 YCHOUX
YC01030003,14 RUE DES ARBOUSIERS,40160 YCHOUX
YC01030004,14 RUE DES ARBOUSIERS,40160 YCHOUX
YC01030005,14 RUE DES ARBOUSIERS,40160 YCHOUX
YC01030006,16 RUE DES ARBOUSIERS,40160 YCHOUX
YC01030007,16 RUE DES ARBOUSIERS,40160 YCHOUX
YC01030008,16 RUE DES ARBOUSIERS,40160 YCHOUX
YC01030009,16 RUE DES ARBOUSIERS,40160 YCHOUX
YC01030010,16 RUE DES ARBOUSIERS,40160 YCHOUX
YC02010001,12 RUE DES GENETS,40160 YCHOUX
YC02010002,10 RUE DES GENETS,40160 YCHOUX
YC02010003,8 RUE DES GENETS,40160 YCHOUX
YC02010004,6 RUE DES GENETS,40160 YCHOUX
YC02010005,4 RUE DES GENETS,40160 YCHOUX
YC02010006,2 RUE DES GENETS,40160 YCHOUX
YC02010007,1 RUE DES GENETS,40160 YCHOUX
YC02010008,3 RUE DES GENETS,40160 YCHOUX
YC02010010,7 RUE DES GENETS,40160 YCHOUX
YC02010011,9 RUE DES GENETS,40160 YCHOUX
YC02010012,11 RUE DES GENETS,40160 YCHOUX
YC02010013,13 RUE DES GENETS,40160 YCHOUX
YC02010014,15 RUE DES GENETS,40160 YCHOUX
YC02010015,17 RUE DES GENETS,40160 YCHOUX
YC03010016,14 RUE DES GENETS,40160 YCHOUX
YC03010017,14 BIS RUE DES GENETS,40160 YCHOUX
YC03010018,18 RUE DES GENETS,40160 YCHOUX
YC03010019,18 BIS RUE DES GENETS,40160 YCHOUX
YC03010020,20 RUE DES GENETS,40160 YCHOUX
YC03010021,20 BIS RUE DES GENETS,40160 YCHOUX
YC03010022,16 BIS RUE DES GENETS,40160 YCHOUX
YC03010023,16 RUE DES GENETS,40160 YCHOUX
YC03010024,19 RUE DES GENETS,40160 YCHOUX
YC03010025,19 BIS RUE DES GENETS,40160 YCHOUX
YC03010026,21 RUE DES GENETS,40160 YCHOUX
YC03010027,23 RUE DES GENETS,40160 YCHOUX
YC03010028,23 BIS RUE DES GENETS,40160 YCHOUX
YC03010029,25 RUE DES GENETS,40160 YCHOUX
YC03010030,25 BIS RUE DES GENETS,40160 YCHOUX
YC04010001,16A RUE DES CHARDONNERETS,40160 YCHOUX
YC04010002,16B RUE DES CHARDONNERETS,40160 YCHOUX
YC04010003,16C RUE DES CHARDONNERETS,40160 YCHOUX
YC04010004,2 TER RUE DES ARBOUSIERS,40160 YCHOUX
YC04010005,2 BIS RUE DES ARBOUSIERS,40160 YCHOUX
YC04010006,1 RUE DES ARBOUSIERS,40160 YCHOUX
YC04010007,3 RUE DES ARBOUSIERS,40160 YCHOUX
YG01010001,3 RUE ROSE DES VENTS,40110 YGOS-SAINT-SATURNIN
YG01010002,5 RUE ROSE DES VENTS,40110 YGOS-SAINT-SATURNIN
YG01010003,9 RUE ROSE DES VENTS,40110 YGOS-SAINT-SATURNIN
YG01010005,20 RUE ROSE DES VENTS,40110 YGOS-SAINT-SATURNIN
YG01010007,14 RUE ROSE DES VENTS,40110 YGOS-SAINT-SATURNIN
YG01010008,10 RUE ROSE DES VENTS,40110 YGOS-SAINT-SATURNIN
YG01010009,6 RUE ROSE DES VENTS,40110 YGOS-SAINT-SATURNIN
YG01010010,4 RUE ROSE DES VENTS,40110 YGOS-SAINT-SATURNIN
YG02010001,106 RUE NICOLAS BREMONTIER,40110 YGOS-SAINT-SATURNIN
YG02010002,106 RUE NICOLAS BREMONTIER,40110 YGOS-SAINT-SATURNIN
YG02010003,106 RUE NICOLAS BREMONTIER,40110 YGOS-SAINT-SATURNIN
YG02010004,106 RUE NICOLAS BREMONTIER,40110 YGOS-SAINT-SATURNIN
YG03010001,31 IMPASSE DES HIRONDELLES,40110 YGOS-SAINT-SATURNIN
YG03010002,35 IMPASSE DES HIRONDELLES,40110 YGOS-SAINT-SATURNIN
YG03010003,51 IMPASSE DES HIRONDELLES,40110 YGOS-SAINT-SATURNIN
YG03010004,55 IMPASSE DES HIRONDELLES,40110 YGOS-SAINT-SATURNIN
YG03010005,81 IMPASSE DES HIRONDELLES,40110 YGOS-SAINT-SATURNIN
YG03010006,85 IMPASSE DES HIRONDELLES,40110 YGOS-SAINT-SATURNIN
YG03010007,84 IMPASSE DES HIRONDELLES,40110 YGOS-SAINT-SATURNIN
YG03010008,80 IMPASSE DES HIRONDELLES,40110 YGOS-SAINT-SATURNIN
YG03010009,54 IMPASSE DES HIRONDELLES,40110 YGOS-SAINT-SATURNIN
YG03010010,50 IMPASSE DES HIRONDELLES,40110 YGOS-SAINT-SATURNIN
YG03010011,34 IMPASSE DES HIRONDELLES,40110 YGOS-SAINT-SATURNIN
YG03010012,30 IMPASSE DES HIRONDELLES,40110 YGOS-SAINT-SATURNIN
